UH,Reserva,Valor,Data,Hora,Usuário,Qtde,Motivo
1011,56559615,-185.57,3/1/2022,02:05:00 AM,RFREITAS,1,ERRO DO SISTEMA
106,56752172,-1.25,3/1/2022,04:33:02 PM,FRIGOBAR.SUCT,1,ERRO DE LANÇAMENTO
106,56752172,-24.93,3/1/2022,04:33:02 PM,FRIGOBAR.SUCT,1,ERRO DE LANÇAMENTO
108,56679610,711.12,3/1/2022,01:42:06 AM,RFREITAS,1,Erro de Laçto
108,56679610,-0.01,3/1/2022,01:42:25 AM,RFREITAS,1,ERRO DO SISTEMA
108,56679610,0,3/1/2022,01:42:25 AM,RFREITAS,1,ERRO DO SISTEMA
1107,54619718,929.24,3/1/2022,01:44:51 AM,RFREITAS,1,Erro de Laçto
1109,54074061,0,3/1/2022,01:38:35 AM,RFREITAS,1,ERRO DO SISTEMA
1109,54074061,-0.01,3/1/2022,01:38:35 AM,RFREITAS,1,ERRO DO SISTEMA
1109,56796455,-200.14,3/1/2022,02:08:00 AM,RFREITAS,1,ERRO DO SISTEMA
1109,54074061,582.76,3/1/2022,01:38:11 AM,RFREITAS,1,Erro de Laçto
1203,56759126,-25,3/1/2022,11:41:00 PM,CFIOR,1,LCTO EM DUPLICIDADE
1203,56759126,-1.25,3/1/2022,11:41:00 PM,CFIOR,1,LCTO EM DUPLICIDADE
208,56655657,853.64,3/1/2022,01:47:12 AM,RFREITAS,1,Erro de Laçto
301,56445644,-10.57,3/1/2022,10:02:23 AM,CALOLIVEIRA,1,AUTORIZADO PELO GERENT
301,56445644,-0.53,3/1/2022,10:02:23 AM,CALOLIVEIRA,1,AUTORIZADO PELO GERENT
301,56445644,-10.57,3/1/2022,10:02:23 AM,CALOLIVEIRA,1,AUTORIZADO PELO GERENT
301,56445644,-10.57,3/1/2022,10:03:03 AM,CALOLIVEIRA,1,AUTORIZADO PELO GERENT
301,56445644,-10.57,3/1/2022,10:02:23 AM,CALOLIVEIRA,1,AUTORIZADO PELO GERENT
301,56445644,-0.53,3/1/2022,10:02:23 AM,CALOLIVEIRA,1,AUTORIZADO PELO GERENT
301,56445644,-0.53,3/1/2022,10:02:23 AM,CALOLIVEIRA,1,AUTORIZADO PELO GERENT
301,56445644,-0.53,3/1/2022,10:03:03 AM,CALOLIVEIRA,1,AUTORIZADO PELO GERENT
302,55967736,-8,3/1/2022,11:54:56 AM,LPADOVINO,2,HOSPEDE NÃO CONSUMIU
302,55967736,-8,3/1/2022,11:54:56 AM,LPADOVINO,1,HOSPEDE NÃO CONSUMIU
311,56785410,217.14,3/1/2022,01:54:59 AM,RFREITAS,1,ERRO DE LANÇAMENTO
311,56489145,141,3/1/2022,01:08:53 AM,RFREITAS,1,ERRO DE LANÇAMENTO
402,56642563,-0.48,3/1/2022,04:38:00 PM,FRIGOBAR.SUCT,1,AUTORIZADO PELO GERENT
402,56642563,-0.48,3/1/2022,04:38:00 PM,FRIGOBAR.SUCT,1,AUTORIZADO PELO GERENT
402,56642563,-0.48,3/1/2022,04:38:00 PM,FRIGOBAR.SUCT,1,AUTORIZADO PELO GERENT
402,56642563,-0.48,3/1/2022,04:38:00 PM,FRIGOBAR.SUCT,1,AUTORIZADO PELO GERENT
402,56642563,-9.51,3/1/2022,04:38:00 PM,FRIGOBAR.SUCT,1,AUTORIZADO PELO GERENT
402,56642563,-9.51,3/1/2022,04:38:00 PM,FRIGOBAR.SUCT,1,AUTORIZADO PELO GERENT
402,56642563,-9.51,3/1/2022,04:38:00 PM,FRIGOBAR.SUCT,1,AUTORIZADO PELO GERENT
402,56642563,-9.51,3/1/2022,04:38:00 PM,FRIGOBAR.SUCT,1,AUTORIZADO PELO GERENT
607,56736843,-154,3/1/2022,12:15:59 PM,LPADOVINO,1,ERRO DE LANÇAMENTO
607,56736843,-7.7,3/1/2022,12:15:59 PM,LPADOVINO,1,ERRO DE LANÇAMENTO
805,56546017,26.25,3/1/2022,10:11:02 AM,LPADOVINO,1,HOSPEDE NÃO CONSUMIU
807,56567642,-8,3/1/2022,09:36:00 AM,LPADOVINO,1,ERRO DO SISTEMA
811,56622724,-5,3/1/2022,06:49:19 AM,RFREITAS,1,ERRO DE LANÇAMENTO
901,55302890,-0.55,3/1/2022,09:26:21 AM,LPADOVINO,1,ERRO DO SISTEMA
901,55302890,-10.93,3/1/2022,09:26:21 AM,LPADOVINO,1,ERRO DO SISTEMA
901,55302890,-10.93,3/1/2022,09:26:21 AM,LPADOVINO,1,ERRO DO SISTEMA
901,55302890,-10.93,3/1/2022,09:26:21 AM,LPADOVINO,1,ERRO DO SISTEMA
901,55302890,-0.55,3/1/2022,09:26:21 AM,LPADOVINO,1,ERRO DO SISTEMA
901,55302890,-0.55,3/1/2022,09:26:21 AM,LPADOVINO,1,ERRO DO SISTEMA
910,56778562,18286,3/1/2022,01:54:59 PM,FRIGOBAR.SUCT,1,ERRO DE LANÇAMENTO
911,56782691,-467,3/1/2022,05:19:26 PM,CFIOR,1,ERRO DO SISTEMA
,,-1.25,3/1/2022,04:07:21 PM,FRIGOBAR.SUCT,1,ERRO DE LANÇAMENTO
,,-0.06,3/1/2022,04:07:21 PM,FRIGOBAR.SUCT,1,ERRO DE LANÇAMENTO
1007,55738060,180.73,3/2/2022,03:44:26 PM,RFELIZ,1,ERRO DE LANÇAMENTO
1011,56583133,2203.74,3/2/2022,12:15:59 AM,RFREITAS,1,ERRO DE LANÇAMENTO
109,56676093,-0.48,3/2/2022,01:22:35 PM,CALOLIVEIRA,1,AUTORIZADO PELO GERENT
109,56676093,-0.48,3/2/2022,01:22:35 PM,CALOLIVEIRA,1,AUTORIZADO PELO GERENT
109,56676093,-0.41,3/2/2022,01:22:35 PM,CALOLIVEIRA,1,AUTORIZADO PELO GERENT
109,56676093,-9.51,3/2/2022,01:22:35 PM,CALOLIVEIRA,1,AUTORIZADO PELO GERENT
109,56676093,-9.51,3/2/2022,01:22:35 PM,CALOLIVEIRA,1,AUTORIZADO PELO GERENT
109,56676093,-8.25,3/2/2022,01:22:35 PM,CALOLIVEIRA,1,AUTORIZADO PELO GERENT
109,56676093,-0.48,3/2/2022,01:22:35 PM,CALOLIVEIRA,1,AUTORIZADO PELO GERENT
109,56676093,-9.51,3/2/2022,01:22:35 PM,CALOLIVEIRA,1,AUTORIZADO PELO GERENT
1107,56810164,244.86,3/2/2022,01:22:13 AM,RFREITAS,1,ERRO DE LANÇAMENTO
1207,53215419,846.55,3/2/2022,01:10:06 AM,RFREITAS,1,Erro de Laçto
305,56445962,-13.55,3/2/2022,09:28:06 AM,RFELIZ,1,ERRO DE LANÇAMENTO
305,56445962,-13.55,3/2/2022,09:28:06 AM,RFELIZ,1,ERRO DE LANÇAMENTO
305,56445962,-271,3/2/2022,09:28:06 AM,RFELIZ,1,ERRO DE LANÇAMENTO
305,56445962,-271,3/2/2022,09:28:06 AM,RFELIZ,1,ERRO DE LANÇAMENTO
601,56441150,-12,3/2/2022,10:39:59 AM,RFELIZ,1,HOSPEDE NÃO CONSUMIU
603,56321015,636.29,3/2/2022,01:18:00 AM,RFREITAS,1,Erro de Laçto
709,56656408,629.36,3/2/2022,01:23:59 AM,RFREITAS,1,ERRO DE LANÇAMENTO
710,56178700,169.31,3/2/2022,08:20:13 AM,RFELIZ,1,Erro de Laçto
802,53215400,846.55,3/2/2022,01:13:16 AM,RFREITAS,1,Erro de Laçto
809,56660499,-225.33,3/2/2022,01:37:03 PM,CALOLIVEIRA,1,AUTORIZADO PELO GERENT
811,56776551,208.69,3/2/2022,01:04:02 AM,RFREITAS,1,Erro de Laçto
910,56713843,-25,3/2/2022,11:44:59 PM,RFREITAS,1,LCTO EM DUPLICIDADE
910,56713843,-1.25,3/2/2022,11:44:59 PM,RFREITAS,1,LCTO EM DUPLICIDADE
,,-1.25,3/2/2022,06:38:59 AM,RFREITAS,1,ERRO DE LANÇAMENTO
,,-0.06,3/2/2022,06:38:59 AM,RFREITAS,1,ERRO DE LANÇAMENTO
,56760604,868.56,3/2/2022,06:17:30 PM,CALOLIVEIRA,1,AUTORIZADO PELO GERENT
107,56756038,-104.92,3/3/2022,09:13:59 PM,RFELIZ,1,ERRO DE LANÇAMENTO
107,56756038,-5.25,3/3/2022,09:13:59 PM,RFELIZ,1,ERRO DE LANÇAMENTO
1106,56274661,-0.01,3/3/2022,12:26:30 PM,CALOLIVEIRA,1,AUTORIZADO PELO GERENT
1106,56274661,0,3/3/2022,12:26:30 PM,CALOLIVEIRA,1,AUTORIZADO PELO GERENT
1107,56810164,-12.05,3/3/2022,11:33:15 AM,LPADOVINO,1,ERRO DO SISTEMA
1107,56810164,-241,3/3/2022,11:33:15 AM,LPADOVINO,1,ERRO DO SISTEMA
1108,56274653,0,3/3/2022,12:56:19 PM,CALOLIVEIRA,1,AUTORIZADO PELO GERENT
1108,56274653,-0.01,3/3/2022,12:56:19 PM,CALOLIVEIRA,1,AUTORIZADO PELO GERENT
410,56809794,-5.18,3/3/2022,05:55:00 PM,RFELIZ,1,AUTORIZADO PELO GERENT
410,56734514,145.69,3/3/2022,08:27:15 AM,LPADOVINO,1,Erro de Laçto
410,56809794,-103.68,3/3/2022,05:55:00 PM,RFELIZ,1,AUTORIZADO PELO GERENT
505,56804652,173.22,3/3/2022,02:32:09 AM,RFREITAS,1,ERRO DE LANÇAMENTO
505,56804652,-5.65,3/3/2022,02:31:29 AM,RFREITAS,1,ERRO DO SISTEMA
505,56804652,-113.03,3/3/2022,02:31:29 AM,RFREITAS,1,ERRO DO SISTEMA
911,55798837,137,3/3/2022,11:57:40 AM,CALOLIVEIRA,1,AUTORIZADO PELO GERENT
,,68,3/3/2022,01:22:16 AM,RFREITAS,1,ERRO DE LANÇAMENTO
1004,56760736,148.84,3/4/2022,10:50:17 AM,LPADOVINO,1,ERRO DE LANÇAMENTO
407,56821719,26.25,3/4/2022,03:28:34 AM,RFELIZ,1,ERRO DE LANÇAMENTO
703,56740328,745.75,3/4/2022,04:26:17 AM,RFELIZ,1,Erro de Laçto
910,56768710,194.25,3/4/2022,04:17:20 AM,RFELIZ,1,Erro de Laçto
105,56772726,548.58,3/5/2022,12:45:00 AM,RFREITAS,1,ERRO DE LANÇAMENTO
107,56809654,-1.25,3/5/2022,08:39:00 PM,LPADOVINO,1,HOSPEDE NÃO CONSUMIU
107,56809654,-25,3/5/2022,08:39:00 PM,LPADOVINO,1,HOSPEDE NÃO CONSUMIU
107,56809654,365.72,3/5/2022,08:39:00 PM,LPADOVINO,1,HOSPEDE NÃO CONSUMIU
107,56809654,-182.86,3/5/2022,08:39:00 PM,LPADOVINO,1,HOSPEDE NÃO CONSUMIU
1106,56855028,-0.01,3/5/2022,05:30:59 AM,RFELIZ,1,ERRO DE LANÇAMENTO
1106,56855028,0.01,3/5/2022,05:30:00 AM,RFELIZ,1,ERRO DE LANÇAMENTO
1107,56738722,304.5,3/5/2022,12:19:53 AM,RFREITAS,1,ERRO DE LANÇAMENTO
1208,56839162,294.08,3/5/2022,04:16:59 PM,LPADOVINO,1,HOSPEDE NÃO CONSUMIU
202,56337906,182.86,3/5/2022,01:14:59 AM,RFREITAS,1,ERRO DE LANÇAMENTO
304,56516886,-16,3/5/2022,06:00:59 PM,LPADOVINO,2,LCTO EM DUPLICIDADE
701,56831404,-12,3/5/2022,11:13:36 AM,CFIOR,1,HOSPEDE NÃO CONSUMIU
701,56831404,-6,3/5/2022,11:13:36 AM,CFIOR,1,HOSPEDE NÃO CONSUMIU
702,56782470,434.28,3/5/2022,08:34:32 AM,LPADOVINO,1,HOSPEDE NÃO CONSUMIU
705,56146612,-8,3/5/2022,08:32:00 AM,CFIOR,1,HOSPEDE NÃO CONSUMIU
705,56146612,-12,3/5/2022,08:32:00 AM,CFIOR,1,HOSPEDE NÃO CONSUMIU
802,56771363,8,3/5/2022,07:53:50 PM,LPADOVINO,1,ERRO DE LANÇAMENTO
905,56804482,0.03,3/5/2022,12:11:59 AM,RFREITAS,1,ERRO DE LANÇAMENTO
907,56836562,-16,3/5/2022,07:22:32 PM,LPADOVINO,2,ERRO DO SISTEMA
101,56869517,-147.59,3/6/2022,10:10:08 PM,CFIOR,1,ERRO DO SISTEMA
101,56869517,-7.38,3/6/2022,10:10:08 PM,CFIOR,1,ERRO DO SISTEMA
109,56804679,-148.25,3/6/2022,05:32:00 PM,CFIOR,1,ERRO DO SISTEMA
1101,56779852,-16,3/6/2022,10:30:59 AM,LPADOVINO,4,ERRO DO SISTEMA
1102,56868480,-7.32,3/6/2022,01:48:00 AM,RFREITAS,1,ERRO DO SISTEMA
1102,56868480,-146.46,3/6/2022,01:48:00 AM,RFREITAS,1,ERRO DO SISTEMA
1202,56852134,-25,3/6/2022,12:42:00 AM,RFREITAS,1,LCTO EM DUPLICIDADE
1202,56852134,-1.25,3/6/2022,12:42:00 AM,RFREITAS,1,LCTO EM DUPLICIDADE
1208,56823215,-200.75,3/6/2022,01:50:59 AM,RFREITAS,1,ERRO DO SISTEMA
1209,56803656,-136.86,3/6/2022,03:56:45 PM,CFIOR,1,ERRO DO SISTEMA
1211,56845014,-230.48,3/6/2022,03:09:59 PM,CFIOR,1,ERRO DO SISTEMA
201,56869495,-146.46,3/6/2022,10:10:48 PM,CFIOR,1,ERRO DO SISTEMA
201,56869495,-7.32,3/6/2022,10:10:48 PM,CFIOR,1,ERRO DO SISTEMA
201,56809077,417.38,3/6/2022,01:33:27 AM,RFREITAS,1,Erro de Laçto
202,56753632,-162,3/6/2022,02:01:52 AM,RFREITAS,1,ERRO DO SISTEMA
202,56753632,-8.1,3/6/2022,02:01:52 AM,RFREITAS,1,ERRO DO SISTEMA
209,56862652,-112.11,3/6/2022,02:03:59 AM,RFREITAS,1,ERRO DO SISTEMA
209,56862652,-5.61,3/6/2022,02:03:59 AM,RFREITAS,1,ERRO DO SISTEMA
301,56869509,-123.46,3/6/2022,10:11:04 PM,CFIOR,1,ERRO DO SISTEMA
301,56869509,-6.17,3/6/2022,10:11:04 PM,CFIOR,1,ERRO DO SISTEMA
306,56855931,-206.8,3/6/2022,10:56:00 AM,LPADOVINO,1,LCTO EM DUPLICIDADE
306,56855931,-10.34,3/6/2022,10:56:00 AM,LPADOVINO,1,LCTO EM DUPLICIDADE
307,56831218,-26.25,3/6/2022,08:20:43 AM,CFIOR,1,HOSPEDE NÃO CONSUMIU
307,56831218,-1.31,3/6/2022,08:20:43 AM,CFIOR,1,HOSPEDE NÃO CONSUMIU
307,56845111,-6.3,3/6/2022,02:05:47 AM,RFREITAS,1,ERRO DO SISTEMA
307,56845111,-126,3/6/2022,02:05:47 AM,RFREITAS,1,ERRO DO SISTEMA
310,56862660,-5.61,3/6/2022,12:00:47 AM,RFREITAS,1,ERRO DO SISTEMA
310,56862660,-112.11,3/6/2022,12:00:47 AM,RFREITAS,1,ERRO DO SISTEMA
401,56844832,-6.3,3/6/2022,02:07:09 AM,RFREITAS,1,ERRO DO SISTEMA
401,56844832,-126,3/6/2022,02:07:09 AM,RFREITAS,1,ERRO DO SISTEMA
404,56740182,-5.95,3/6/2022,02:07:53 AM,RFREITAS,1,ERRO DO SISTEMA
404,56740182,-119,3/6/2022,02:07:53 AM,RFREITAS,1,ERRO DO SISTEMA
406,56734557,0,3/6/2022,01:39:06 AM,RFREITAS,1,ERRO DE LANÇAMENTO
406,56734557,626.07,3/6/2022,01:38:49 AM,RFREITAS,1,Erro de Laçto
406,56734557,-0.01,3/6/2022,01:39:06 AM,RFREITAS,1,ERRO DE LANÇAMENTO
501,56658931,-9.81,3/6/2022,06:58:00 AM,RFREITAS,1,ERRO DO SISTEMA
501,56658931,-196.28,3/6/2022,06:58:00 AM,RFREITAS,1,ERRO DO SISTEMA
501,56658931,-196.28,3/6/2022,06:58:00 AM,RFREITAS,1,ERRO DO SISTEMA
501,56658931,-9.81,3/6/2022,06:58:00 AM,RFREITAS,1,ERRO DO SISTEMA
511,56862474,-283.18,3/6/2022,06:51:00 PM,CFIOR,1,ERRO DO SISTEMA
601,56440197,370.12,3/6/2022,01:36:19 AM,RFREITAS,1,Erro de Laçto
707,56868499,-146.46,3/6/2022,01:46:43 AM,RFREITAS,1,ERRO DO SISTEMA
707,56868499,-7.32,3/6/2022,01:46:43 AM,RFREITAS,1,ERRO DO SISTEMA
709,56865384,-7.46,3/6/2022,04:34:59 PM,CFIOR,1,ERRO DO SISTEMA
709,56865384,-149.2,3/6/2022,04:34:59 PM,CFIOR,1,ERRO DO SISTEMA
711,56810172,-178.17,3/6/2022,04:21:10 PM,CFIOR,1,ERRO DO SISTEMA
801,56678169,-7.35,3/6/2022,02:10:36 AM,RFREITAS,1,ERRO DO SISTEMA
801,56678169,-147,3/6/2022,02:10:35 AM,RFREITAS,1,ERRO DO SISTEMA
802,56450435,338.62,3/6/2022,01:28:15 AM,RFREITAS,1,Erro de Laçto
901,56641699,-9.94,3/6/2022,09:26:11 AM,CFIOR,1,HOSPEDE NÃO CONSUMIU
901,56641699,-198.75,3/6/2022,09:26:11 AM,CFIOR,1,HOSPEDE NÃO CONSUMIU
909,56804660,-171.25,3/6/2022,05:31:45 PM,CFIOR,1,ERRO DE LANÇAMENTO
911,56865295,277.83,3/6/2022,05:45:41 PM,CFIOR,1,ERRO DE LANÇAMENTO
911,56865295,-195.6,3/6/2022,05:48:00 PM,CFIOR,1,ERRO DO SISTEMA
911,56649614,-198.75,3/6/2022,09:51:16 AM,LPADOVINO,1,ERRO DO SISTEMA
911,56649614,-9.94,3/6/2022,09:51:16 AM,LPADOVINO,1,ERRO DO SISTEMA
911,56865295,-9.78,3/6/2022,05:48:00 PM,CFIOR,1,ERRO DO SISTEMA
1101,56842759,0,3/7/2022,10:27:59 AM,RFELIZ,1,ERRO DE LANÇAMENTO
1101,56842759,-0.01,3/7/2022,10:27:59 AM,RFELIZ,1,ERRO DE LANÇAMENTO
1208,56823215,307.75,3/7/2022,09:05:17 AM,RFELIZ,1,ERRO DE LANÇAMENTO
1211,56524447,555.18,3/7/2022,12:51:59 AM,RFREITAS,1,ERRO DE LANÇAMENTO
209,56862652,166.01,3/7/2022,07:34:59 AM,RFELIZ,1,ERRO DE LANÇAMENTO
501,56658931,-30,3/7/2022,09:44:23 AM,RFELIZ,1,ERRO DE LANÇAMENTO
501,56658931,-28.57,3/7/2022,04:30:59 AM,RFREITAS,1,ERRO DO SISTEMA
501,56658931,-30,3/7/2022,09:44:23 AM,RFELIZ,1,ERRO DE LANÇAMENTO
501,56658931,-1.43,3/7/2022,04:30:59 AM,RFREITAS,1,ERRO DO SISTEMA
501,56658931,-1.5,3/7/2022,09:44:23 AM,RFELIZ,1,ERRO DE LANÇAMENTO
501,56658931,-1.5,3/7/2022,09:44:23 AM,RFELIZ,1,ERRO DE LANÇAMENTO
609,56777639,-166.09,3/7/2022,08:12:59 PM,CALOLIVEIRA,1,AUTORIZADO PELO GERENT
709,56865384,44.25,3/7/2022,03:00:05 PM,RFELIZ,1,ERRO DE LANÇAMENTO
805,56629443,-0.01,3/7/2022,01:49:51 AM,RFREITAS,1,ERRO DO SISTEMA
805,56629443,0,3/7/2022,01:49:51 AM,RFREITAS,1,ERRO DO SISTEMA
805,56629443,484.32,3/7/2022,01:49:34 AM,RFREITAS,1,Erro de Laçto
910,56664613,-0.01,3/7/2022,01:52:00 AM,RFREITAS,1,ERRO DO SISTEMA
910,56664613,0,3/7/2022,01:52:00 AM,RFREITAS,1,ERRO DO SISTEMA
910,56664613,437.07,3/7/2022,01:51:42 AM,RFREITAS,1,Erro de Laçto
1101,56820348,-90.25,3/8/2022,06:28:23 AM,RFREITAS,1,ERRO DO SISTEMA
1101,56820348,-4.51,3/8/2022,06:28:23 AM,RFREITAS,1,ERRO DO SISTEMA
1105,56827164,-6,3/8/2022,08:59:51 AM,LPADOVINO,1,HOSPEDE NÃO CONSUMIU
1106,56014449,-8,3/8/2022,09:24:31 AM,LPADOVINO,1,AUTORIZADO PELO GERENT
1106,56014449,-8,3/8/2022,09:24:31 AM,LPADOVINO,1,AUTORIZADO PELO GERENT
205,56905157,-225,3/8/2022,03:55:00 PM,RFELIZ,1,ERRO DE LANÇAMENTO
205,56905157,-11.25,3/8/2022,03:55:02 PM,RFELIZ,1,ERRO DE LANÇAMENTO
304,56516886,1653.8,3/8/2022,10:06:06 AM,CALOLIVEIRA,1,AUTORIZADO PELO GERENT
310,56302924,-30,3/8/2022,08:53:00 PM,CALOLIVEIRA,5,HOSPEDE NÃO CONSUMIU
310,56302924,-6,3/8/2022,08:52:58 PM,CALOLIVEIRA,1,HOSPEDE NÃO CONSUMIU
310,56302924,-4,3/8/2022,08:52:58 PM,CALOLIVEIRA,1,HOSPEDE NÃO CONSUMIU
406,56860072,-0.08,3/8/2022,03:18:00 AM,RFREITAS,1,ERRO DO SISTEMA
406,56860072,-158,3/8/2022,03:15:00 AM,RFREITAS,1,ERRO DO SISTEMA
406,56860072,-7.9,3/8/2022,03:15:00 AM,RFREITAS,1,ERRO DO SISTEMA
406,56860072,-1.5,3/8/2022,03:18:00 AM,RFREITAS,1,ERRO DO SISTEMA
501,56903448,475.74,3/8/2022,02:03:00 AM,RFREITAS,1,ERRO DE LANÇAMENTO
707,56868499,202.08,3/8/2022,03:04:28 AM,RFREITAS,1,LCTO EM DUPLICIDADE
906,56912064,-264,3/8/2022,07:30:47 PM,RFELIZ,1,ERRO DE LANÇAMENTO
906,56912064,-13.2,3/8/2022,07:30:47 PM,RFELIZ,1,ERRO DE LANÇAMENTO
101,56822685,430.5,3/9/2022,02:30:00 AM,RFELIZ,1,ERRO DE LANÇAMENTO
1101,56860390,-337.99,3/9/2022,07:52:00 PM,CALOLIVEIRA,1,AUTORIZADO PELO GERENT
1101,56860390,-338,3/9/2022,07:52:00 PM,CALOLIVEIRA,1,AUTORIZADO PELO GERENT
1101,56860390,-338,3/9/2022,10:52:59 AM,CALOLIVEIRA,1,AUTORIZADO PELO GERENT
1101,56860390,-1.25,3/9/2022,05:48:00 PM,CFIOR,1,ERRO DE LANÇAMENTO
1101,56860390,-3.94,3/9/2022,12:42:04 AM,RFELIZ,1,ERRO DE LANÇAMENTO
1101,56860390,0,3/9/2022,10:52:59 AM,CALOLIVEIRA,1,AUTORIZADO PELO GERENT
1101,56860390,-0.01,3/9/2022,10:52:59 AM,CALOLIVEIRA,1,AUTORIZADO PELO GERENT
1101,56860390,-16.9,3/9/2022,07:52:00 PM,CALOLIVEIRA,1,AUTORIZADO PELO GERENT
1101,56860390,-16.9,3/9/2022,07:52:00 PM,CALOLIVEIRA,1,AUTORIZADO PELO GERENT
1101,56860390,-16.9,3/9/2022,10:52:59 AM,CALOLIVEIRA,1,AUTORIZADO PELO GERENT
1101,56860390,-78.75,3/9/2022,12:42:04 AM,RFELIZ,1,ERRO DE LANÇAMENTO
1101,56860390,-25,3/9/2022,05:48:00 PM,CFIOR,1,ERRO DE LANÇAMENTO
203,56864434,66.25,3/9/2022,02:48:59 AM,RFELIZ,1,ERRO DE LANÇAMENTO
207,56821727,322.86,3/9/2022,10:52:56 AM,LPADOVINO,1,AUTORIZADO PELO GERENT
301,56928467,-179.47,3/9/2022,06:36:06 PM,CALOLIVEIRA,1,AUTORIZADO PELO GERENT
311,56860307,-20,3/9/2022,12:18:00 AM,RFELIZ,1,ERRO DE LANÇAMENTO
311,56860307,-1,3/9/2022,12:18:00 AM,RFELIZ,1,ERRO DE LANÇAMENTO
411,56910517,184.27,3/9/2022,03:49:14 AM,RFELIZ,1,Erro de Laçto
503,56644388,275.62,3/9/2022,04:05:40 AM,RFELIZ,1,Erro de Laçto
511,56910509,184.27,3/9/2022,03:46:18 AM,RFELIZ,1,Erro de Laçto
605,56841779,0,3/9/2022,07:32:40 PM,CALOLIVEIRA,1,AUTORIZADO PELO GERENT
605,56841779,-0.01,3/9/2022,07:32:40 PM,CALOLIVEIRA,1,AUTORIZADO PELO GERENT
707,56884001,-1.25,3/9/2022,08:17:50 AM,LPADOVINO,1,ERRO DE LANÇAMENTO
707,56884001,6,3/9/2022,03:29:31 AM,RFELIZ,1,Erro de Laçto
707,56884001,215.25,3/9/2022,03:29:31 AM,RFELIZ,1,Erro de Laçto
707,56884001,-25,3/9/2022,08:17:50 AM,LPADOVINO,1,ERRO DE LANÇAMENTO
809,56918763,-10.7,3/9/2022,10:11:00 AM,LPADOVINO,1,ERRO DE LANÇAMENTO
809,56795440,677.25,3/9/2022,02:27:39 AM,RFELIZ,1,ERRO DE LANÇAMENTO
809,56918763,449.4,3/9/2022,10:11:00 AM,LPADOVINO,1,ERRO DE LANÇAMENTO
809,56918763,-214,3/9/2022,10:11:00 AM,LPADOVINO,1,ERRO DE LANÇAMENTO
,,-83,3/9/2022,01:32:33 PM,LALUZ,2,ERRO NA IMPRESSÃO
1107,56871309,-70,3/10/2022,12:11:59 PM,LPADOVINO,2,CANCELAMENTO DE NOTA F
1107,56871309,800.2,3/10/2022,02:29:08 AM,RFREITAS,1,Erro de Laçto
310,56714319,170.94,3/10/2022,05:53:31 AM,RFELIZ,1,Erro de Laçto
410,56682832,-99.9,3/10/2022,08:44:00 AM,LPADOVINO,1,ERRO DE LANÇAMENTO
,,-225.38,3/10/2022,09:47:47 PM,CFIOR,1,AUTORIZADO PELO GERENT
,,-25,3/10/2022,09:47:47 PM,CFIOR,1,AUTORIZADO PELO GERENT
,,-1.25,3/10/2022,09:47:47 PM,CFIOR,1,AUTORIZADO PELO GERENT
,,1126.9,3/10/2022,09:47:47 PM,CFIOR,1,AUTORIZADO PELO GERENT
104,56811381,-8.14,3/11/2022,07:32:59 AM,LPADOVINO,1,AUTORIZADO PELO GERENT
104,56811381,-162.8,3/11/2022,07:32:59 AM,LPADOVINO,1,AUTORIZADO PELO GERENT
1101,56860390,-337.99,3/11/2022,04:06:51 AM,RFREITAS,1,ERRO DO SISTEMA
1101,56860390,84.76,3/11/2022,11:13:32 AM,CALOLIVEIRA,1,AUTORIZADO PELO GERENT
1101,56860390,-16.9,3/11/2022,04:06:51 AM,RFREITAS,1,ERRO DO SISTEMA
1111,56860382,0,3/11/2022,11:28:49 AM,CALOLIVEIRA,1,AUTORIZADO PELO GERENT
1111,56860382,-0.01,3/11/2022,11:28:49 AM,CALOLIVEIRA,1,AUTORIZADO PELO GERENT
1111,56860382,-0.01,3/11/2022,11:28:49 AM,CALOLIVEIRA,1,AUTORIZADO PELO GERENT
1111,56860382,0,3/11/2022,11:28:50 AM,CALOLIVEIRA,1,AUTORIZADO PELO GERENT
1111,56860382,0,3/11/2022,11:28:49 AM,CALOLIVEIRA,1,AUTORIZADO PELO GERENT
1111,56860382,-0.01,3/11/2022,11:28:49 AM,CALOLIVEIRA,1,AUTORIZADO PELO GERENT
1202,56703406,-7.55,3/11/2022,08:58:27 PM,CALOLIVEIRA,1,AUTORIZADO PELO GERENT
1202,56703406,-0.38,3/11/2022,08:58:27 PM,CALOLIVEIRA,1,AUTORIZADO PELO GERENT
1202,56703406,-7.54,3/11/2022,08:58:27 PM,CALOLIVEIRA,1,AUTORIZADO PELO GERENT
1202,56703406,-0.38,3/11/2022,08:58:27 PM,CALOLIVEIRA,1,AUTORIZADO PELO GERENT
1206,56860099,-30,3/11/2022,10:13:13 PM,CFIOR,2,HOSPEDE NÃO CONSUMIU
1206,56860099,-30,3/11/2022,10:13:13 PM,CFIOR,2,HOSPEDE NÃO CONSUMIU
202,56823991,-5,3/11/2022,04:02:00 AM,RFREITAS,1,HOSPEDE NÃO CONSUMIU
208,56860188,26.25,3/11/2022,09:12:09 AM,LPADOVINO,1,ERRO DE LANÇAMENTO
208,56860188,-12,3/11/2022,09:09:15 AM,LPADOVINO,1,HOSPEDE NÃO CONSUMIU
309,56821085,-157.34,3/11/2022,04:05:54 AM,RFREITAS,1,LCTO EM DUPLICIDADE
311,56860307,0,3/11/2022,03:03:51 PM,CALOLIVEIRA,1,AUTORIZADO PELO GERENT
311,56860307,-0.01,3/11/2022,03:03:51 PM,CALOLIVEIRA,1,AUTORIZADO PELO GERENT
406,56860072,-30,3/11/2022,03:00:05 PM,CALOLIVEIRA,1,AUTORIZADO PELO GERENT
406,56860072,-30,3/11/2022,03:00:05 PM,CALOLIVEIRA,1,AUTORIZADO PELO GERENT
406,56860072,-1.5,3/11/2022,03:00:05 PM,CALOLIVEIRA,1,AUTORIZADO PELO GERENT
406,56860072,-1.5,3/11/2022,03:00:05 PM,CALOLIVEIRA,1,AUTORIZADO PELO GERENT
406,56860072,-1.51,3/11/2022,03:00:05 PM,CALOLIVEIRA,1,AUTORIZADO PELO GERENT
406,56860072,-30,3/11/2022,03:00:05 PM,CALOLIVEIRA,1,AUTORIZADO PELO GERENT
407,56877471,-15,3/11/2022,06:40:28 AM,RFREITAS,1,HOSPEDE NÃO CONSUMIU
407,56919433,249.48,3/11/2022,02:26:59 AM,RFREITAS,1,ERRO DE LANÇAMENTO
407,56877471,-12,3/11/2022,06:40:28 AM,RFREITAS,2,HOSPEDE NÃO CONSUMIU
501,56903448,-25,3/11/2022,01:29:37 AM,RFREITAS,1,LCTO EM DUPLICIDADE
501,56903448,-1.25,3/11/2022,01:29:37 AM,RFREITAS,1,LCTO EM DUPLICIDADE
503,56860374,80.5,3/11/2022,04:21:57 PM,LPADOVINO,1,ERRO DE LANÇAMENTO
504,56747489,826.86,3/11/2022,02:21:47 AM,RFREITAS,1,Erro de Laçto
511,56872933,673.59,3/11/2022,02:32:00 AM,RFREITAS,1,ERRO DE LANÇAMENTO
601,56719493,387.44,3/11/2022,03:13:00 AM,RFREITAS,1,ERRO DE LANÇAMENTO
805,56587937,-8.25,3/11/2022,06:32:20 PM,CALOLIVEIRA,1,AUTORIZADO PELO GERENT
805,56587937,-0.41,3/11/2022,06:32:20 PM,CALOLIVEIRA,1,AUTORIZADO PELO GERENT
901,56862784,-8,3/11/2022,11:30:00 AM,CFIOR,1,AUTORIZADO PELO GERENT
906,56928920,427.36,3/11/2022,11:23:04 AM,LPADOVINO,1,HOSPEDE NÃO CONSUMIU
1011,56883129,45.25,3/12/2022,10:02:42 AM,RFELIZ,1,ERRO DE LANÇAMENTO
111,56892454,0,3/12/2022,11:23:21 AM,RFELIZ,1,ERRO DO SISTEMA
111,56892454,-0.01,3/12/2022,11:23:21 AM,RFELIZ,1,ERRO DO SISTEMA
1206,56978332,-4.55,3/12/2022,02:36:44 AM,RFREITAS,1,ERRO DO SISTEMA
1206,56978332,-91,3/12/2022,02:36:44 AM,RFREITAS,1,ERRO DO SISTEMA
205,56475837,203.18,3/12/2022,01:41:00 AM,RFREITAS,1,ERRO DE LANÇAMENTO
211,56980116,-5.03,3/12/2022,04:57:01 PM,CALOLIVEIRA,1,ERRO DE LANÇAMENTO
211,56980116,-100.54,3/12/2022,04:57:01 PM,CALOLIVEIRA,1,ERRO DE LANÇAMENTO
305,56890974,32.25,3/12/2022,01:55:50 PM,RFELIZ,1,ERRO DE LANÇAMENTO
305,56890974,32.25,3/12/2022,08:01:00 AM,RFELIZ,1,ERRO DE LANÇAMENTO
501,56903448,-8,3/12/2022,12:21:39 PM,CALOLIVEIRA,1,AUTORIZADO PELO GERENT
609,56853483,622.56,3/12/2022,01:09:59 AM,RFREITAS,1,ERRO DE LANÇAMENTO
901,56803664,-16.7,3/12/2022,06:54:00 AM,RFREITAS,1,ERRO DO SISTEMA
901,56803664,-334,3/12/2022,06:54:00 AM,RFREITAS,1,ERRO DO SISTEMA
,,609.54,3/12/2022,10:32:12 AM,CALOLIVEIRA,1,AUTORIZADO PELO GERENT
1007,56978634,598.74,3/13/2022,01:07:00 AM,RFREITAS,1,ERRO DE LANÇAMENTO
1107,55622755,-157.25,3/13/2022,03:09:59 AM,RFREITAS,1,ERRO DO SISTEMA
1107,55622755,-7.86,3/13/2022,03:09:59 AM,RFREITAS,1,ERRO DO SISTEMA
1201,56913818,-8,3/13/2022,12:03:32 PM,CFIOR,1,HOSPEDE NÃO CONSUMIU
1201,56913818,-25,3/13/2022,12:06:11 PM,CFIOR,1,ERRO DE LANÇAMENTO
1201,56913818,-1.25,3/13/2022,12:06:11 PM,CFIOR,1,ERRO DE LANÇAMENTO
1209,56630638,-8,3/13/2022,11:53:03 AM,CFIOR,1,HOSPEDE NÃO CONSUMIU
205,56475837,-25,3/13/2022,10:22:41 AM,RFELIZ,1,ERRO DE LANÇAMENTO
205,56475837,-1.25,3/13/2022,10:22:41 AM,RFELIZ,1,ERRO DE LANÇAMENTO
207,56910665,0,3/13/2022,08:33:59 AM,RFELIZ,1,ERRO DO SISTEMA
207,56910665,-0.01,3/13/2022,08:33:59 AM,RFELIZ,1,ERRO DO SISTEMA
211,56980116,-1.25,3/13/2022,11:38:51 AM,RFELIZ,1,ERRO DE LANÇAMENTO
211,56980116,-25,3/13/2022,11:38:51 AM,RFELIZ,1,ERRO DE LANÇAMENTO
211,56980116,-1.25,3/13/2022,11:38:51 AM,RFELIZ,1,ERRO DE LANÇAMENTO
211,56980116,-25,3/13/2022,11:38:51 AM,RFELIZ,1,ERRO DE LANÇAMENTO
305,56977727,-25,3/13/2022,12:14:32 PM,CFIOR,1,HOSPEDE NÃO CONSUMIU
305,56977727,-1.25,3/13/2022,12:14:32 PM,CFIOR,1,HOSPEDE NÃO CONSUMIU
607,56913974,-0.01,3/13/2022,09:02:00 AM,RFELIZ,1,ERRO DE LANÇAMENTO
607,56913974,0,3/13/2022,09:02:00 AM,RFELIZ,1,ERRO DE LANÇAMENTO
609,56853483,-25,3/13/2022,12:04:00 AM,RFREITAS,1,LCTO EM DUPLICIDADE
609,56853483,-1.25,3/13/2022,12:04:00 AM,RFREITAS,1,LCTO EM DUPLICIDADE
610,56963629,-214,3/13/2022,09:04:59 AM,RFELIZ,1,ERRO DE LANÇAMENTO
610,56963629,-10.7,3/13/2022,09:04:59 AM,RFELIZ,1,ERRO DE LANÇAMENTO
709,55854540,-12,3/13/2022,11:35:57 AM,CFIOR,1,HOSPEDE NÃO CONSUMIU
709,55854540,-12,3/13/2022,11:35:19 AM,CFIOR,2,HOSPEDE NÃO CONSUMIU
709,55854540,-10,3/13/2022,11:36:53 AM,CFIOR,1,HOSPEDE NÃO CONSUMIU
709,55854540,-8,3/13/2022,11:35:57 AM,CFIOR,1,HOSPEDE NÃO CONSUMIU
805,56787324,169.31,3/13/2022,12:21:46 AM,RFREITAS,1,Erro de Laçto
805,56787324,169.31,3/13/2022,08:06:40 AM,RFELIZ,1,Erro de Laçto
805,56787324,60.25,3/13/2022,04:23:59 PM,RFELIZ,1,ERRO DE LANÇAMENTO
805,56990499,0,3/13/2022,04:11:00 PM,RFELIZ,1,CORTESIA DE DIÁRIAS
805,56990499,-0.05,3/13/2022,04:11:00 PM,RFELIZ,1,CORTESIA DE DIÁRIAS
1101,56845456,-1.25,3/14/2022,11:07:11 AM,LPADOVINO,1,HOSPEDE NÃO CONSUMIU
1101,56845456,-1.25,3/14/2022,11:07:11 AM,LPADOVINO,1,HOSPEDE NÃO CONSUMIU
1101,56845456,-25,3/14/2022,11:07:11 AM,LPADOVINO,1,HOSPEDE NÃO CONSUMIU
1101,56845456,-25,3/14/2022,11:07:11 AM,LPADOVINO,1,HOSPEDE NÃO CONSUMIU
1107,55622755,-25,3/14/2022,01:50:00 AM,RFREITAS,1,LCTO EM DUPLICIDADE
1107,55622755,-1.25,3/14/2022,01:50:00 AM,RFREITAS,1,LCTO EM DUPLICIDADE
209,56862652,0.01,3/14/2022,06:13:59 PM,CALOLIVEIRA,1,AUTORIZADO PELO GERENT
302,56555180,-8,3/14/2022,06:38:36 PM,CALOLIVEIRA,1,AUTORIZADO PELO GERENT
302,56555180,-12,3/14/2022,06:39:30 PM,CALOLIVEIRA,2,AUTORIZADO PELO GERENT
302,56555180,-12,3/14/2022,06:39:30 PM,CALOLIVEIRA,2,AUTORIZADO PELO GERENT
302,56555180,-6,3/14/2022,06:38:38 PM,CALOLIVEIRA,1,AUTORIZADO PELO GERENT
302,56555180,-24,3/14/2022,06:38:36 PM,CALOLIVEIRA,4,AUTORIZADO PELO GERENT
302,56555180,-15,3/14/2022,06:38:36 PM,CALOLIVEIRA,1,AUTORIZADO PELO GERENT
302,56555180,-30,3/14/2022,06:38:36 PM,CALOLIVEIRA,5,AUTORIZADO PELO GERENT
302,56555180,-12,3/14/2022,06:38:38 PM,CALOLIVEIRA,2,AUTORIZADO PELO GERENT
309,56862229,-51.1,3/14/2022,12:19:14 PM,CALOLIVEIRA,1,AUTORIZADO PELO GERENT
309,56862229,-2.55,3/14/2022,12:19:14 PM,CALOLIVEIRA,1,AUTORIZADO PELO GERENT
309,56862229,-9.14,3/14/2022,12:19:14 PM,CALOLIVEIRA,1,AUTORIZADO PELO GERENT
309,56862229,-182.84,3/14/2022,12:19:14 PM,CALOLIVEIRA,1,AUTORIZADO PELO GERENT
610,56601263,4443.6,3/14/2022,10:28:53 AM,LPADOVINO,1,Erro de Laçto
610,56601263,70,3/14/2022,10:28:53 AM,LPADOVINO,1,Erro de Laçto
1009,56809387,2399.02,3/15/2022,03:32:32 AM,RFELIZ,1,Erro de Laçto
108,55367674,-0.01,3/15/2022,07:07:59 AM,RFREITAS,1,ERRO DO SISTEMA
108,55367674,0,3/15/2022,07:07:59 AM,RFREITAS,1,ERRO DO SISTEMA
1107,55622755,-6,3/15/2022,11:53:00 PM,RFELIZ,1,HOSPEDE NÃO CONSUMIU
1111,55622747,-1.25,3/15/2022,12:31:31 AM,RFELIZ,1,ERRO DE LANÇAMENTO
1111,55622747,-25,3/15/2022,12:31:31 AM,RFELIZ,1,ERRO DE LANÇAMENTO
211,56801890,-25,3/15/2022,12:02:59 AM,RFELIZ,1,ERRO DE LANÇAMENTO
211,56801890,-1.25,3/15/2022,12:02:59 AM,RFELIZ,1,ERRO DE LANÇAMENTO
308,56920334,-10.84,3/15/2022,12:33:59 AM,RFELIZ,1,ERRO DO SISTEMA
308,56920334,-216.71,3/15/2022,12:33:59 AM,RFELIZ,1,ERRO DO SISTEMA
408,56838441,0,3/15/2022,07:08:32 AM,RFREITAS,1,ERRO DO SISTEMA
408,56838441,-0.01,3/15/2022,07:08:32 AM,RFREITAS,1,ERRO DO SISTEMA
605,56877943,-18,3/15/2022,02:30:00 PM,FRIGOBAR.SUCT,3,ERRO DE LANÇAMENTO
605,56877943,-54,3/15/2022,08:30:59 PM,LALUZ,1,Nota impressa Errada
806,55367682,834.76,3/15/2022,03:13:30 AM,RFELIZ,1,Erro de Laçto
811,55367186,929.24,3/15/2022,03:10:25 AM,RFELIZ,1,Erro de Laçto
904,56684495,551.24,3/15/2022,03:43:12 AM,RFELIZ,1,Erro de Laçto
907,55368255,929.24,3/15/2022,02:43:42 AM,RFELIZ,1,Erro de Laçto
1206,56921020,-1.25,3/16/2022,05:06:00 AM,RFELIZ,1,ERRO DE LANÇAMENTO
1206,56921020,-25,3/16/2022,05:06:00 AM,RFELIZ,1,ERRO DE LANÇAMENTO
205,56294336,-4,3/16/2022,10:35:46 AM,LPADOVINO,1,ERRO DE LANÇAMENTO
511,56964528,-8,3/16/2022,10:10:15 AM,CFIOR,1,HOSPEDE NÃO CONSUMIU
,,-941,3/17/2022,12:48:34 PM,LALUZ,27,ERRO NA IMPRESSÃO
101,56116837,-178.62,3/18/2022,02:39:59 AM,RFREITAS,1,ERRO DO SISTEMA
101,56116837,-404,3/18/2022,02:39:59 AM,RFREITAS,1,ERRO DO SISTEMA
109,56723652,-6,3/18/2022,07:23:29 AM,RFREITAS,1,HOSPEDE NÃO CONSUMIU
1203,56734727,-6,3/18/2022,07:07:00 AM,RFELIZ,1,HOSPEDE NÃO CONSUMIU
305,56725582,-8,3/18/2022,06:47:00 AM,RFREITAS,1,HOSPEDE NÃO CONSUMIU
306,57016119,-4,3/18/2022,01:08:48 PM,LPADOVINO,1,HOSPEDE NÃO CONSUMIU
306,57016119,-4,3/18/2022,01:08:46 PM,LPADOVINO,1,HOSPEDE NÃO CONSUMIU
307,56845111,90,3/18/2022,03:07:06 PM,RFELIZ,1,ERRO DE LANÇAMENTO
705,56816111,25,3/18/2022,09:33:00 AM,RFELIZ,1,ERRO DE LANÇAMENTO
809,56832915,-10,3/18/2022,06:49:59 AM,RFREITAS,1,HOSPEDE NÃO CONSUMIU
1011,57053162,-10,3/19/2022,08:37:57 AM,LPADOVINO,1,ERRO DE LANÇAMENTO
1011,57053162,-0.5,3/19/2022,08:37:57 AM,LPADOVINO,1,ERRO DE LANÇAMENTO
102,57096422,270.73,3/19/2022,04:00:00 PM,RFELIZ,1,ERRO DE LANÇAMENTO
109,56039700,182.86,3/19/2022,12:36:00 AM,RFREITAS,1,ERRO DE LANÇAMENTO
205,57014779,491.4,3/19/2022,12:15:59 AM,RFREITAS,1,ERRO DE LANÇAMENTO
205,56811675,88.73,3/19/2022,11:30:07 AM,LPADOVINO,1,AUTORIZADO PELO GERENT
401,57073228,249.2,3/19/2022,12:18:59 AM,RFREITAS,1,ERRO DE LANÇAMENTO
605,56935641,-4.77,3/19/2022,09:56:00 AM,LPADOVINO,1,AUTORIZADO PELO GERENT
605,56935641,-0.24,3/19/2022,09:56:00 AM,LPADOVINO,1,AUTORIZADO PELO GERENT
705,56157479,-96.86,3/19/2022,12:33:59 AM,RFREITAS,1,ERRO DE LANÇAMENTO
705,56157479,-4.84,3/19/2022,12:33:59 AM,RFREITAS,1,ERRO DE LANÇAMENTO
1004,57015619,-0.38,3/20/2022,12:48:20 PM,CFIOR,1,ERRO DO SISTEMA
1004,57015619,-7.52,3/20/2022,12:48:20 PM,CFIOR,1,ERRO DO SISTEMA
105,56872577,50.25,3/20/2022,02:55:59 PM,LPADOVINO,1,ERRO DE LANÇAMENTO
1207,57048754,806.5,3/20/2022,10:11:09 PM,RFELIZ,1,ERRO DE LANÇAMENTO
1207,57048754,806.5,3/20/2022,04:16:59 PM,RFELIZ,1,ERRO DE LANÇAMENTO
204,56072244,-102.72,3/20/2022,09:52:27 PM,RFELIZ,1,ERRO DE LANÇAMENTO
204,56072244,-5.14,3/20/2022,09:52:27 PM,RFELIZ,1,ERRO DE LANÇAMENTO
407,56963882,623.7,3/20/2022,02:11:55 AM,RFREITAS,1,Erro de Laçto
604,56206593,137.81,3/20/2022,02:11:27 AM,RFREITAS,1,Erro de Laçto
608,56842260,-3.52,3/20/2022,10:16:07 AM,CFIOR,1,ERRO DE LANÇAMENTO
608,56842260,-70.5,3/20/2022,10:16:07 AM,CFIOR,1,ERRO DE LANÇAMENTO
806,56707487,110,3/20/2022,10:04:09 AM,LPADOVINO,1,ERRO DE LANÇAMENTO
807,56997922,44,3/20/2022,01:22:00 AM,RFREITAS,1,ERRO DE LANÇAMENTO
201,57128340,-278,3/21/2022,08:06:19 PM,CFIOR,1,AUTORIZADO PELO GERENT
201,57128340,-13.9,3/21/2022,08:06:19 PM,CFIOR,1,AUTORIZADO PELO GERENT
209,56931239,-9.61,3/21/2022,09:30:39 PM,CFIOR,1,ERRO DE LANÇAMENTO
209,56931239,-192.12,3/21/2022,09:30:39 PM,CFIOR,1,ERRO DE LANÇAMENTO
410,56072538,39,3/21/2022,01:24:32 AM,RFELIZ,1,ERRO DE LANÇAMENTO
507,56985541,52.5,3/21/2022,01:11:47 AM,RFELIZ,1,ERRO DE LANÇAMENTO
602,55156037,703.24,3/21/2022,02:01:42 AM,RFELIZ,1,Erro de Laçto
603,57107874,-195,3/21/2022,06:06:24 PM,CALOLIVEIRA,1,AUTORIZADO PELO GERENT
603,57107874,-9.75,3/21/2022,06:06:24 PM,CALOLIVEIRA,1,AUTORIZADO PELO GERENT
703,57051844,-25,3/21/2022,12:15:00 AM,RFELIZ,1,ERRO DE LANÇAMENTO
703,57051844,-1.25,3/21/2022,12:15:00 AM,RFELIZ,1,ERRO DE LANÇAMENTO
805,57104816,17,3/21/2022,01:29:04 AM,RFELIZ,1,ERRO DE LANÇAMENTO
903,56315538,275.62,3/21/2022,01:55:15 AM,RFELIZ,1,Erro de Laçto
106,57121958,-1.76,3/22/2022,12:28:58 AM,RFREITAS,1,ERRO DO SISTEMA
106,57121958,272.49,3/22/2022,12:28:30 AM,RFREITAS,1,Erro de Laçto
106,57121958,35.16,3/22/2022,12:28:39 AM,RFREITAS,1,ERRO DO SISTEMA
106,57121958,-35.16,3/22/2022,12:28:58 AM,RFREITAS,1,ERRO DO SISTEMA
1106,56944144,-43,3/22/2022,12:04:00 PM,LPADOVINO,1,AUTORIZADO PELO GERENT
1203,56734808,-8.27,3/22/2022,07:39:59 PM,CFIOR,1,ERRO DE LANÇAMENTO
1203,56734808,-165.38,3/22/2022,07:39:59 PM,CFIOR,1,ERRO DE LANÇAMENTO
509,56796137,-15,3/22/2022,08:01:00 AM,LPADOVINO,1,HOSPEDE NÃO CONSUMIU
509,56796137,15,3/22/2022,08:03:00 AM,LPADOVINO,1,HOSPEDE NÃO CONSUMIU
706,56956835,-0.54,3/22/2022,12:42:59 PM,LPADOVINO,1,AUTORIZADO PELO GERENT
706,56956835,-9.3,3/22/2022,12:42:59 PM,LPADOVINO,1,AUTORIZADO PELO GERENT
706,56956835,-0.54,3/22/2022,12:42:59 PM,LPADOVINO,1,AUTORIZADO PELO GERENT
706,56956835,-0.47,3/22/2022,12:42:59 PM,LPADOVINO,1,AUTORIZADO PELO GERENT
706,56956835,-10.84,3/22/2022,12:42:59 PM,LPADOVINO,1,AUTORIZADO PELO GERENT
706,56956835,-10.84,3/22/2022,12:42:59 PM,LPADOVINO,1,AUTORIZADO PELO GERENT
,54821134,860.24,3/22/2022,06:58:00 PM,JPALMEIDA,1,HOSPEDE NÃO CONSUMIU
1005,56994028,796.32,3/23/2022,12:54:59 PM,LPADOVINO,1,LCTO EM DUPLICIDADE
1011,57130396,-17.65,3/23/2022,01:56:00 AM,RFREITAS,1,ERRO DO SISTEMA
1011,57130396,-353,3/23/2022,01:56:00 AM,RFREITAS,1,ERRO DO SISTEMA
102,57048398,-6,3/23/2022,07:13:02 AM,RFREITAS,1,HOSPEDE NÃO CONSUMIU
306,56872739,-5,3/23/2022,04:16:57 PM,CFIOR,1,HOSPEDE NÃO CONSUMIU
,,-149.1,3/23/2022,06:00:41 PM,LPADOVINO,1,HOSPEDE NÃO CONSUMIU
,,-138,3/23/2022,01:53:48 PM,LPADOVINO,1,ERRO DE LANÇAMENTO
,,-7.46,3/23/2022,06:00:41 PM,LPADOVINO,1,HOSPEDE NÃO CONSUMIU
,53841034,207.9,3/23/2022,09:44:39 AM,PTANAKA,1,AUTORIZADO PELO GERENT
,45278245,218.4,3/23/2022,09:43:48 AM,PTANAKA,1,AUTORIZADO PELO GERENT
,56947402,399.5,3/23/2022,05:23:42 PM,CALOLIVEIRA,1,AUTORIZADO PELO GERENT
,,573,3/23/2022,07:07:28 PM,PTANAKA,1,AUTORIZADO PELO GERENT
1009,56804083,-5,3/24/2022,12:36:59 PM,CALOLIVEIRA,1,AUTORIZADO PELO GERENT
102,56858639,0.03,3/24/2022,08:44:00 AM,RFELIZ,1,ERRO DE LANÇAMENTO
102,56858639,0.54,3/24/2022,08:44:00 AM,RFELIZ,1,ERRO DE LANÇAMENTO
1107,57168342,-35,3/24/2022,05:21:00 AM,RFREITAS,1,ERRO DE LANÇAMENTO
1107,57168342,-1.75,3/24/2022,05:21:00 AM,RFREITAS,1,ERRO DE LANÇAMENTO
1210,55663524,848.82,3/24/2022,02:10:31 AM,RFREITAS,1,ERRO DE LANÇAMENTO
205,56663064,-10,3/24/2022,08:21:59 AM,RFELIZ,2,HOSPEDE NÃO CONSUMIU
602,57166838,-91.25,3/24/2022,02:23:54 AM,RFREITAS,1,ERRO DO SISTEMA
602,57166838,-4.56,3/24/2022,02:23:54 AM,RFREITAS,1,ERRO DO SISTEMA
702,56069936,-6,3/24/2022,08:07:37 PM,CALOLIVEIRA,1,AUTORIZADO PELO GERENT
702,56069936,-8,3/24/2022,08:07:37 PM,CALOLIVEIRA,1,AUTORIZADO PELO GERENT
702,56069936,-12,3/24/2022,08:07:35 PM,CALOLIVEIRA,2,AUTORIZADO PELO GERENT
702,56069936,-12,3/24/2022,08:07:35 PM,CALOLIVEIRA,1,AUTORIZADO PELO GERENT
705,57171629,-19.25,3/24/2022,07:16:00 PM,CFIOR,1,AUTORIZADO PELO GERENT
705,57171629,-385,3/24/2022,07:16:00 PM,CFIOR,1,AUTORIZADO PELO GERENT
905,56837100,-140.05,3/24/2022,02:30:42 PM,RFELIZ,1,AUTORIZADO PELO GERENT
905,56837100,-7,3/24/2022,02:30:42 PM,RFELIZ,1,AUTORIZADO PELO GERENT
910,56782403,-16,3/24/2022,12:42:04 PM,CALOLIVEIRA,4,AUTORIZADO PELO GERENT
1008,56995881,-117,3/25/2022,02:46:59 PM,CFIOR,1,AUTORIZADO PELO GERENT
1008,56995881,-5.85,3/25/2022,02:46:59 PM,CFIOR,1,AUTORIZADO PELO GERENT
1011,57130396,-0.01,3/25/2022,02:31:24 PM,LPADOVINO,1,HOSPEDE NÃO CONSUMIU
1011,57130396,0,3/25/2022,02:31:24 PM,LPADOVINO,1,HOSPEDE NÃO CONSUMIU
1103,57162379,48930,3/25/2022,02:29:01 PM,FRIGOBAR.SUCT,1,ERRO DE LANÇAMENTO
1104,56946457,459.11,3/25/2022,03:15:18 AM,RFREITAS,1,Erro de Laçto
1202,56976275,53655,3/25/2022,02:21:00 PM,FRIGOBAR.SUCT,1,ERRO DE LANÇAMENTO
1203,56837089,-8,3/25/2022,08:19:57 AM,CFIOR,1,HOSPEDE NÃO CONSUMIU
1208,57130388,-15,3/25/2022,11:06:59 AM,CFIOR,1,HOSPEDE NÃO CONSUMIU
1209,56837054,-7.26,3/25/2022,03:37:32 PM,CALOLIVEIRA,1,AUTORIZADO PELO GERENT
1209,56837054,-5.83,3/25/2022,03:37:32 PM,CALOLIVEIRA,1,AUTORIZADO PELO GERENT
1209,56837054,-6.34,3/25/2022,03:37:32 PM,CALOLIVEIRA,1,AUTORIZADO PELO GERENT
1209,56837054,-6.34,3/25/2022,03:37:32 PM,CALOLIVEIRA,1,AUTORIZADO PELO GERENT
1209,56837054,-0.36,3/25/2022,03:37:32 PM,CALOLIVEIRA,1,AUTORIZADO PELO GERENT
1209,56837054,-0.32,3/25/2022,03:37:32 PM,CALOLIVEIRA,1,AUTORIZADO PELO GERENT
1209,56837054,-0.32,3/25/2022,03:37:32 PM,CALOLIVEIRA,1,AUTORIZADO PELO GERENT
1209,56837054,-0.29,3/25/2022,03:37:32 PM,CALOLIVEIRA,1,AUTORIZADO PELO GERENT
201,57128340,-25,3/25/2022,01:49:23 AM,RFREITAS,1,LCTO EM DUPLICIDADE
201,57128340,-1.25,3/25/2022,01:49:23 AM,RFREITAS,1,LCTO EM DUPLICIDADE
201,57194998,536.55,3/25/2022,02:41:30 AM,RFREITAS,1,ERRO DO SISTEMA
204,56836732,-6.33,3/25/2022,03:52:22 PM,CALOLIVEIRA,1,AUTORIZADO PELO GERENT
204,56836732,-0.36,3/25/2022,03:52:22 PM,CALOLIVEIRA,1,AUTORIZADO PELO GERENT
204,56836732,-0.32,3/25/2022,03:52:22 PM,CALOLIVEIRA,1,AUTORIZADO PELO GERENT
204,56836732,-0.32,3/25/2022,03:52:22 PM,CALOLIVEIRA,1,AUTORIZADO PELO GERENT
204,56836732,-6.33,3/25/2022,03:52:22 PM,CALOLIVEIRA,1,AUTORIZADO PELO GERENT
204,56836732,-7.27,3/25/2022,03:52:22 PM,CALOLIVEIRA,1,AUTORIZADO PELO GERENT
309,56839561,-6,3/25/2022,10:43:59 AM,LPADOVINO,1,HOSPEDE NÃO CONSUMIU
310,56841027,-0.38,3/25/2022,12:43:05 PM,LPADOVINO,1,HOSPEDE NÃO CONSUMIU
310,56841027,-7.67,3/25/2022,12:43:05 PM,LPADOVINO,1,HOSPEDE NÃO CONSUMIU
310,56841027,-7.67,3/25/2022,12:43:03 PM,LPADOVINO,1,HOSPEDE NÃO CONSUMIU
310,56841027,-0.38,3/25/2022,12:43:05 PM,LPADOVINO,1,HOSPEDE NÃO CONSUMIU
403,56859058,-18,3/25/2022,08:43:16 PM,CFIOR,3,HOSPEDE NÃO CONSUMIU
407,56892764,-8,3/25/2022,02:41:25 PM,LPADOVINO,2,HOSPEDE NÃO CONSUMIU
407,56892764,-4,3/25/2022,02:41:25 PM,LPADOVINO,1,HOSPEDE NÃO CONSUMIU
407,56892764,-4,3/25/2022,02:41:25 PM,LPADOVINO,1,HOSPEDE NÃO CONSUMIU
407,56892764,-4,3/25/2022,02:41:25 PM,LPADOVINO,1,HOSPEDE NÃO CONSUMIU
502,56589158,-15,3/25/2022,07:21:00 AM,LPADOVINO,1,HOSPEDE NÃO CONSUMIU
706,56841035,-6,3/25/2022,02:36:56 PM,LPADOVINO,1,HOSPEDE NÃO CONSUMIU
706,56841035,-7.67,3/25/2022,02:37:05 PM,LPADOVINO,1,ERRO DE LANÇAMENTO
706,56841035,-0.38,3/25/2022,02:37:05 PM,LPADOVINO,1,ERRO DE LANÇAMENTO
706,56841035,-0.38,3/25/2022,02:37:05 PM,LPADOVINO,1,ERRO DE LANÇAMENTO
706,56841035,-12,3/25/2022,02:36:56 PM,LPADOVINO,1,HOSPEDE NÃO CONSUMIU
706,56841035,-7.67,3/25/2022,02:37:05 PM,LPADOVINO,1,ERRO DE LANÇAMENTO
708,56841043,-7.67,3/25/2022,12:57:51 PM,LPADOVINO,1,HOSPEDE NÃO CONSUMIU
708,56841043,-0.38,3/25/2022,12:57:51 PM,LPADOVINO,1,HOSPEDE NÃO CONSUMIU
708,56841043,-0.38,3/25/2022,12:57:51 PM,LPADOVINO,1,HOSPEDE NÃO CONSUMIU
708,56841043,-7.67,3/25/2022,12:57:51 PM,LPADOVINO,1,HOSPEDE NÃO CONSUMIU
805,57114943,-8.76,3/25/2022,03:27:55 PM,CALOLIVEIRA,1,AUTORIZADO PELO GERENT
805,57114943,-8.77,3/25/2022,03:27:55 PM,CALOLIVEIRA,1,AUTORIZADO PELO GERENT
805,57114943,-8.77,3/25/2022,03:27:55 PM,CALOLIVEIRA,1,AUTORIZADO PELO GERENT
805,57122628,-9.23,3/25/2022,03:24:33 PM,CALOLIVEIRA,1,AUTORIZADO PELO GERENT
805,57114943,-0.44,3/25/2022,03:27:55 PM,CALOLIVEIRA,1,AUTORIZADO PELO GERENT
805,57114943,-0.44,3/25/2022,03:27:55 PM,CALOLIVEIRA,1,AUTORIZADO PELO GERENT
805,57114943,-0.44,3/25/2022,03:27:55 PM,CALOLIVEIRA,1,AUTORIZADO PELO GERENT
805,57122628,-0.46,3/25/2022,03:24:33 PM,CALOLIVEIRA,1,AUTORIZADO PELO GERENT
806,56840810,-7.67,3/25/2022,12:12:16 PM,CFIOR,1,AUTORIZADO PELO GERENT
806,56840810,-7.17,3/25/2022,12:12:16 PM,CFIOR,1,AUTORIZADO PELO GERENT
806,56840810,-0.43,3/25/2022,12:12:16 PM,CFIOR,1,AUTORIZADO PELO GERENT
806,56840810,-0.38,3/25/2022,12:12:16 PM,CFIOR,1,AUTORIZADO PELO GERENT
806,56840810,-0.38,3/25/2022,12:12:16 PM,CFIOR,1,AUTORIZADO PELO GERENT
806,56840810,-0.36,3/25/2022,12:12:16 PM,CFIOR,1,AUTORIZADO PELO GERENT
806,56840810,-8.6,3/25/2022,12:12:16 PM,CFIOR,1,AUTORIZADO PELO GERENT
806,56840810,-7.67,3/25/2022,12:12:16 PM,CFIOR,1,AUTORIZADO PELO GERENT
904,56471963,-15,3/25/2022,06:24:00 AM,RFREITAS,1,HOSPEDE NÃO CONSUMIU
907,57021325,-1.25,3/25/2022,04:43:00 PM,CFIOR,1,ERRO DE LANÇAMENTO
907,57021325,-25,3/25/2022,04:43:00 PM,CFIOR,1,ERRO DE LANÇAMENTO
1003,56910525,-0.32,3/26/2022,03:22:33 PM,CALOLIVEIRA,1,AUTORIZADO PELO GERENT
1003,56910525,-0.32,3/26/2022,03:22:33 PM,CALOLIVEIRA,1,AUTORIZADO PELO GERENT
1003,56910525,-6.33,3/26/2022,03:22:33 PM,CALOLIVEIRA,1,AUTORIZADO PELO GERENT
1003,56910525,-6.33,3/26/2022,03:22:33 PM,CALOLIVEIRA,1,AUTORIZADO PELO GERENT
1003,56910525,-6.34,3/26/2022,03:22:33 PM,CALOLIVEIRA,1,AUTORIZADO PELO GERENT
1003,56910525,-0.32,3/26/2022,03:22:33 PM,CALOLIVEIRA,1,AUTORIZADO PELO GERENT
1104,57000107,299.24,3/26/2022,03:12:56 AM,RFELIZ,1,Erro de Laçto
1105,57159513,-15,3/26/2022,03:53:00 PM,LPADOVINO,1,HOSPEDE NÃO CONSUMIU
1105,57159513,-0.76,3/26/2022,03:53:00 PM,LPADOVINO,1,HOSPEDE NÃO CONSUMIU
1211,57174679,459.59,3/26/2022,10:43:12 AM,LPADOVINO,1,AUTORIZADO PELO GERENT
404,56960662,1079.65,3/26/2022,03:07:27 AM,RFELIZ,1,Erro de Laçto
407,57002770,149.62,3/26/2022,03:16:22 AM,RFELIZ,1,Erro de Laçto
411,57204373,-22.24,3/26/2022,04:19:45 AM,RFREITAS,1,ERRO DO SISTEMA
411,57204373,-444.76,3/26/2022,04:19:45 AM,RFREITAS,1,ERRO DO SISTEMA
507,57019819,24,3/26/2022,02:14:00 AM,RFELIZ,1,ERRO DE LANÇAMENTO
610,57204365,-19.76,3/26/2022,04:14:38 AM,RFREITAS,1,ERRO DO SISTEMA
610,56947763,-158.48,3/26/2022,12:04:30 AM,RFELIZ,1,ERRO DO SISTEMA
610,57204365,-395.24,3/26/2022,04:14:38 AM,RFREITAS,1,ERRO DO SISTEMA
610,56947763,-7.92,3/26/2022,12:04:30 AM,RFELIZ,1,ERRO DO SISTEMA
1001,56935676,250.43,3/27/2022,12:02:59 AM,RFELIZ,1,ERRO DE LANÇAMENTO
1006,57199485,-30,3/27/2022,08:28:00 AM,CFIOR,2,HOSPEDE NÃO CONSUMIU
1007,56935668,249.08,3/27/2022,11:57:00 PM,RFELIZ,1,ERRO DE LANÇAMENTO
109,56950942,-60,3/27/2022,10:36:56 AM,LPADOVINO,1,HOSPEDE NÃO CONSUMIU
109,56950942,-3,3/27/2022,10:36:56 AM,LPADOVINO,1,HOSPEDE NÃO CONSUMIU
1103,57162379,-36,3/27/2022,04:32:35 AM,RFELIZ,1,ERRO DE LANÇAMENTO
1107,56935684,277.43,3/27/2022,12:02:00 AM,RFELIZ,1,ERRO DE LANÇAMENTO
1206,57186189,16,3/27/2022,01:26:32 AM,RFELIZ,1,ERRO DE LANÇAMENTO
205,57025274,222.08,3/27/2022,11:07:53 AM,CFIOR,1,HOSPEDE NÃO CONSUMIU
506,57135010,-8,3/27/2022,07:47:00 AM,CFIOR,2,HOSPEDE NÃO CONSUMIU
506,57135010,667.64,3/27/2022,07:47:14 AM,CFIOR,1,ERRO DE LANÇAMENTO
802,57139830,374.85,3/27/2022,08:42:59 AM,LPADOVINO,1,ERRO DE LANÇAMENTO
901,57108633,-13.76,3/27/2022,12:01:44 PM,LPADOVINO,1,ERRO DO SISTEMA
901,57108633,-0.69,3/27/2022,12:01:44 PM,LPADOVINO,1,ERRO DO SISTEMA
903,57207089,244.31,3/27/2022,09:10:54 PM,CFIOR,1,ERRO DE LANÇAMENTO
904,57215863,-355,3/27/2022,12:51:59 AM,RFELIZ,1,ERRO DO SISTEMA
904,57215863,-17.75,3/27/2022,12:51:59 AM,RFELIZ,1,ERRO DO SISTEMA
906,57083886,-6.58,3/27/2022,12:06:59 PM,LPADOVINO,1,HOSPEDE NÃO CONSUMIU
906,57083886,-76.5,3/27/2022,12:06:59 PM,LPADOVINO,1,HOSPEDE NÃO CONSUMIU
906,57083886,-3.82,3/27/2022,12:06:59 PM,LPADOVINO,1,HOSPEDE NÃO CONSUMIU
906,57083886,-3.82,3/27/2022,12:04:59 PM,LPADOVINO,1,HOSPEDE NÃO CONSUMIU
906,57083886,-3.82,3/27/2022,12:04:59 PM,LPADOVINO,1,HOSPEDE NÃO CONSUMIU
906,57083886,-76.5,3/27/2022,12:04:59 PM,LPADOVINO,1,HOSPEDE NÃO CONSUMIU
906,57083886,-76.5,3/27/2022,12:04:59 PM,LPADOVINO,1,HOSPEDE NÃO CONSUMIU
906,57083886,-131.5,3/27/2022,12:06:59 PM,LPADOVINO,1,HOSPEDE NÃO CONSUMIU
505,56907710,-10,3/28/2022,07:18:42 AM,LPADOVINO,1,HOSPEDE NÃO CONSUMIU
505,56907710,-15,3/28/2022,07:18:42 AM,LPADOVINO,1,HOSPEDE NÃO CONSUMIU
705,56746121,-7.55,3/28/2022,06:18:22 PM,CALOLIVEIRA,1,AUTORIZADO PELO GERENT
705,56746121,-0.38,3/28/2022,06:18:22 PM,CALOLIVEIRA,1,AUTORIZADO PELO GERENT
705,56746121,-8.08,3/28/2022,06:18:22 PM,CALOLIVEIRA,1,AUTORIZADO PELO GERENT
705,56746121,-0.4,3/28/2022,06:18:22 PM,CALOLIVEIRA,1,AUTORIZADO PELO GERENT
904,57215863,-9.59,3/28/2022,07:03:59 AM,RFELIZ,1,ERRO DE LANÇAMENTO
904,57215863,-191.84,3/28/2022,07:03:59 AM,RFELIZ,1,ERRO DE LANÇAMENTO
,,-45,3/28/2022,06:52:48 PM,CALOLIVEIRA,1,AUTORIZADO PELO GERENT
207,57187118,426.96,3/29/2022,12:09:00 AM,RFREITAS,1,ERRO DE LANÇAMENTO
211,56734832,426.96,3/29/2022,05:12:59 PM,CFIOR,1,ERRO DE LANÇAMENTO
601,57212589,1555.62,3/29/2022,09:24:59 AM,JPALMEIDA,1,ERRO DE LANÇAMENTO
601,57212589,-25,3/29/2022,12:02:00 AM,RFREITAS,1,LCTO EM DUPLICIDADE
601,57212589,-1.25,3/29/2022,12:02:00 AM,RFREITAS,1,LCTO EM DUPLICIDADE
605,57240450,452.76,3/29/2022,10:57:20 PM,CFIOR,1,ERRO DE LANÇAMENTO
607,57176876,274.71,3/29/2022,12:04:00 AM,RFREITAS,1,ERRO DE LANÇAMENTO
703,56668813,628.4,3/29/2022,04:43:24 PM,CALOLIVEIRA,1,AUTORIZADO PELO GERENT
703,56668813,-149.62,3/29/2022,04:43:28 PM,CALOLIVEIRA,1,AUTORIZADO PELO GERENT
703,56668813,-7.48,3/29/2022,04:43:28 PM,CALOLIVEIRA,1,AUTORIZADO PELO GERENT
706,57243344,-6,3/29/2022,12:49:10 PM,LPADOVINO,1,HOSPEDE NÃO CONSUMIU
708,57246807,53.81,3/29/2022,01:49:00 PM,LPADOVINO,1,ERRO DE LANÇAMENTO
,,-138,3/29/2022,11:35:59 AM,LPADOVINO,1,AUTORIZADO PELO GERENT
,,-138,3/29/2022,11:35:59 AM,LPADOVINO,1,AUTORIZADO PELO GERENT
,,-138,3/29/2022,11:35:59 AM,LPADOVINO,1,AUTORIZADO PELO GERENT
,,-118,3/29/2022,07:59:10 AM,LPADOVINO,1,ERRO DO SISTEMA
,,-117.15,3/29/2022,11:34:11 AM,LPADOVINO,1,ERRO DE LANÇAMENTO
,,-117.15,3/29/2022,11:34:11 AM,LPADOVINO,1,ERRO DE LANÇAMENTO
1104,57172439,-8.59,3/30/2022,09:29:54 AM,RFELIZ,1,ERRO DE LANÇAMENTO
1104,57172439,-171.74,3/30/2022,09:30:01 AM,RFELIZ,1,ERRO DE LANÇAMENTO
1104,57172439,-171.74,3/30/2022,09:29:54 AM,RFELIZ,1,ERRO DE LANÇAMENTO
1104,57172439,-8.59,3/30/2022,09:30:01 AM,RFELIZ,1,ERRO DE LANÇAMENTO
1107,55622755,-24,3/30/2022,04:39:08 PM,CALOLIVEIRA,4,AUTORIZADO PELO GERENT
1107,55622755,-20,3/30/2022,04:39:08 PM,CALOLIVEIRA,2,AUTORIZADO PELO GERENT
1107,55622755,-16,3/30/2022,04:39:08 PM,CALOLIVEIRA,2,AUTORIZADO PELO GERENT
1107,55622755,-15,3/30/2022,04:39:08 PM,CALOLIVEIRA,1,AUTORIZADO PELO GERENT
1107,55622755,-12,3/30/2022,04:39:08 PM,CALOLIVEIRA,1,AUTORIZADO PELO GERENT
1107,55622755,-8,3/30/2022,04:39:08 PM,CALOLIVEIRA,1,AUTORIZADO PELO GERENT
1107,55622755,-8,3/30/2022,04:39:08 PM,CALOLIVEIRA,1,AUTORIZADO PELO GERENT
1107,55622755,-8,3/30/2022,04:39:08 PM,CALOLIVEIRA,1,AUTORIZADO PELO GERENT
1107,55622755,-5,3/30/2022,04:39:08 PM,CALOLIVEIRA,1,AUTORIZADO PELO GERENT
1108,57246564,-210,3/30/2022,08:02:18 AM,RFELIZ,1,ERRO DE LANÇAMENTO
1108,57246564,-10.5,3/30/2022,08:02:18 AM,RFELIZ,1,ERRO DE LANÇAMENTO
1108,57246564,-6,3/30/2022,05:33:13 PM,CALOLIVEIRA,1,AUTORIZADO PELO GERENT
1108,57246564,-8,3/30/2022,05:33:03 PM,CALOLIVEIRA,1,AUTORIZADO PELO GERENT
1108,57246564,-8,3/30/2022,05:32:51 PM,CALOLIVEIRA,2,AUTORIZADO PELO GERENT
1202,56976275,-30,3/30/2022,12:08:21 PM,CALOLIVEIRA,2,AUTORIZADO PELO GERENT
1202,56976275,-20,3/30/2022,12:08:21 PM,CALOLIVEIRA,2,AUTORIZADO PELO GERENT
1202,56976275,-4,3/30/2022,12:08:21 PM,CALOLIVEIRA,1,AUTORIZADO PELO GERENT
205,57253722,953.42,3/30/2022,08:35:59 PM,CFIOR,1,ERRO DE LANÇAMENTO
209,57067716,504,3/30/2022,01:57:45 AM,RFREITAS,1,ERRO DE LANÇAMENTO
505,57256667,-12.25,3/30/2022,10:56:00 AM,RFELIZ,1,ERRO DE LANÇAMENTO
505,57256667,-245,3/30/2022,10:56:00 AM,RFELIZ,1,ERRO DE LANÇAMENTO
909,57136939,-8,3/30/2022,12:14:15 PM,CALOLIVEIRA,1,AUTORIZADO PELO GERENT
,54213436,1243.2,3/30/2022,09:43:01 AM,CALOLIVEIRA,1,AUTORIZADO PELO GERENT
,,-12.36,3/30/2022,05:10:24 PM,CALOLIVEIRA,1,AUTORIZADO PELO GERENT
,,-247.28,3/30/2022,05:10:24 PM,CALOLIVEIRA,1,AUTORIZADO PELO GERENT
103,57269610,50325,3/31/2022,08:03:42 AM,LPADOVINO,1,ERRO DE LANÇAMENTO
605,57240450,-6,3/31/2022,07:39:48 AM,RFREITAS,1,HOSPEDE NÃO CONSUMIU
,,123,3/31/2022,04:29:44 PM,CALOLIVEIRA,1,AUTORIZADO PELO GERENT
