"UH","Reserva","Valor","Data","Hora","Usuário","Qtde","Motivo"
"107","57429723","-293","5/1/2022","10:04:21 AM","RFELIZ","1","ERRO DO SISTEMA"
"208","57825777","32.25","5/1/2022","1:48:40 AM","RFELIZ","1","ERRO DE LANÇAMENTO"
"510","57813205","-196.79","5/1/2022","12:14:57 PM","RFELIZ","1","ERRO DE LANÇAMENTO"
"502","57837422","-196.24","5/1/2022","11:24:00 PM","RFELIZ","1","ERRO DE LANÇAMENTO"
"510","57813205","-30","5/1/2022","12:13:47 PM","RFELIZ","1","ERRO DE LANÇAMENTO"
"107","57429723","-14.65","5/1/2022","10:04:21 AM","RFELIZ","1","ERRO DO SISTEMA"
"107","57429723","-14.65","5/1/2022","10:04:21 AM","RFELIZ","1","ERRO DO SISTEMA"
"510","57813205","-9.84","5/1/2022","12:14:57 PM","RFELIZ","1","ERRO DE LANÇAMENTO"
"502","57837422","-9.81","5/1/2022","11:24:00 PM","RFELIZ","1","ERRO DE LANÇAMENTO"
"701","57718687","-2.97","5/1/2022","11:25:08 AM","RFELIZ","1","CORTESIA DE DIÁRIAS"
"510","57813205","-1.5","5/1/2022","12:13:47 PM","RFELIZ","1","ERRO DE LANÇAMENTO"
"701","57718687","-0.15","5/1/2022","11:25:08 AM","RFELIZ","1","CORTESIA DE DIÁRIAS"
"701","57718687","2.97","5/1/2022","11:24:36 AM","RFELIZ","1","ERRO DE LANÇAMENTO"
"","","26.25","5/1/2022","12:42:44 AM","RFELIZ","1","ERRO DE LANÇAMENTO"
"309","57755221","32.25","5/1/2022","12:35:06 AM","RFELIZ","1","ERRO DE LANÇAMENTO"
"107","57429723","-293","5/1/2022","10:04:21 AM","RFELIZ","1","ERRO DO SISTEMA"
"401","57767653","-281","5/2/2022","6:47:03 AM","RFELIZ","1","ERRO DE LANÇAMENTO"
"","","210","5/2/2022","11:30:04 AM","LPADOVINO","1","Erro de Laçto"
"401","57767653","-281","5/2/2022","6:47:03 AM","RFELIZ","1","ERRO DE LANÇAMENTO"
"401","57767653","-253","5/2/2022","6:47:03 AM","RFELIZ","1","ERRO DE LANÇAMENTO"
"1201","57720207","-59.9","5/2/2022","2:48:00 PM","ECSOUSA","1","ERRO DE LANÇAMENTO"
"705","56816111","-25.2","5/2/2022","12:58:00 PM","CALOLIVEIRA","3","AUTORIZADO PELO GERENT"
"1106","57787670","-25","5/2/2022","12:38:00 AM","RFELIZ","1","LCTO EM DUPLICIDADE"
"710","57529248","-15","5/2/2022","8:48:00 AM","LPADOVINO","1","HOSPEDE NÃO CONSUMIU"
"401","57767653","-14.05","5/2/2022","6:47:03 AM","RFELIZ","1","ERRO DE LANÇAMENTO"
"401","57767653","-14.05","5/2/2022","6:47:03 AM","RFELIZ","1","ERRO DE LANÇAMENTO"
"401","57767653","-14.05","5/2/2022","6:47:03 AM","RFELIZ","1","ERRO DE LANÇAMENTO"
"401","57767653","-12.65","5/2/2022","6:47:03 AM","RFELIZ","1","ERRO DE LANÇAMENTO"
"905","57103801","-12","5/2/2022","8:09:00 AM","LPADOVINO","2","HOSPEDE NÃO CONSUMIU"
"905","57103801","-8","5/2/2022","8:09:00 AM","LPADOVINO","1","HOSPEDE NÃO CONSUMIU"
"1109","57804303","-4","5/2/2022","11:56:09 AM","LPADOVINO","1","AUTORIZADO PELO GERENT"
"705","56816111","-1.26","5/2/2022","12:58:00 PM","CALOLIVEIRA","1","AUTORIZADO PELO GERENT"
"1106","57787670","-1.25","5/2/2022","12:38:00 AM","RFELIZ","1","LCTO EM DUPLICIDADE"
"401","57767653","-0.02","5/2/2022","6:50:08 AM","RFELIZ","1","CORTESIA DE DIÁRIAS"
"401","57767653","0","5/2/2022","6:50:08 AM","RFELIZ","1","CORTESIA DE DIÁRIAS"
"105","57828229","34.25","5/2/2022","7:26:38 PM","CFIOR","1","ERRO DE LANÇAMENTO"
"804","57450684","74.5","5/2/2022","3:15:27 PM","LPADOVINO","1","AUTORIZADO PELO GERENT"
"401","57767653","-281","5/2/2022","6:47:03 AM","RFELIZ","1","ERRO DE LANÇAMENTO"
"","","-25","5/3/2022","4:16:09 PM","CFIOR","1","ERRO DE LANÇAMENTO"
"506","57856915","983.83","5/3/2022","1:09:00 AM","RFREITAS","1","ERRO DE LANÇAMENTO"
"910","57637318","-25","5/3/2022","12:33:47 AM","RFREITAS","1","LCTO EM DUPLICIDADE"
"411","57815402","-18","5/3/2022","4:51:12 PM","CALOLIVEIRA","3","AUTORIZADO PELO GERENT"
"411","57815402","-16","5/3/2022","4:51:12 PM","CALOLIVEIRA","2","AUTORIZADO PELO GERENT"
"605","57808171","-12","5/3/2022","4:46:59 PM","CALOLIVEIRA","2","AUTORIZADO PELO GERENT"
"605","57808171","-8","5/3/2022","4:46:59 PM","CALOLIVEIRA","1","AUTORIZADO PELO GERENT"
"605","57808171","-6","5/3/2022","4:46:59 PM","CALOLIVEIRA","1","AUTORIZADO PELO GERENT"
"","","-1.25","5/3/2022","4:16:09 PM","CFIOR","1","ERRO DE LANÇAMENTO"
"","","-1.25","5/3/2022","4:16:09 PM","CFIOR","1","ERRO DE LANÇAMENTO"
"910","57637318","-1.25","5/3/2022","12:33:47 AM","RFREITAS","1","LCTO EM DUPLICIDADE"
"701","57745854","1.39","5/3/2022","7:27:05 PM","CALOLIVEIRA","1","AUTORIZADO PELO GERENT"
"701","57745854","4.79","5/3/2022","10:23:00 AM","CALOLIVEIRA","1","AUTORIZADO PELO GERENT"
"102","57817731","6","5/3/2022","6:29:48 PM","LPADOVINO","1","AUTORIZADO PELO GERENT"
"809","57802742","26.25","5/3/2022","6:46:35 PM","LPADOVINO","1","AUTORIZADO PELO GERENT"
"301","57772592","68.5","5/3/2022","6:09:09 PM","LPADOVINO","1","AUTORIZADO PELO GERENT"
"501","57738203","80.5","5/3/2022","6:36:57 PM","LPADOVINO","1","AUTORIZADO PELO GERENT"
"102","57817731","259.64","5/3/2022","6:42:27 PM","LPADOVINO","1","AUTORIZADO PELO GERENT"
"906","57827850","287.36","5/3/2022","6:21:27 PM","LPADOVINO","1","AUTORIZADO PELO GERENT"
"","57806527","404.79","5/3/2022","5:24:25 PM","CALOLIVEIRA","1","AUTORIZADO PELO GERENT"
"","","-25","5/3/2022","4:16:09 PM","CFIOR","1","ERRO DE LANÇAMENTO"
"601","57898901","-190.96","5/4/2022","6:52:00 PM","CALOLIVEIRA","1","AUTORIZADO PELO GERENT"
"1009","57824517","876.01","5/4/2022","2:14:00 AM","RFREITAS","1","ERRO DE LANÇAMENTO"
"209","57849919","-25","5/4/2022","12:36:00 AM","RFREITAS","1","LCTO EM DUPLICIDADE"
"401","57622485","-15","5/4/2022","7:16:00 AM","RFREITAS","1","HOSPEDE NÃO CONSUMIU"
"","","-15","5/4/2022","12:34:10 AM","RFREITAS","1","LCTO EM DUPLICIDADE"
"","","-15","5/4/2022","12:35:42 AM","RFREITAS","1","ERRO DE LANÇAMENTO"
"601","57898901","-9.55","5/4/2022","6:52:00 PM","CALOLIVEIRA","1","AUTORIZADO PELO GERENT"
"411","57740968","-8","5/4/2022","4:08:12 PM","ECSOUSA","1","ERRO DE LANÇAMENTO"
"903","57806993","-8","5/4/2022","6:58:35 PM","CFIOR","1","ERRO DE LANÇAMENTO"
"903","57806993","-7.1","5/4/2022","7:02:58 PM","CFIOR","1","ERRO DE LANÇAMENTO"
"103","57613508","-6","5/4/2022","8:13:47 AM","ECSOUSA","1","ERRO DE LANÇAMENTO"
"411","57740968","-6","5/4/2022","4:08:12 PM","ECSOUSA","1","ERRO DE LANÇAMENTO"
"1101","57865094","-3","5/4/2022","12:22:24 PM","ECSOUSA","1","ERRO DE LANÇAMENTO"
"1101","57865094","-3","5/4/2022","2:09:00 AM","RFREITAS","1","ERRO DE LANÇAMENTO"
"209","57849919","-1.25","5/4/2022","12:36:00 AM","RFREITAS","1","LCTO EM DUPLICIDADE"
"","","-0.75","5/4/2022","12:34:10 AM","RFREITAS","1","LCTO EM DUPLICIDADE"
"","","-0.75","5/4/2022","12:35:42 AM","RFREITAS","1","ERRO DE LANÇAMENTO"
"1101","57865094","3","5/4/2022","2:09:00 AM","RFREITAS","1","ERRO DE LANÇAMENTO"
"1203","57810168","10","5/4/2022","3:15:08 PM","LPADOVINO","1","ERRO DE LANÇAMENTO"
"401","57622485","14","5/4/2022","1:59:14 AM","RFREITAS","1","ERRO DE LANÇAMENTO"
"502","57640858","41","5/4/2022","2:21:11 AM","RFREITAS","1","ERRO DE LANÇAMENTO"
"103","57613508","58.5","5/4/2022","6:26:27 PM","ECSOUSA","1","ERRO DE LANÇAMENTO"
"102","57399212","455.7","5/4/2022","4:15:12 PM","CFIOR","1","Erro de Laçto"
"","57666032","548.86","5/4/2022","5:59:26 PM","CALOLIVEIRA","1","AUTORIZADO PELO GERENT"
"903","57806993","-142","5/4/2022","7:02:58 PM","CFIOR","1","ERRO DE LANÇAMENTO"
"108","57921261","-297","5/5/2022","7:29:00 PM","ECSOUSA","1","ERRO DO SISTEMA"
"1101","57865094","562.25","5/5/2022","2:44:31 PM","RFELIZ","1","ERRO DE LANÇAMENTO"
"105","57623562","-160.36","5/5/2022","4:49:00 PM","CALOLIVEIRA","1","AUTORIZADO PELO GERENT"
"1104","57603340","-25","5/5/2022","12:41:00 AM","RFREITAS","1","LCTO EM DUPLICIDADE"
"511","57885109","-16","5/5/2022","8:56:37 AM","RFELIZ","2","HOSPEDE NÃO CONSUMIU"
"310","54971160","-16","5/5/2022","3:53:15 PM","CALOLIVEIRA","2","AUTORIZADO PELO GERENT"
"108","57921261","-14.85","5/5/2022","7:29:00 PM","ECSOUSA","1","ERRO DO SISTEMA"
"209","57849919","-10.85","5/5/2022","5:58:01 AM","RFREITAS","1","ERRO DO SISTEMA"
"511","57885109","-10","5/5/2022","8:56:38 AM","RFELIZ","2","HOSPEDE NÃO CONSUMIU"
"105","57623562","-8.02","5/5/2022","4:49:00 PM","CALOLIVEIRA","1","AUTORIZADO PELO GERENT"
"408","57171890","-8","5/5/2022","7:20:33 AM","RFREITAS","1","HOSPEDE NÃO CONSUMIU"
"511","57885109","-8","5/5/2022","8:56:37 AM","RFELIZ","1","HOSPEDE NÃO CONSUMIU"
"511","57885109","-8","5/5/2022","8:56:37 AM","RFELIZ","1","HOSPEDE NÃO CONSUMIU"
"308","57663955","-6","5/5/2022","9:13:26 AM","RFELIZ","1","ERRO DE LANÇAMENTO"
"310","54971160","-6","5/5/2022","3:53:15 PM","CALOLIVEIRA","1","AUTORIZADO PELO GERENT"
"511","57885109","-5","5/5/2022","8:56:38 AM","RFELIZ","1","HOSPEDE NÃO CONSUMIU"
"1104","57603340","-1.25","5/5/2022","12:41:00 AM","RFREITAS","1","LCTO EM DUPLICIDADE"
"1009","57436525","21","5/5/2022","2:42:02 PM","RFELIZ","1","ERRO DE LANÇAMENTO"
"102","57399212","35","5/5/2022","2:49:00 PM","RFELIZ","1","ERRO DE LANÇAMENTO"
"410","57754276","52.5","5/5/2022","10:47:17 AM","ECSOUSA","1","ERRO DE LANÇAMENTO"
"108","57921261","274.42","5/5/2022","2:08:00 AM","RFREITAS","1","ERRO DE LANÇAMENTO"
"1101","57865094","462.25","5/5/2022","2:45:26 PM","RFELIZ","1","ERRO DE LANÇAMENTO"
"911","57702322","524","5/5/2022","12:11:49 PM","ECSOUSA","1","ERRO DE LANÇAMENTO"
"209","57849919","-217","5/5/2022","5:58:01 AM","RFREITAS","1","ERRO DO SISTEMA"
"706","57883327","-269.75","5/6/2022","11:04:00 PM","ECSOUSA","1","ERRO DO SISTEMA"
"308","57663955","1051.37","5/6/2022","6:46:15 AM","RFREITAS","1","LCTO EM DUPLICIDADE"
"911","57921377","-25","5/6/2022","9:40:44 AM","RFELIZ","1","LCTO EM DUPLICIDADE"
"710","57794014","-25","5/6/2022","11:44:00 PM","ECSOUSA","1","ERRO DE LANÇAMENTO"
"1006","57632847","-25","5/6/2022","1:54:00 AM","RFREITAS","1","LCTO EM DUPLICIDADE"
"304","57408602","-20","5/6/2022","7:44:00 AM","ECSOUSA","2","ERRO DE LANÇAMENTO"
"801","57720460","-16","5/6/2022","8:18:36 AM","RFELIZ","2","HOSPEDE NÃO CONSUMIU"
"706","57883327","-13.49","5/6/2022","11:04:00 PM","ECSOUSA","1","ERRO DO SISTEMA"
"910","57637318","-12","5/6/2022","8:26:00 AM","ECSOUSA","1","ERRO DE LANÇAMENTO"
"707","57896992","-11.14","5/6/2022","10:46:14 AM","CALOLIVEIRA","1","AUTORIZADO PELO GERENT"
"801","57720460","-8","5/6/2022","8:18:14 AM","RFELIZ","1","HOSPEDE NÃO CONSUMIU"
"801","57720460","-8","5/6/2022","8:18:36 AM","RFELIZ","1","HOSPEDE NÃO CONSUMIU"
"801","57720460","-6","5/6/2022","8:16:00 AM","RFELIZ","1","HOSPEDE NÃO CONSUMIU"
"403","57407851","-6","5/6/2022","8:22:09 AM","ECSOUSA","1","ERRO DE LANÇAMENTO"
"911","57921377","-1.25","5/6/2022","9:40:44 AM","RFELIZ","1","LCTO EM DUPLICIDADE"
"710","57794014","-1.25","5/6/2022","11:44:00 PM","ECSOUSA","1","ERRO DE LANÇAMENTO"
"1006","57632847","-1.25","5/6/2022","1:54:00 AM","RFREITAS","1","LCTO EM DUPLICIDADE"
"711","57922993","-0.25","5/6/2022","9:04:45 AM","RFELIZ","1","CORTESIA DE DIÁRIAS"
"309","57852502","6","5/6/2022","4:34:59 PM","RFELIZ","1","ERRO DE LANÇAMENTO"
"601","57898901","34.25","5/6/2022","4:10:37 PM","RFELIZ","1","ERRO DE LANÇAMENTO"
"905","57799695","105","5/6/2022","10:58:00 AM","ECSOUSA","1","ERRO DO SISTEMA"
"410","57754276","108.5","5/6/2022","4:16:22 PM","RFELIZ","1","ERRO DE LANÇAMENTO"
"207","57720428","153","5/6/2022","11:34:16 PM","ECSOUSA","1","ERRO DE LANÇAMENTO"
"710","57794014","242.55","5/6/2022","7:44:10 PM","ECSOUSA","1","Erro de Laçto"
"","57930651","374.9","5/6/2022","6:38:41 PM","CALOLIVEIRA","1","AUTORIZADO PELO GERENT"
"707","57896992","-222.75","5/6/2022","10:46:14 AM","CALOLIVEIRA","1","AUTORIZADO PELO GERENT"
"1001","57669619","-1001","5/7/2022","8:31:00 PM","CFIOR","1","ERRO DE LANÇAMENTO"
"905","57799695","596.4","5/7/2022","3:50:59 AM","RFELIZ","1","Erro de Laçto"
"1001","57669619","-50.05","5/7/2022","8:31:00 PM","CFIOR","1","ERRO DE LANÇAMENTO"
"1005","57398887","-8.23","5/7/2022","1:00:00 PM","ECSOUSA","1","CORTESIA DE DIÁRIAS"
"310","57794006","-8","5/7/2022","9:02:00 AM","ECSOUSA","1","HOSPEDE NÃO CONSUMIU"
"905","57799695","-8","5/7/2022","1:48:09 PM","CALOLIVEIRA","1","AUTORIZADO PELO GERENT"
"905","57799695","-8","5/7/2022","1:48:09 PM","CALOLIVEIRA","1","AUTORIZADO PELO GERENT"
"905","57799695","-8","5/7/2022","1:48:09 PM","CALOLIVEIRA","1","AUTORIZADO PELO GERENT"
"905","57799695","-8","5/7/2022","1:48:09 PM","CALOLIVEIRA","1","AUTORIZADO PELO GERENT"
"305","57286523","-6","5/7/2022","7:56:00 AM","ECSOUSA","1","HOSPEDE NÃO CONSUMIU"
"407","57928657","-6","5/7/2022","9:42:56 AM","CALOLIVEIRA","1","AUTORIZADO PELO GERENT"
"1010","57586519","-5","5/7/2022","10:38:00 AM","CALOLIVEIRA","1","AUTORIZADO PELO GERENT"
"1005","57398887","-0.41","5/7/2022","1:00:00 PM","ECSOUSA","1","CORTESIA DE DIÁRIAS"
"204","57433941","-0.01","5/7/2022","2:16:37 PM","CALOLIVEIRA","1","AUTORIZADO PELO GERENT"
"204","57433941","-0.01","5/7/2022","2:16:37 PM","CALOLIVEIRA","1","AUTORIZADO PELO GERENT"
"1203","57938776","0.05","5/7/2022","3:36:00 PM","RFELIZ","1","ERRO DE LANÇAMENTO"
"1102","57766894","38","5/7/2022","1:31:21 AM","RFELIZ","1","ERRO DE LANÇAMENTO"
"1109","57611343","50.25","5/7/2022","12:12:00 PM","RFELIZ","1","ERRO DE LANÇAMENTO"
"509","57794022","52","5/7/2022","1:57:26 AM","RFELIZ","1","ERRO DE LANÇAMENTO"
"1207","57850402","199.5","5/7/2022","1:17:00 AM","RFELIZ","1","ERRO DE LANÇAMENTO"
"106","57861676","278.57","5/7/2022","1:05:00 AM","RFELIZ","1","ERRO DE LANÇAMENTO"
"211","57758654","502.76","5/7/2022","1:15:00 AM","RFELIZ","1","ERRO DE LANÇAMENTO"
"401","57826838","530","5/7/2022","2:56:00 AM","RFELIZ","1","ERRO DE LANÇAMENTO"
"1111","57870020","-127","5/7/2022","5:41:00 AM","RFREITAS","1","ERRO DO SISTEMA"
"706","57883327","-269.75","5/8/2022","5:56:00 AM","RFELIZ","1","ERRO DO SISTEMA"
"501","57705380","146.25","5/8/2022","11:02:59 AM","RFELIZ","1","ERRO DE LANÇAMENTO"
"1111","57870020","-200.95","5/8/2022","7:04:03 AM","RFELIZ","1","ERRO DE LANÇAMENTO"
"610","57856206","-65","5/8/2022","10:47:51 AM","RFELIZ","1","ERRO DE LANÇAMENTO"
"903","57488819","-44","5/8/2022","5:16:00 AM","RFELIZ","1","ERRO DE LANÇAMENTO"
"502","57627975","-31.5","5/8/2022","12:37:54 PM","RFELIZ","1","HOSPEDE NÃO CONSUMIU"
"709","57714436","-25","5/8/2022","12:26:00 PM","RFELIZ","1","ERRO DE LANÇAMENTO"
"310","57961050","-20","5/8/2022","11:36:51 PM","CFIOR","1","ERRO DE LANÇAMENTO"
"411","57821100","-18","5/8/2022","11:25:39 AM","RFELIZ","3","ERRO DE LANÇAMENTO"
"706","57883327","-13.49","5/8/2022","5:56:00 AM","RFELIZ","1","ERRO DO SISTEMA"
"810","57794227","-11.55","5/8/2022","4:14:09 AM","RFELIZ","1","ERRO DO SISTEMA"
"1111","57870020","-10.05","5/8/2022","7:04:03 AM","RFELIZ","1","ERRO DE LANÇAMENTO"
"907","57614881","-8","5/8/2022","10:15:00 AM","ECSOUSA","1","HOSPEDE NÃO CONSUMIU"
"502","57627975","-8","5/8/2022","12:37:10 PM","RFELIZ","1","ERRO DE LANÇAMENTO"
"209","57869839","-6","5/8/2022","9:36:29 AM","ECSOUSA","1","HOSPEDE NÃO CONSUMIU"
"901","57471460","-6","5/8/2022","11:07:00 AM","RFELIZ","1","ERRO DE LANÇAMENTO"
"409","57862389","-5","5/8/2022","8:57:00 AM","ECSOUSA","1","HOSPEDE NÃO CONSUMIU"
"709","57714436","-1.25","5/8/2022","12:26:00 PM","RFELIZ","1","ERRO DE LANÇAMENTO"
"310","57961050","-1","5/8/2022","11:36:51 PM","CFIOR","1","ERRO DE LANÇAMENTO"
"806","57906246","-0.01","5/8/2022","6:48:35 AM","RFELIZ","1","ERRO DE LANÇAMENTO"
"904","57927227","-0.01","5/8/2022","8:36:03 AM","ECSOUSA","1","VALOR DIARA INCORRETO"
"806","57906246","0","5/8/2022","6:48:35 AM","RFELIZ","1","ERRO DE LANÇAMENTO"
"904","57927227","0","5/8/2022","8:36:03 AM","ECSOUSA","1","VALOR DIARA INCORRETO"
"806","57906246","0.02","5/8/2022","6:49:15 AM","RFELIZ","1","ERRO DE LANÇAMENTO"
"406","57857687","31.5","5/8/2022","3:28:55 PM","RFELIZ","1","ERRO DE LANÇAMENTO"
"408","57857695","101","5/8/2022","3:28:07 PM","RFELIZ","1","ERRO DE LANÇAMENTO"
"810","57794227","-231","5/8/2022","4:14:09 AM","RFELIZ","1","ERRO DO SISTEMA"
"306","57587957","-338","5/9/2022","11:27:00 PM","RFELIZ","1","ERRO DO SISTEMA"
"608","57869820","719.95","5/9/2022","2:12:00 AM","RFELIZ","1","ERRO DE LANÇAMENTO"
"","","-152","5/9/2022","12:04:16 AM","RFELIZ","1","ERRO DE LANÇAMENTO"
"306","57587957","-16.9","5/9/2022","11:27:00 PM","RFELIZ","1","ERRO DO SISTEMA"
"","","-7.6","5/9/2022","12:03:43 AM","RFELIZ","1","ERRO DE LANÇAMENTO"
"","","-7.6","5/9/2022","12:04:16 AM","RFELIZ","1","ERRO DE LANÇAMENTO"
"601","57726396","-4","5/9/2022","9:45:14 AM","ECSOUSA","1","HOSPEDE NÃO CONSUMIU"
"707","57481911","-0.01","5/9/2022","1:34:04 PM","CALOLIVEIRA","1","AUTORIZADO PELO GERENT"
"511","57987696","-0.01","5/9/2022","12:14:00 AM","RFELIZ","1","ERRO DO SISTEMA"
"707","57481911","0","5/9/2022","1:34:04 PM","CALOLIVEIRA","1","AUTORIZADO PELO GERENT"
"511","57987696","0","5/9/2022","12:14:00 AM","RFELIZ","1","ERRO DO SISTEMA"
"103","57851328","40.23","5/9/2022","4:37:10 PM","ECSOUSA","1","ERRO DE LANÇAMENTO"
"1011","57666911","79.65","5/9/2022","1:55:48 AM","RFELIZ","1","ERRO DE LANÇAMENTO"
"308","57828857","94.75","5/9/2022","1:59:44 AM","RFELIZ","1","ERRO DE LANÇAMENTO"
"","","-152","5/9/2022","12:03:43 AM","RFELIZ","1","ERRO DE LANÇAMENTO"
"511","57886148","-209.22","5/10/2022","5:15:00 PM","LPADOVINO","1","ERRO DE LANÇAMENTO"
"1007","56725604","1067.84","5/10/2022","4:14:49 AM","RFELIZ","1","Erro de Laçto"
"510","57646546","18","5/10/2022","3:06:21 AM","RFELIZ","1","ERRO DE LANÇAMENTO"
"406","57965609","21","5/10/2022","3:21:00 AM","RFELIZ","1","ERRO DE LANÇAMENTO"
"905","57834733","24","5/10/2022","4:20:12 PM","LPADOVINO","1","ERRO DE LANÇAMENTO"
"903","57916934","26.25","5/10/2022","9:24:25 AM","ECSOUSA","1","ERRO DE LANÇAMENTO"
"901","57471460","26.25","5/10/2022","4:57:42 PM","LPADOVINO","1","ERRO DE LANÇAMENTO"
"111","58004858","26.25","5/10/2022","3:01:00 AM","RFELIZ","1","ERRO DE LANÇAMENTO"
"710","57794014","32.25","5/10/2022","9:51:50 AM","ECSOUSA","1","ERRO DE LANÇAMENTO"
"1211","57758646","34.25","5/10/2022","4:50:58 PM","LPADOVINO","1","ERRO DE LANÇAMENTO"
"409","57646503","43","5/10/2022","3:03:12 AM","RFELIZ","1","ERRO DE LANÇAMENTO"
"710","57857814","56","5/10/2022","4:30:15 PM","LPADOVINO","1","ERRO DE LANÇAMENTO"
"1203","57401500","72","5/10/2022","9:30:58 AM","ECSOUSA","1","ERRO DE LANÇAMENTO"
"209","57849919","135.5","5/10/2022","10:19:00 AM","ECSOUSA","1","ERRO DE LANÇAMENTO"
"109","57873747","187.95","5/10/2022","3:49:07 AM","RFELIZ","1","Erro de Laçto"
"503","57805539","211.05","5/10/2022","1:46:44 PM","CALOLIVEIRA","1","Erro de Laçto"
"511","57886148","235.47","5/10/2022","5:09:00 PM","LPADOVINO","1","ERRO DE LANÇAMENTO"
"510","57646546","364.2","5/10/2022","2:45:15 PM","CALOLIVEIRA","1","Erro de Laçto"
"510","57646546","364.2","5/10/2022","3:05:51 AM","RFELIZ","1","Erro de Laçto"
"1109","57611343","418.39","5/10/2022","10:18:23 AM","LPADOVINO","1","ERRO DE LANÇAMENTO"
"410","57836191","6","5/10/2022","4:44:12 PM","LPADOVINO","1","ERRO DE LANÇAMENTO"
"701","57022585","-404","5/11/2022","11:31:19 PM","RFELIZ","1","ERRO DO SISTEMA"
"601","57729948","-25","5/11/2022","2:14:00 AM","RFELIZ","1","ERRO DE LANÇAMENTO"
"204","57976007","-8","5/11/2022","7:06:55 AM","RFELIZ","1","HOSPEDE NÃO CONSUMIU"
"1107","57995338","-8","5/11/2022","9:16:04 AM","RFELIZ","1","HOSPEDE NÃO CONSUMIU"
"604","57554277","-6","5/11/2022","9:38:50 AM","LPADOVINO","1","HOSPEDE NÃO CONSUMIU"
"706","56801726","493.5","5/11/2022","8:42:00 PM","CALOLIVEIRA","1","AUTORIZADO PELO GERENT"
"1203","57989834","12","5/11/2022","2:24:57 AM","RFELIZ","1","ERRO DE LANÇAMENTO"
"211","58015329","32.25","5/11/2022","2:22:04 PM","CALOLIVEIRA","1","ERRO DE LANÇAMENTO"
"1001","57729255","44.25","5/11/2022","2:22:44 AM","RFELIZ","1","ERRO DE LANÇAMENTO"
"901","58016031","68","5/11/2022","2:05:43 AM","RFELIZ","1","ERRO DE LANÇAMENTO"
"1009","57824517","118","5/11/2022","4:52:50 PM","LPADOVINO","1","ERRO DE LANÇAMENTO"
"601","57729948","-1.25","5/11/2022","2:14:00 AM","RFELIZ","1","ERRO DE LANÇAMENTO"
"1001","57957088","-126.8","5/12/2022","7:33:00 PM","RFELIZ","1","ERRO DE LANÇAMENTO"
"1001","57957088","-30","5/12/2022","7:21:00 PM","RFELIZ","1","ERRO DE LANÇAMENTO"
"801","57949573","-12","5/12/2022","3:05:25 PM","CALOLIVEIRA","2","AUTORIZADO PELO GERENT"
"404","57963827","-8","5/12/2022","6:46:35 AM","RFELIZ","1","HOSPEDE NÃO CONSUMIU"
"801","57949573","-8","5/12/2022","3:05:25 PM","CALOLIVEIRA","1","AUTORIZADO PELO GERENT"
"801","57949573","-8","5/12/2022","3:05:25 PM","CALOLIVEIRA","1","AUTORIZADO PELO GERENT"
"109","57706840","465.7","5/12/2022","3:08:00 PM","RFELIZ","1","ERRO DE LANÇAMENTO"
"1207","57777888","-6","5/12/2022","7:41:53 AM","LPADOVINO","1","HOSPEDE NÃO CONSUMIU"
"109","57873747","-4","5/12/2022","8:23:16 AM","LPADOVINO","1","ERRO DE LANÇAMENTO"
"501","57625808","21","5/12/2022","12:29:47 AM","RFELIZ","1","ERRO DE LANÇAMENTO"
"811","58016589","42","5/12/2022","12:46:39 AM","RFELIZ","1","ERRO DE LANÇAMENTO"
"1006","57943095","227.85","5/12/2022","12:25:16 AM","RFELIZ","1","ERRO DE LANÇAMENTO"
"1001","57957088","-6.34","5/12/2022","7:33:00 PM","RFELIZ","1","ERRO DE LANÇAMENTO"
"901","57722595","-52.5","5/13/2022","12:17:00 PM","ECSOUSA","1","ERRO DE LANÇAMENTO"
"201","57712123","1713.6","5/13/2022","3:01:00 AM","RFELIZ","1","AUTORIZADO PELO GERENT"
"510","57836760","-25","5/13/2022","2:43:00 PM","IGPESSOA","1","ERRO DE LANÇAMENTO"
"911","57452393","-25","5/13/2022","2:48:00 PM","IGPESSOA","1","ERRO DE LANÇAMENTO"
"409","57680345","-6","5/13/2022","8:08:00 AM","IGPESSOA","1","HOSPEDE NÃO CONSUMIU"
"907","57999848","-5","5/13/2022","11:43:38 AM","CALOLIVEIRA","1","AUTORIZADO PELO GERENT"
"907","57999848","-5","5/13/2022","11:43:38 AM","CALOLIVEIRA","1","AUTORIZADO PELO GERENT"
"901","57722595","-2.62","5/13/2022","12:17:00 PM","ECSOUSA","1","ERRO DE LANÇAMENTO"
"306","57587957","-1.5","5/13/2022","10:44:00 AM","CALOLIVEIRA","1","AUTORIZADO PELO GERENT"
"510","57836760","-1.25","5/13/2022","2:43:00 PM","IGPESSOA","1","ERRO DE LANÇAMENTO"
"911","57452393","-1.25","5/13/2022","2:48:00 PM","IGPESSOA","1","ERRO DE LANÇAMENTO"
"907","57999848","-0.25","5/13/2022","11:43:38 AM","CALOLIVEIRA","1","AUTORIZADO PELO GERENT"
"907","57999848","-0.25","5/13/2022","11:43:38 AM","CALOLIVEIRA","1","AUTORIZADO PELO GERENT"
"810","57740992","-0.01","5/13/2022","4:49:06 AM","RFELIZ","1","ERRO DO SISTEMA"
"1206","57740658","-0.01","5/13/2022","4:52:41 AM","RFELIZ","1","ERRO DO SISTEMA"
"108","57740631","-0.01","5/13/2022","5:01:35 AM","RFELIZ","1","ERRO DO SISTEMA"
"810","57740992","0","5/13/2022","4:49:06 AM","RFELIZ","1","ERRO DO SISTEMA"
"1206","57740658","0","5/13/2022","4:52:41 AM","RFELIZ","1","ERRO DO SISTEMA"
"108","57740631","0","5/13/2022","5:01:35 AM","RFELIZ","1","ERRO DO SISTEMA"
"106","57373906","142","5/13/2022","3:55:57 AM","RFELIZ","1","ERRO DE LANÇAMENTO"
"805","57638632","233","5/13/2022","11:56:00 AM","LPADOVINO","1","ERRO DE LANÇAMENTO"
"106","57373906","245.45","5/13/2022","7:41:19 AM","IGPESSOA","1","Erro de Laçto"
"108","57733066","262.47","5/13/2022","4:23:00 AM","RFELIZ","1","ERRO DE LANÇAMENTO"
"108","57733066","262.47","5/13/2022","5:03:36 AM","RFELIZ","1","Erro de Laçto"
"1004","57526567","289.8","5/13/2022","9:33:42 AM","CALOLIVEIRA","1","Erro de Laçto"
"204","57522693","289.8","5/13/2022","9:37:49 AM","CALOLIVEIRA","1","Erro de Laçto"
"604","57522707","289.8","5/13/2022","3:46:30 PM","CALOLIVEIRA","1","Erro de Laçto"
"810","57740992","330.76","5/13/2022","4:48:26 AM","RFELIZ","1","Erro de Laçto"
"1206","57740658","387.46","5/13/2022","4:52:14 AM","RFELIZ","1","Erro de Laçto"
"108","57740631","387.46","5/13/2022","5:01:04 AM","RFELIZ","1","Erro de Laçto"
"707","57712816","399.16","5/13/2022","5:26:56 AM","RFELIZ","1","Erro de Laçto"
"507","57451982","418.44","5/13/2022","4:06:00 AM","RFELIZ","1","ERRO DE LANÇAMENTO"
"602","57692548","454.6","5/13/2022","4:12:00 AM","RFELIZ","1","LCTO EM DUPLICIDADE"
"402","57692521","454.62","5/13/2022","4:11:00 AM","RFELIZ","1","LCTO EM DUPLICIDADE"
"1007","57451974","521.64","5/13/2022","4:17:00 AM","RFELIZ","1","LCTO EM DUPLICIDADE"
"1003","58007814","645.75","5/13/2022","4:58:20 AM","RFELIZ","1","Erro de Laçto"
"306","57587957","-30","5/13/2022","10:44:00 AM","CALOLIVEIRA","1","AUTORIZADO PELO GERENT"
"","","-26.25","5/14/2022","5:09:53 PM","CFIOR","1","ERRO DE LANÇAMENTO"
"","","-1.31","5/14/2022","5:09:53 PM","CFIOR","1","ERRO DE LANÇAMENTO"
"104","58013776","235.2","5/14/2022","7:49:05 AM","ECSOUSA","1","Erro de Laçto"
"109","57706840","12","5/14/2022","12:43:02 AM","RFREITAS","1","ERRO DE LANÇAMENTO"
"106","57733058","6","5/14/2022","12:32:48 AM","RFREITAS","1","ERRO DE LANÇAMENTO"
"801","57531129","-245.39","5/15/2022","11:56:00 AM","ECSOUSA","1","ERRO DE LANÇAMENTO"
"604","58035443","-48","5/15/2022","1:17:51 AM","RFREITAS","1","ERRO DE LANÇAMENTO"
"801","57531129","-24","5/15/2022","11:56:00 AM","ECSOUSA","3","ERRO DE LANÇAMENTO"
"301","57494762","-16","5/15/2022","9:34:00 AM","ECSOUSA","4","HOSPEDE NÃO CONSUMIU"
"302","57525145","-16","5/15/2022","11:56:51 AM","ECSOUSA","4","HOSPEDE NÃO CONSUMIU"
"509","56804814","-15","5/15/2022","11:55:00 AM","ECSOUSA","1","HOSPEDE NÃO CONSUMIU"
"509","56804814","-12","5/15/2022","11:55:00 AM","ECSOUSA","2","HOSPEDE NÃO CONSUMIU"
"208","58016392","-12","5/15/2022","12:03:00 PM","ECSOUSA","2","ERRO DE LANÇAMENTO"
"509","56804814","-8","5/15/2022","11:55:00 AM","ECSOUSA","1","HOSPEDE NÃO CONSUMIU"
"809","57818606","-6","5/15/2022","11:42:48 AM","IGPESSOA","1","ERRO DE LANÇAMENTO"
"509","56804814","-6","5/15/2022","11:55:00 AM","ECSOUSA","1","HOSPEDE NÃO CONSUMIU"
"509","56804814","-6","5/15/2022","11:55:00 AM","ECSOUSA","1","HOSPEDE NÃO CONSUMIU"
"801","57531129","-6","5/15/2022","11:56:00 AM","ECSOUSA","1","ERRO DE LANÇAMENTO"
"604","58035443","-2.4","5/15/2022","1:17:51 AM","RFREITAS","1","ERRO DE LANÇAMENTO"
"1105","58060359","-1.58","5/15/2022","12:11:25 PM","IGPESSOA","1","ERRO DE LANÇAMENTO"
"1105","58060359","-0.08","5/15/2022","12:11:25 PM","IGPESSOA","1","ERRO DE LANÇAMENTO"
"402","57692521","0.02","5/15/2022","11:04:41 AM","ECSOUSA","1","ERRO DE LANÇAMENTO"
"1107","57688737","6","5/15/2022","12:47:05 AM","RFREITAS","1","ERRO DE LANÇAMENTO"
"411","57704597","14.25","5/15/2022","12:19:15 PM","ECSOUSA","1","ERRO DE LANÇAMENTO"
"1101","57464421","38","5/15/2022","11:03:01 AM","ECSOUSA","1","ERRO DO SISTEMA"
"1101","57464421","38","5/15/2022","1:32:18 PM","ECSOUSA","1","ERRO DE LANÇAMENTO"
"506","58038973","69.52","5/15/2022","4:22:28 PM","IGPESSOA","1","ERRO DE LANÇAMENTO"
"407","58043381","114.84","5/15/2022","4:19:12 PM","IGPESSOA","1","ERRO DE LANÇAMENTO"
"1109","57482241","157.5","5/15/2022","1:12:15 AM","RFREITAS","1","ERRO DE LANÇAMENTO"
"806","58047131","258.3","5/15/2022","12:57:47 AM","RFREITAS","1","ERRO DE LANÇAMENTO"
"202","57551065","307.74","5/15/2022","1:04:04 AM","RFREITAS","1","ERRO DE LANÇAMENTO"
"909","57519331","379","5/15/2022","9:29:40 AM","IGPESSOA","1","ERRO DO SISTEMA"
"301","57494762","418.44","5/15/2022","1:59:05 PM","ECSOUSA","1","ERRO DE LANÇAMENTO"
"301","57494762","418.44","5/15/2022","1:59:25 PM","ECSOUSA","1","ERRO DE LANÇAMENTO"
"801","57531129","490.78","5/15/2022","11:56:00 AM","ECSOUSA","1","ERRO DE LANÇAMENTO"
"1005","57546851","1836.45","5/15/2022","10:32:01 AM","ECSOUSA","1","Erro de Laçto"
"1005","57546851","1836.45","5/15/2022","10:46:11 AM","IGPESSOA","1","Erro de Laçto"
"1005","57546851","1836.45","5/15/2022","2:22:59 PM","IGPESSOA","1","Erro de Laçto"
"1007","57451974","-206.18","5/16/2022","6:37:30 PM","CALOLIVEIRA","1","AUTORIZADO PELO GERENT"
"111","57712131","1713.6","5/16/2022","6:57:17 AM","RFREITAS","1","ERRO DE LANÇAMENTO"
"201","57712123","-47","5/16/2022","6:59:58 AM","RFREITAS","1","ERRO DE LANÇAMENTO"
"201","57712123","-47","5/16/2022","6:59:58 AM","RFREITAS","1","ERRO DE LANÇAMENTO"
"201","57712123","-47","5/16/2022","6:59:58 AM","RFREITAS","1","ERRO DE LANÇAMENTO"
"201","57712123","-47","5/16/2022","6:59:58 AM","RFREITAS","1","ERRO DE LANÇAMENTO"
"801","57531129","-30","5/16/2022","6:45:57 PM","CALOLIVEIRA","5","AUTORIZADO PELO GERENT"
"801","57531129","-20","5/16/2022","6:45:57 PM","CALOLIVEIRA","2","AUTORIZADO PELO GERENT"
"1202","57599025","-18","5/16/2022","6:57:00 PM","CALOLIVEIRA","3","AUTORIZADO PELO GERENT"
"411","57704597","-14.25","5/16/2022","6:26:12 PM","CALOLIVEIRA","1","AUTORIZADO PELO GERENT"
"601","54680107","-12","5/16/2022","8:43:41 AM","RFELIZ","3","HOSPEDE NÃO CONSUMIU"
"1210","57488215","-12","5/16/2022","10:18:00 PM","RFELIZ","3","HOSPEDE NÃO CONSUMIU"
"709","54680093","-10","5/16/2022","8:44:00 AM","RFELIZ","1","HOSPEDE NÃO CONSUMIU"
"603","57519358","-8","5/16/2022","4:09:00 PM","CALOLIVEIRA","1","AUTORIZADO PELO GERENT"
"603","57519358","-6","5/16/2022","4:09:00 PM","CALOLIVEIRA","1","AUTORIZADO PELO GERENT"
"1210","57488215","-6","5/16/2022","10:20:00 PM","RFELIZ","1","HOSPEDE NÃO CONSUMIU"
"1202","57599025","-3.12","5/16/2022","6:56:52 PM","CALOLIVEIRA","1","AUTORIZADO PELO GERENT"
"201","57712123","-2.35","5/16/2022","6:59:58 AM","RFREITAS","1","ERRO DE LANÇAMENTO"
"201","57712123","-2.35","5/16/2022","6:59:58 AM","RFREITAS","1","ERRO DE LANÇAMENTO"
"201","57712123","-2.35","5/16/2022","6:59:58 AM","RFREITAS","1","ERRO DE LANÇAMENTO"
"201","57712123","-2.35","5/16/2022","6:59:58 AM","RFREITAS","1","ERRO DE LANÇAMENTO"
"409","57286515","-0.01","5/16/2022","7:31:38 AM","RFELIZ","1","ERRO DO SISTEMA"
"409","56024673","-0.01","5/16/2022","11:22:25 PM","RFREITAS","1","ERRO DE LANÇAMENTO"
"409","57286515","0","5/16/2022","7:31:38 AM","RFELIZ","1","ERRO DO SISTEMA"
"202","57750653","25","5/16/2022","8:53:00 PM","RFELIZ","1","ERRO DE LANÇAMENTO"
"504","57458456","121","5/16/2022","5:06:00 PM","LPADOVINO","1","ERRO DE LANÇAMENTO"
"401","57519404","287.25","5/16/2022","5:53:04 PM","LPADOVINO","1","ERRO DE LANÇAMENTO"
"608","57869820","477.4","5/16/2022","1:19:37 PM","CALOLIVEIRA","1","AUTORIZADO PELO GERENT"
"409","56024673","507.94","5/16/2022","11:22:17 PM","RFREITAS","1","Erro de Laçto"
"1007","57451974","-206.18","5/16/2022","6:37:30 PM","CALOLIVEIRA","1","AUTORIZADO PELO GERENT"
"209","57849919","-224","5/17/2022","11:00:30 AM","LPADOVINO","1","ERRO DE LANÇAMENTO"
"910","57637318","609","5/17/2022","11:59:59 AM","LPADOVINO","1","Erro de Laçto"
"1001","57957088","-120.76","5/17/2022","11:46:27 AM","CALOLIVEIRA","1","AUTORIZADO PELO GERENT"
"1001","57957088","-120.76","5/17/2022","11:46:27 AM","CALOLIVEIRA","1","AUTORIZADO PELO GERENT"
"1001","57957088","-120.76","5/17/2022","11:46:27 AM","CALOLIVEIRA","1","AUTORIZADO PELO GERENT"
"1001","57957088","-120.76","5/17/2022","11:46:27 AM","CALOLIVEIRA","1","AUTORIZADO PELO GERENT"
"1111","58091025","-26.25","5/17/2022","4:34:00 PM","CALOLIVEIRA","1","AUTORIZADO PELO GERENT"
"1001","57957088","-25","5/17/2022","11:37:53 AM","IGPESSOA","1","HOSPEDE NÃO CONSUMIU"
"910","57637318","-25","5/17/2022","12:02:34 PM","LPADOVINO","1","ERRO DE LANÇAMENTO"
"910","57637318","-25","5/17/2022","12:02:34 PM","LPADOVINO","1","ERRO DE LANÇAMENTO"
"910","57637318","-25","5/17/2022","12:02:34 PM","LPADOVINO","1","ERRO DE LANÇAMENTO"
"910","57637318","-25","5/17/2022","12:02:34 PM","LPADOVINO","1","ERRO DE LANÇAMENTO"
"1111","58118918","-25","5/17/2022","12:52:00 AM","RFREITAS","1","LCTO EM DUPLICIDADE"
"209","57849919","-11.2","5/17/2022","11:00:30 AM","LPADOVINO","1","ERRO DE LANÇAMENTO"
"608","57801800","-11.15","5/17/2022","11:24:48 AM","CALOLIVEIRA","1","AUTORIZADO PELO GERENT"
"1001","57957088","-6.04","5/17/2022","11:46:27 AM","CALOLIVEIRA","1","AUTORIZADO PELO GERENT"
"1001","57957088","-6.04","5/17/2022","11:46:27 AM","CALOLIVEIRA","1","AUTORIZADO PELO GERENT"
"1001","57957088","-6.04","5/17/2022","11:46:27 AM","CALOLIVEIRA","1","AUTORIZADO PELO GERENT"
"1001","57957088","-6.04","5/17/2022","11:46:27 AM","CALOLIVEIRA","1","AUTORIZADO PELO GERENT"
"1001","57957088","-1.25","5/17/2022","11:37:53 AM","IGPESSOA","1","HOSPEDE NÃO CONSUMIU"
"910","57637318","-1.25","5/17/2022","12:02:34 PM","LPADOVINO","1","ERRO DE LANÇAMENTO"
"910","57637318","-1.25","5/17/2022","12:02:34 PM","LPADOVINO","1","ERRO DE LANÇAMENTO"
"910","57637318","-1.25","5/17/2022","12:02:34 PM","LPADOVINO","1","ERRO DE LANÇAMENTO"
"910","57637318","-1.25","5/17/2022","12:02:34 PM","LPADOVINO","1","ERRO DE LANÇAMENTO"
"1111","58118918","-1.25","5/17/2022","12:52:00 AM","RFREITAS","1","LCTO EM DUPLICIDADE"
"1109","58001816","26.52","5/17/2022","10:01:22 AM","IGPESSOA","1","ERRO DE LANÇAMENTO"
"708","57482616","28","5/17/2022","2:59:42 PM","LPADOVINO","1","ERRO DE LANÇAMENTO"
"904","57987718","38.25","5/17/2022","8:22:32 AM","IGPESSOA","1","ERRO DE LANÇAMENTO"
"209","57849919","235.2","5/17/2022","11:00:05 AM","LPADOVINO","1","Erro de Laçto"
"","57904707","339.36","5/17/2022","3:04:57 PM","CALOLIVEIRA","1","AUTORIZADO PELO GERENT"
"809","58134166","449.83","5/17/2022","1:09:00 AM","RFREITAS","1","LCTO EM DUPLICIDADE"
"608","57801800","-223","5/17/2022","11:24:48 AM","CALOLIVEIRA","1","AUTORIZADO PELO GERENT"
"1001","57957088","-18","5/18/2022","2:56:37 PM","LPADOVINO","3","HOSPEDE NÃO CONSUMIU"
"1001","57957088","-16","5/18/2022","2:56:37 PM","LPADOVINO","2","HOSPEDE NÃO CONSUMIU"
"1001","57957088","-12","5/18/2022","2:56:37 PM","LPADOVINO","2","HOSPEDE NÃO CONSUMIU"
"1001","57957088","-8","5/18/2022","2:56:37 PM","LPADOVINO","1","HOSPEDE NÃO CONSUMIU"
"1001","57957088","-4","5/18/2022","2:56:37 PM","LPADOVINO","1","HOSPEDE NÃO CONSUMIU"
"510","57519463","1134","5/18/2022","1:27:00 AM","RFELIZ","1","ERRO DE LANÇAMENTO"
"208","58165355","0","5/18/2022","12:48:00 AM","RFELIZ","1","CORTESIA DE DIÁRIAS"
"306","58155988","300.68","5/18/2022","1:34:00 AM","RFELIZ","1","ERRO DE LANÇAMENTO"
"408","58156100","300.68","5/18/2022","1:35:00 AM","RFELIZ","1","ERRO DE LANÇAMENTO"
"1001","57957088","362.28","5/18/2022","2:56:07 PM","LPADOVINO","1","ERRO DE LANÇAMENTO"
"210","57519455","1134","5/18/2022","1:26:00 AM","RFELIZ","1","ERRO DE LANÇAMENTO"
"208","58165355","-0.01","5/18/2022","12:48:00 AM","RFELIZ","1","CORTESIA DE DIÁRIAS"
"306","58155988","-261.36","5/19/2022","7:49:00 AM","CFIOR","1","HOSPEDE NÃO CONSUMIU"
"","57951292","801.99","5/19/2022","5:27:59 PM","CALOLIVEIRA","1","AUTORIZADO PELO GERENT"
"1208","57746192","-30","5/19/2022","2:43:30 PM","IGPESSOA","5","ERRO DE LANÇAMENTO"
"211","58110747","-25","5/19/2022","8:03:33 AM","IGPESSOA","1","ERRO DE LANÇAMENTO"
"1105","57861005","-25","5/19/2022","2:49:01 PM","IGPESSOA","1","ERRO DE LANÇAMENTO"
"611","58056874","-25","5/19/2022","12:19:00 AM","RFREITAS","1","HOSPEDE NÃO CONSUMIU"
"1105","57899487","-25","5/19/2022","1:10:00 AM","RFREITAS","1","LCTO EM DUPLICIDADE"
"101","58132996","-25","5/19/2022","1:11:00 AM","RFREITAS","1","LCTO EM DUPLICIDADE"
"1208","57746192","-20","5/19/2022","2:43:30 PM","IGPESSOA","2","ERRO DE LANÇAMENTO"
"306","58155988","-13.07","5/19/2022","7:49:00 AM","CFIOR","1","HOSPEDE NÃO CONSUMIU"
"1208","57746192","-12","5/19/2022","2:43:30 PM","IGPESSOA","3","ERRO DE LANÇAMENTO"
"205","56111738","-11.92","5/19/2022","2:23:00 PM","IGPESSOA","1","HOSPEDE NÃO CONSUMIU"
"605","57915628","-10","5/19/2022","6:18:00 AM","RFELIZ","1","HOSPEDE NÃO CONSUMIU"
"1109","57967202","-8","5/19/2022","1:52:51 PM","CALOLIVEIRA","1","AUTORIZADO PELO GERENT"
"1208","57746192","-8","5/19/2022","2:43:30 PM","IGPESSOA","1","ERRO DE LANÇAMENTO"
"1208","57746192","-6","5/19/2022","2:43:30 PM","IGPESSOA","1","ERRO DE LANÇAMENTO"
"211","58110747","-1.25","5/19/2022","8:03:33 AM","IGPESSOA","1","ERRO DE LANÇAMENTO"
"1105","57861005","-1.25","5/19/2022","2:49:01 PM","IGPESSOA","1","ERRO DE LANÇAMENTO"
"611","58056874","-1.25","5/19/2022","12:19:00 AM","RFREITAS","1","HOSPEDE NÃO CONSUMIU"
"1105","57899487","-1.25","5/19/2022","1:10:00 AM","RFREITAS","1","LCTO EM DUPLICIDADE"
"101","58132996","-1.25","5/19/2022","1:11:00 AM","RFREITAS","1","LCTO EM DUPLICIDADE"
"108","57740232","4","5/19/2022","2:57:23 AM","RFREITAS","1","ERRO DE LANÇAMENTO"
"609","58054197","60","5/19/2022","3:00:44 AM","RFREITAS","1","ERRO DE LANÇAMENTO"
"901","58040536","261.45","5/19/2022","8:21:51 AM","IGPESSOA","1","Erro de Laçto"
"211","58169288","437.97","5/19/2022","2:28:00 AM","RFREITAS","1","ERRO DE LANÇAMENTO"
"611","57943052","448.35","5/19/2022","7:50:50 AM","IGPESSOA","1","Erro de Laçto"
"609","56660022","451.66","5/19/2022","5:58:02 PM","ECSOUSA","1","ERRO DE LANÇAMENTO"
"202","57750653","541.8","5/19/2022","1:10:23 PM","CALOLIVEIRA","1","Erro de Laçto"
"205","56111738","-238.48","5/19/2022","2:23:00 PM","IGPESSOA","1","HOSPEDE NÃO CONSUMIU"
"207","58167889","-415.24","5/20/2022","9:22:43 AM","CALOLIVEIRA","1","AUTORIZADO PELO GERENT"
"611","58143963","504.64","5/20/2022","10:59:00 PM","ECSOUSA","1","AUTORIZADO PELO GERENT"
"608","58143971","-280.35","5/20/2022","11:03:00 PM","ECSOUSA","1","AUTORIZADO PELO GERENT"
"208","58173889","-240.57","5/20/2022","6:45:29 PM","CALOLIVEIRA","1","ERRO DO SISTEMA"
"1206","58110496","-123.5","5/20/2022","6:52:00 AM","RFREITAS","1","ERRO DO SISTEMA"
"207","58167889","-20.76","5/20/2022","9:22:43 AM","CALOLIVEIRA","1","AUTORIZADO PELO GERENT"
"202","58167900","-19.76","5/20/2022","9:17:00 AM","CALOLIVEIRA","1","AUTORIZADO PELO GERENT"
"305","57913404","-15","5/20/2022","7:45:02 AM","CFIOR","1","HOSPEDE NÃO CONSUMIU"
"208","58173889","-12.03","5/20/2022","6:45:29 PM","CALOLIVEIRA","1","ERRO DO SISTEMA"
"310","58044442","-12","5/20/2022","8:27:07 AM","IGPESSOA","1","HOSPEDE NÃO CONSUMIU"
"1206","58110496","-6.18","5/20/2022","6:52:00 AM","RFREITAS","1","ERRO DO SISTEMA"
"201","57869553","-5","5/20/2022","4:54:24 AM","RFREITAS","1","ERRO DE LANÇAMENTO"
"201","57869553","-5","5/20/2022","4:54:24 AM","RFREITAS","1","ERRO DE LANÇAMENTO"
"201","57869553","-5","5/20/2022","4:54:24 AM","RFREITAS","1","ERRO DE LANÇAMENTO"
"201","57869553","-0.25","5/20/2022","4:54:24 AM","RFREITAS","1","ERRO DE LANÇAMENTO"
"201","57869553","-0.25","5/20/2022","4:54:24 AM","RFREITAS","1","ERRO DE LANÇAMENTO"
"201","57869553","-0.25","5/20/2022","4:54:24 AM","RFREITAS","1","ERRO DE LANÇAMENTO"
"803","57898812","0.01","5/20/2022","7:37:57 AM","IGPESSOA","1","ERRO DE LANÇAMENTO"
"901","58040536","26.25","5/20/2022","2:03:06 PM","ANLGONCALVES","1","ERRO DE LANÇAMENTO"
"101","57836779","52.5","5/20/2022","8:48:00 PM","CFIOR","1","ERRO DE LANÇAMENTO"
"611","58143963","56.06","5/20/2022","10:59:00 PM","ECSOUSA","1","AUTORIZADO PELO GERENT"
"1207","58142053","126","5/20/2022","1:51:34 PM","ANLGONCALVES","1","ERRO DE LANÇAMENTO"
"1202","58131035","241.16","5/20/2022","3:02:00 AM","RFREITAS","1","ERRO DE LANÇAMENTO"
"901","58046070","365.65","5/20/2022","8:52:02 AM","CFIOR","1","ERRO DE LANÇAMENTO"
"1109","58068341","410","5/20/2022","1:43:00 PM","ANLGONCALVES","1","ERRO DE LANÇAMENTO"
"211","58169288","437.98","5/20/2022","10:14:00 AM","CFIOR","1","ERRO DE LANÇAMENTO"
"1203","58153098","466.2","5/20/2022","3:03:00 AM","RFREITAS","1","ERRO DE LANÇAMENTO"
"611","58143963","504.64","5/20/2022","10:59:00 PM","ECSOUSA","1","AUTORIZADO PELO GERENT"
"202","58167900","-395.24","5/20/2022","9:17:00 AM","CALOLIVEIRA","1","AUTORIZADO PELO GERENT"
"1211","58066071","-30","5/21/2022","11:51:40 PM","RFREITAS","1","ERRO DE LANÇAMENTO"
"507","57806071","939.75","5/21/2022","7:06:06 AM","RFREITAS","1","Erro de Laçto"
"1109","57458197","-25","5/21/2022","12:14:00 AM","RFREITAS","1","ERRO DE LANÇAMENTO"
"1109","57458197","-25","5/21/2022","12:14:00 AM","RFREITAS","1","ERRO DE LANÇAMENTO"
"1202","58131035","-12.5","5/21/2022","10:59:27 AM","CALOLIVEIRA","1","AUTORIZADO PELO GERENT"
"1202","58131035","-12.5","5/21/2022","10:59:27 AM","CALOLIVEIRA","1","AUTORIZADO PELO GERENT"
"1211","58066071","-1.5","5/21/2022","11:51:40 PM","RFREITAS","1","ERRO DE LANÇAMENTO"
"1211","58066071","-1.5","5/21/2022","11:51:40 PM","RFREITAS","1","ERRO DE LANÇAMENTO"
"1109","57458197","-1.25","5/21/2022","12:14:00 AM","RFREITAS","1","ERRO DE LANÇAMENTO"
"1109","57458197","-1.25","5/21/2022","12:14:00 AM","RFREITAS","1","ERRO DE LANÇAMENTO"
"1202","58131035","-0.63","5/21/2022","10:59:27 AM","CALOLIVEIRA","1","AUTORIZADO PELO GERENT"
"1202","58131035","-0.63","5/21/2022","10:59:27 AM","CALOLIVEIRA","1","AUTORIZADO PELO GERENT"
"1211","58066071","594.3","5/21/2022","11:03:06 AM","IGPESSOA","1","Erro de Laçto"
"1211","58066071","594.3","5/21/2022","11:51:09 PM","RFREITAS","1","Erro de Laçto"
"1211","58066071","-30","5/21/2022","11:51:40 PM","RFREITAS","1","ERRO DE LANÇAMENTO"
"404","58042563","-79.8","5/22/2022","12:55:00 PM","RFELIZ","1","ERRO DE LANÇAMENTO"
"503","58181687","-10.5","5/22/2022","12:39:04 AM","RFREITAS","1","ERRO DE LANÇAMENTO"
"1102","56544359","-8","5/22/2022","9:35:00 AM","CFIOR","1","HOSPEDE NÃO CONSUMIU"
"1001","57857008","-8","5/22/2022","9:58:34 AM","RFELIZ","1","HOSPEDE NÃO CONSUMIU"
"101","57836779","-6","5/22/2022","7:07:00 AM","RFREITAS","1","ERRO NA IMPRESSÃO"
"503","58181687","524.46","5/22/2022","12:38:28 AM","RFREITAS","1","Erro de Laçto"
"108","58085858","-6","5/22/2022","10:52:23 AM","RFELIZ","1","HOSPEDE NÃO CONSUMIU"
"404","58042563","-3.99","5/22/2022","12:55:00 PM","RFELIZ","1","ERRO DE LANÇAMENTO"
"503","58181687","-0.53","5/22/2022","12:39:04 AM","RFREITAS","1","ERRO DE LANÇAMENTO"
"107","58182225","107","5/22/2022","10:10:25 AM","RFELIZ","1","ERRO DE LANÇAMENTO"
"108","58085858","-6","5/22/2022","10:52:07 AM","RFELIZ","1","HOSPEDE NÃO CONSUMIU"
"705","57502994","-28","5/23/2022","3:14:19 PM","CALOLIVEIRA","1","AUTORIZADO PELO GERENT"
"705","57502994","-1.4","5/23/2022","3:14:19 PM","CALOLIVEIRA","1","AUTORIZADO PELO GERENT"
"101","57836779","26","5/23/2022","11:03:00 PM","CFIOR","1","ERRO DE LANÇAMENTO"
"707","58018204","508.12","5/23/2022","9:16:22 AM","IGPESSOA","1","AUTORIZADO PELO GERENT"
"1211","58066071","175.5","5/23/2022","2:56:00 PM","ANLGONCALVES","1","ERRO DE LANÇAMENTO"
"705","58206655","246.65","5/23/2022","3:01:38 PM","ANLGONCALVES","1","ERRO DE LANÇAMENTO"
"501","58218319","330.75","5/23/2022","3:40:23 PM","ANLGONCALVES","1","ERRO DE LANÇAMENTO"
"404","58042563","130","5/23/2022","3:36:48 PM","ANLGONCALVES","1","ERRO DE LANÇAMENTO"
"906","58176535","-210","5/24/2022","7:04:00 AM","RFREITAS","1","ERRO DE LANÇAMENTO"
"809","57990816","-140","5/24/2022","6:43:00 PM","RFELIZ","1","ERRO DE LANÇAMENTO"
"809","57990816","-140","5/24/2022","6:50:10 PM","RFELIZ","1","ERRO DE LANÇAMENTO"
"906","58176535","-10.5","5/24/2022","7:04:00 AM","RFREITAS","1","ERRO DE LANÇAMENTO"
"1102","58024271","-8","5/24/2022","9:42:00 AM","CALOLIVEIRA","1","AUTORIZADO PELO GERENT"
"1102","58024271","-8","5/24/2022","9:42:00 AM","CALOLIVEIRA","1","AUTORIZADO PELO GERENT"
"205","57376905","471","5/24/2022","11:59:00 AM","IGPESSOA","1","ERRO DE LANÇAMENTO"
"101","57836779","26","5/24/2022","1:57:40 PM","ANLGONCALVES","1","ERRO DE LANÇAMENTO"
"1201","57815666","53","5/24/2022","1:06:30 PM","ANLGONCALVES","1","ERRO DE LANÇAMENTO"
"301","58113878","65","5/24/2022","1:11:58 PM","ANLGONCALVES","1","ERRO DE LANÇAMENTO"
"1211","58066071","175.5","5/24/2022","1:45:00 PM","ANLGONCALVES","1","ERRO DE LANÇAMENTO"
"108","58176357","283.5","5/24/2022","1:34:00 AM","RFREITAS","1","LCTO EM DUPLICIDADE"
"1005","58024328","375.9","5/24/2022","12:24:43 AM","RFREITAS","1","Erro de Laçto"
"809","57990816","-7","5/24/2022","6:43:00 PM","RFELIZ","1","ERRO DE LANÇAMENTO"
"911","58176608","-5","5/25/2022","12:49:00 PM","CALOLIVEIRA","1","AUTORIZADO PELO GERENT"
"911","58176608","-0.25","5/25/2022","12:49:00 PM","CALOLIVEIRA","1","AUTORIZADO PELO GERENT"
"202","57848009","10","5/25/2022","11:49:00 AM","IGPESSOA","1","ERRO DE LANÇAMENTO"
"202","57848009","10","5/25/2022","1:18:45 AM","RFELIZ","1","ERRO DE LANÇAMENTO"
"105","57785694","512.1","5/25/2022","1:21:49 AM","RFELIZ","1","ERRO DE LANÇAMENTO"
"703","58176411","140.7","5/25/2022","1:24:00 AM","RFELIZ","1","ERRO DE LANÇAMENTO"
"","58267379","181.35","5/25/2022","2:55:30 PM","CALOLIVEIRA","1","AUTORIZADO PELO GERENT"
"1208","58176438","220.5","5/25/2022","1:35:00 PM","ANLGONCALVES","1","ERRO DE LANÇAMENTO"
"511","58063048","495.56","5/25/2022","2:48:45 PM","CALOLIVEIRA","1","AUTORIZADO PELO GERENT"
"601","58034277","94.5","5/25/2022","1:23:00 AM","RFELIZ","1","ERRO DE LANÇAMENTO"
"601","58034277","-174.2","5/26/2022","12:48:00 AM","RFREITAS","1","ERRO DO SISTEMA"
"309","57804389","630","5/26/2022","3:25:54 PM","LPADOVINO","1","Erro de Laçto"
"601","58034277","-8.71","5/26/2022","12:48:00 AM","RFREITAS","1","ERRO DO SISTEMA"
"1005","58156860","-8","5/26/2022","7:56:17 AM","ECSOUSA","1","HOSPEDE NÃO CONSUMIU"
"1005","58024328","-2.5","5/26/2022","5:22:51 PM","CFIOR","1","ERRO DE LANÇAMENTO"
"109","57814376","-0.02","5/26/2022","4:10:07 AM","RFELIZ","1","CORTESIA DE DIÁRIAS"
"109","57814376","0","5/26/2022","4:10:07 AM","RFELIZ","1","CORTESIA DE DIÁRIAS"
"905","57777748","10","5/26/2022","1:05:51 AM","RFREITAS","1","ERRO DE LANÇAMENTO"
"608","58157484","12","5/26/2022","1:08:12 AM","RFREITAS","1","ERRO DE LANÇAMENTO"
"1005","58024328","52.5","5/26/2022","5:22:51 PM","CFIOR","1","ERRO DE LANÇAMENTO"
"905","57777748","148","5/26/2022","2:22:10 PM","CALOLIVEIRA","1","Erro de Laçto"
"204","57960577","149.1","5/26/2022","3:52:35 PM","CALOLIVEIRA","1","Erro de Laçto"
"1003","58007814","252","5/26/2022","3:29:49 PM","LPADOVINO","1","Erro de Laçto"
"905","57777748","344.4","5/26/2022","2:22:10 PM","CALOLIVEIRA","1","Erro de Laçto"
"904","58111042","392.45","5/26/2022","7:39:45 AM","IGPESSOA","1","Erro de Laçto"
"109","57814376","496.14","5/26/2022","4:09:30 AM","RFELIZ","1","Erro de Laçto"
"1011","58084096","579.6","5/26/2022","1:14:00 AM","RFREITAS","1","ERRO DE LANÇAMENTO"
"1109","58048960","595.35","5/26/2022","1:11:00 AM","RFREITAS","1","ERRO DE LANÇAMENTO"
"1209","57804397","630","5/26/2022","3:15:46 PM","LPADOVINO","1","Erro de Laçto"
"1005","58024328","-50","5/26/2022","5:22:51 PM","CFIOR","1","ERRO DE LANÇAMENTO"
"911","58293582","-470","5/27/2022","6:50:00 PM","CFIOR","1","ERRO DO SISTEMA"
"109","57850003","470.4","5/27/2022","2:28:46 PM","LPADOVINO","1","Erro de Laçto"
"809","57990816","-90","5/27/2022","1:45:16 PM","CALOLIVEIRA","1","AUTORIZADO PELO GERENT"
"809","57990816","-90","5/27/2022","1:45:16 PM","CALOLIVEIRA","1","AUTORIZADO PELO GERENT"
"809","57990816","-90","5/27/2022","1:45:16 PM","CALOLIVEIRA","1","AUTORIZADO PELO GERENT"
"809","57990816","-90","5/27/2022","1:45:16 PM","CALOLIVEIRA","1","AUTORIZADO PELO GERENT"
"106","58176349","-30","5/27/2022","10:01:00 AM","IGPESSOA","1","AUTORIZADO PELO GERENT"
"106","58176349","-30","5/27/2022","10:01:00 AM","IGPESSOA","1","AUTORIZADO PELO GERENT"
"106","58176349","-30","5/27/2022","10:01:00 AM","IGPESSOA","1","AUTORIZADO PELO GERENT"
"1208","58176438","-30","5/27/2022","10:02:34 AM","IGPESSOA","1","AUTORIZADO PELO GERENT"
"","","-18","5/27/2022","7:36:47 PM","CALOLIVEIRA","3","HOSPEDE NÃO CONSUMIU"
"903","57442487","-12","5/27/2022","7:00:00 AM","IGPESSOA","2","HOSPEDE NÃO CONSUMIU"
"","","-12","5/27/2022","7:36:47 PM","CALOLIVEIRA","2","HOSPEDE NÃO CONSUMIU"
"705","57502994","-8","5/27/2022","6:28:00 AM","RFREITAS","1","HOSPEDE NÃO CONSUMIU"
"","","-6","5/27/2022","7:36:46 PM","CALOLIVEIRA","1","HOSPEDE NÃO CONSUMIU"
"404","57965242","-5","5/27/2022","8:22:47 AM","IGPESSOA","1","HOSPEDE NÃO CONSUMIU"
"","","-5","5/27/2022","7:39:02 PM","CALOLIVEIRA","1","AUTORIZADO PELO GERENT"
"","","-5","5/27/2022","7:39:02 PM","CALOLIVEIRA","1","AUTORIZADO PELO GERENT"
"","","-5","5/27/2022","7:39:03 PM","CALOLIVEIRA","1","AUTORIZADO PELO GERENT"
"","","-5","5/27/2022","7:39:03 PM","CALOLIVEIRA","1","AUTORIZADO PELO GERENT"
"","","-5","5/27/2022","7:39:03 PM","CALOLIVEIRA","1","AUTORIZADO PELO GERENT"
"809","57990816","-4.5","5/27/2022","1:45:16 PM","CALOLIVEIRA","1","AUTORIZADO PELO GERENT"
"809","57990816","-4.5","5/27/2022","1:45:16 PM","CALOLIVEIRA","1","AUTORIZADO PELO GERENT"
"809","57990816","-4.5","5/27/2022","1:45:16 PM","CALOLIVEIRA","1","AUTORIZADO PELO GERENT"
"809","57990816","-4.5","5/27/2022","1:45:16 PM","CALOLIVEIRA","1","AUTORIZADO PELO GERENT"
"408","58176322","-4","5/27/2022","7:59:48 PM","CALOLIVEIRA","1","AUTORIZADO PELO GERENT"
"106","58176349","-1.5","5/27/2022","10:01:00 AM","IGPESSOA","1","AUTORIZADO PELO GERENT"
"106","58176349","-1.5","5/27/2022","10:01:00 AM","IGPESSOA","1","AUTORIZADO PELO GERENT"
"106","58176349","-1.5","5/27/2022","10:01:00 AM","IGPESSOA","1","AUTORIZADO PELO GERENT"
"1208","58176438","-1.5","5/27/2022","10:02:34 AM","IGPESSOA","1","AUTORIZADO PELO GERENT"
"","","-0.25","5/27/2022","7:39:02 PM","CALOLIVEIRA","1","AUTORIZADO PELO GERENT"
"","","-0.25","5/27/2022","7:39:03 PM","CALOLIVEIRA","1","AUTORIZADO PELO GERENT"
"","","-0.25","5/27/2022","7:39:03 PM","CALOLIVEIRA","1","AUTORIZADO PELO GERENT"
"","","-0.25","5/27/2022","7:39:03 PM","CALOLIVEIRA","1","AUTORIZADO PELO GERENT"
"","","-0.25","5/27/2022","7:39:03 PM","CALOLIVEIRA","1","AUTORIZADO PELO GERENT"
"106","58176349","35.5","5/27/2022","11:27:00 PM","CALOLIVEIRA","1","ERRO DE LANÇAMENTO"
"1105","57899053","362.25","5/27/2022","12:51:42 AM","RFREITAS","1","Erro de Laçto"
"308","58176365","378","5/27/2022","7:15:30 PM","CALOLIVEIRA","1","Erro de Laçto"
"306","58176373","378","5/27/2022","7:19:32 PM","CALOLIVEIRA","1","Erro de Laçto"
"907","57447640","-470","5/27/2022","2:19:00 AM","RFREITAS","1","ERRO DO SISTEMA"
"907","57447640","-470","5/28/2022","1:02:00 AM","RFREITAS","1","ERRO DO SISTEMA"
"408","58318283","326.55","5/28/2022","12:35:00 AM","RFREITAS","1","ERRO DE LANÇAMENTO"
"601","58034277","-174.2","5/28/2022","8:00:00 AM","RFELIZ","1","ERRO DE LANÇAMENTO"
"806","58276610","-31.5","5/28/2022","8:15:13 PM","CALOLIVEIRA","1","AUTORIZADO PELO GERENT"
"1106","58290176","-25","5/28/2022","12:25:00 AM","RFREITAS","1","LCTO EM DUPLICIDADE"
"601","58034277","-8.71","5/28/2022","8:00:00 AM","RFELIZ","1","ERRO DE LANÇAMENTO"
"601","58034277","-8.71","5/28/2022","8:00:00 AM","RFELIZ","1","ERRO DE LANÇAMENTO"
"1010","58237267","-8","5/28/2022","12:09:07 PM","CALOLIVEIRA","1","AUTORIZADO PELO GERENT"
"806","58276610","-1.58","5/28/2022","8:15:13 PM","CALOLIVEIRA","1","AUTORIZADO PELO GERENT"
"1106","58290176","-1.25","5/28/2022","12:25:00 AM","RFREITAS","1","LCTO EM DUPLICIDADE"
"903","58312781","43","5/28/2022","3:37:00 PM","RFELIZ","1","ERRO DE LANÇAMENTO"
"903","58312781","43","5/28/2022","3:38:00 PM","RFELIZ","1","ERRO DE LANÇAMENTO"
"302","58163921","253.03","5/28/2022","1:26:00 PM","RFELIZ","1","ERRO DE LANÇAMENTO"
"307","58017402","259.47","5/28/2022","12:31:00 AM","RFREITAS","1","ERRO DE LANÇAMENTO"
"601","58034277","-174.2","5/28/2022","8:00:00 AM","RFELIZ","1","ERRO DE LANÇAMENTO"
"106","58278842","-0.01","5/29/2022","8:12:38 AM","RFELIZ","1","CORTESIA DE DIÁRIAS"
"106","58278842","0","5/29/2022","8:12:38 AM","RFELIZ","1","CORTESIA DE DIÁRIAS"
"1005","58225803","143.87","5/29/2022","3:35:00 PM","RFELIZ","1","ERRO DE LANÇAMENTO"
"","","0.01","5/29/2022","2:20:44 AM","RFREITAS","1","ERRO DE LANÇAMENTO"
"","","0.01","5/29/2022","3:37:05 PM","RFELIZ","1","ERRO DE LANÇAMENTO"
"1206","58013784","-294","5/30/2022","1:54:08 PM","LPADOVINO","1","ERRO DE LANÇAMENTO"
"411","58233792","475.34","5/30/2022","3:07:40 PM","ANLGONCALVES","1","ERRO DE LANÇAMENTO"
"505","58325328","-184.8","5/30/2022","11:00:00 AM","CALOLIVEIRA","1","AUTORIZADO PELO GERENT"
"603","58314377","-130.71","5/30/2022","11:40:00 AM","CALOLIVEIRA","1","AUTORIZADO PELO GERENT"
"603","58314377","-124.5","5/30/2022","11:40:00 AM","CALOLIVEIRA","1","AUTORIZADO PELO GERENT"
"308","57882231","-25","5/30/2022","12:43:00 AM","RFELIZ","1","LCTO EM DUPLICIDADE"
"101","57764514","-18","5/30/2022","7:40:18 PM","CFIOR","3","ERRO DO SISTEMA"
"1101","58041087","-16","5/30/2022","9:34:12 AM","IGPESSOA","2","HOSPEDE NÃO CONSUMIU"
"1206","58013784","-14.7","5/30/2022","1:54:08 PM","LPADOVINO","1","ERRO DE LANÇAMENTO"
"101","57764514","-11.62","5/30/2022","7:45:47 PM","CFIOR","1","ERRO DE LANÇAMENTO"
"205","58339299","-10","5/30/2022","9:56:00 PM","ECSOUSA","1","ERRO DE LANÇAMENTO"
"505","58325328","-9.24","5/30/2022","11:00:00 AM","CALOLIVEIRA","1","AUTORIZADO PELO GERENT"
"603","58314377","-6.22","5/30/2022","11:40:00 AM","CALOLIVEIRA","1","AUTORIZADO PELO GERENT"
"308","57882231","-1.25","5/30/2022","12:43:00 AM","RFELIZ","1","LCTO EM DUPLICIDADE"
"205","58339299","-0.5","5/30/2022","9:56:00 PM","ECSOUSA","1","ERRO DE LANÇAMENTO"
"1105","58260668","19.41","5/30/2022","9:21:56 AM","IGPESSOA","1","ERRO DE LANÇAMENTO"
"604","57956502","50","5/30/2022","2:03:05 PM","ANLGONCALVES","1","ERRO DE LANÇAMENTO"
"306","58176373","64.5","5/30/2022","1:56:45 PM","ANLGONCALVES","1","ERRO DE LANÇAMENTO"
"","","105","5/30/2022","4:10:21 PM","ANLGONCALVES","1","ERRO DE LANÇAMENTO"
"603","58314377","130.71","5/30/2022","4:12:00 PM","ANLGONCALVES","1","ERRO DE LANÇAMENTO"
"1005","58225803","143.87","5/30/2022","4:00:28 PM","ANLGONCALVES","1","ERRO DE LANÇAMENTO"
"1102","57915229","172.2","5/30/2022","12:57:47 PM","LPADOVINO","1","Erro de Laçto"
"1102","57999031","172.2","5/30/2022","1:04:30 PM","LPADOVINO","1","Erro de Laçto"
"1106","58290176","230.3","5/30/2022","2:06:26 PM","ANLGONCALVES","1","ERRO DE LANÇAMENTO"
"1106","58290176","230.3","5/30/2022","2:11:05 PM","ANLGONCALVES","1","ERRO DE LANÇAMENTO"
"307","58017402","259.47","5/30/2022","3:03:47 PM","ANLGONCALVES","1","ERRO DE LANÇAMENTO"
"1206","58013784","308.7","5/30/2022","1:52:17 PM","LPADOVINO","1","Erro de Laçto"
"605","57915628","344.4","5/30/2022","12:52:02 PM","LPADOVINO","1","Erro de Laçto"
"","58340211","421.05","5/30/2022","7:15:02 PM","CALOLIVEIRA","1","AUTORIZADO PELO GERENT"
"101","57764514","-232.47","5/30/2022","7:45:47 PM","CFIOR","1","ERRO DE LANÇAMENTO"
"702","58141723","-30","5/31/2022","9:21:21 AM","IGPESSOA","1","ERRO DE LANÇAMENTO"
"","58348956","485.69","5/31/2022","11:49:07 AM","CALOLIVEIRA","1","AUTORIZADO PELO GERENT"
"406","58299823","8","5/31/2022","1:43:03 AM","RFREITAS","1","ERRO DE LANÇAMENTO"
