"UH","Reserva","Valor","Data","Hora","Usuário","Qtde","Motivo",""
"1008","58380248","8","6/1/2022","12:00:33 PM","IGPESSOA","1","LCTO EM DUPLICIDADE",""
"105","57936668","144.9","6/1/2022","7:28:51 PM","CALOLIVEIRA","1","Erro de Laçto",""
"109","57850003","470.4","6/1/2022","9:02:50 AM","LPADOVINO","1","Erro de Laçto",""
"205","58380973","-5","6/1/2022","12:36:00 PM","CALOLIVEIRA","1","AUTORIZADO PELO GERENT",""
"205","58380973","-3.94","6/1/2022","12:36:00 PM","CALOLIVEIRA","1","AUTORIZADO PELO GERENT",""
"205","58380973","-0.25","6/1/2022","12:36:00 PM","CALOLIVEIRA","1","AUTORIZADO PELO GERENT",""
"205","58380973","-78.72","6/1/2022","12:36:00 PM","CALOLIVEIRA","1","AUTORIZADO PELO GERENT",""
"209","57849919","470.4","6/1/2022","11:09:36 AM","LPADOVINO","1","Erro de Laçto",""
"306","58199063","4","6/1/2022","2:13:33 AM","RFREITAS","1","ERRO DE LANÇAMENTO",""
"705","57608377","816.48","6/1/2022","1:38:00 PM","ANLGONCALVES","1","ERRO DE LANÇAMENTO",""
"","","-600","6/1/2022","10:06:11 AM","LPADOVINO","1","ERRO DE LANÇAMENTO",""
"","","-30","6/1/2022","10:06:11 AM","LPADOVINO","1","ERRO DE LANÇAMENTO",""
"","","-30","6/1/2022","10:06:11 AM","LPADOVINO","1","ERRO DE LANÇAMENTO",""
"","","222","6/1/2022","10:04:47 AM","LPADOVINO","1","Erro de Laçto",""
"","","470.4","6/1/2022","9:11:30 AM","LPADOVINO","1","Erro de Laçto",""
"","","1700","6/1/2022","10:04:47 AM","LPADOVINO","1","Erro de Laçto",""
"","","-600","6/1/2022","10:06:11 AM","LPADOVINO","1","ERRO DE LANÇAMENTO",""
"1111","58038353","0","6/2/2022","10:00:00 AM","RFELIZ","1","CORTESIA DE DIÁRIAS",""
"1111","58038353","-0.01","6/2/2022","10:00:00 AM","RFELIZ","1","CORTESIA DE DIÁRIAS",""
"1201","58332235","-14.7","6/2/2022","11:47:00 AM","RFELIZ","1","ERRO DE LANÇAMENTO",""
"1201","58332235","-294","6/2/2022","11:47:00 AM","RFELIZ","1","ERRO DE LANÇAMENTO",""
"1202","57208492","-7","6/2/2022","6:52:00 PM","CALOLIVEIRA","1","AUTORIZADO PELO GERENT",""
"1202","57208492","-0.35","6/2/2022","6:52:00 PM","CALOLIVEIRA","1","AUTORIZADO PELO GERENT",""
"411","58245170","-6","6/2/2022","9:33:00 AM","RFELIZ","1","HOSPEDE NÃO CONSUMIU",""
"505","57915598","172.2","6/2/2022","10:40:51 AM","LPADOVINO","1","Erro de Laçto",""
"507","58293043","-410","6/2/2022","2:05:00 PM","RFELIZ","1","ERRO DE LANÇAMENTO",""
"707","58111395","-179","6/2/2022","12:42:00 PM","LALUZ","1","ERRO NA IMPRESSÃO",""
"1001","57186529","549.44","6/3/2022","5:07:00 PM","RFELIZ","1","LCTO EM DUPLICIDADE",""
"1003","58233806","625.8","6/3/2022","10:37:17 PM","CALOLIVEIRA","1","AUTORIZADO PELO GERENT",""
"1004","57311862","854.75","6/3/2022","10:47:51 AM","IGPESSOA","1","Erro de Laçto",""
"1008","58332189","235","6/3/2022","2:08:00 AM","RFREITAS","1","LCTO EM DUPLICIDADE",""
"1010","57636192","777","6/3/2022","10:33:43 PM","CALOLIVEIRA","1","AUTORIZADO PELO GERENT",""
"109","58209700","557","6/3/2022","1:37:25 PM","ANLGONCALVES","1","ERRO DE LANÇAMENTO",""
"1101","57351880","-236.36","6/3/2022","8:34:01 PM","CALOLIVEIRA","1","AUTORIZADO PELO GERENT",""
"1101","57351880","-11.82","6/3/2022","8:34:02 PM","CALOLIVEIRA","1","AUTORIZADO PELO GERENT",""
"1203","58298592","-5","6/3/2022","7:20:31 AM","IGPESSOA","1","HOSPEDE NÃO CONSUMIU",""
"201","58183426","-177.53","6/3/2022","3:25:00 AM","RFREITAS","1","ERRO DO SISTEMA",""
"205","58260811","-12","6/3/2022","7:27:46 AM","CFIOR","2","HOSPEDE NÃO CONSUMIU",""
"205","58260811","-8","6/3/2022","7:27:47 AM","CFIOR","1","HOSPEDE NÃO CONSUMIU",""
"302","58230548","185.85","6/3/2022","10:36:04 PM","CALOLIVEIRA","1","AUTORIZADO PELO GERENT",""
"409","58222227","-8","6/3/2022","7:07:00 AM","RFREITAS","1","HOSPEDE NÃO CONSUMIU",""
"411","58366865","588","6/3/2022","2:27:00 AM","RFREITAS","1","ERRO DE LANÇAMENTO",""
"611","58446605","271.66","6/3/2022","2:18:00 AM","RFREITAS","1","LCTO EM DUPLICIDADE",""
"709","58221964","-12","6/3/2022","7:15:00 AM","RFREITAS","1","HOSPEDE NÃO CONSUMIU",""
"710","58133291","1043.7","6/3/2022","10:35:00 PM","CALOLIVEIRA","1","AUTORIZADO PELO GERENT",""
"803","58219897","-0.01","6/3/2022","6:52:26 AM","RFREITAS","1","ERRO DO SISTEMA",""
"803","58219897","0","6/3/2022","6:52:26 AM","RFREITAS","1","ERRO DO SISTEMA",""
"806","58332936","-10.75","6/3/2022","3:22:00 AM","RFREITAS","1","ERRO DO SISTEMA",""
"806","58332936","-215","6/3/2022","3:22:00 AM","RFREITAS","1","ERRO DO SISTEMA",""
"810","55916880","846.55","6/3/2022","2:35:59 PM","CALOLIVEIRA","1","Erro de Laçto",""
"58076360","","833.12","6/3/2022","6:14:04 PM","CALOLIVEIRA","1","AUTORIZADO PELO GERENT",""
"1005","58280243","-8","6/4/2022","10:37:00 AM","CALOLIVEIRA","1","AUTORIZADO PELO GERENT",""
"1005","58280243","-0.5","6/4/2022","10:37:00 AM","CALOLIVEIRA","1","AUTORIZADO PELO GERENT",""
"1005","58280243","-0.5","6/4/2022","10:37:00 AM","CALOLIVEIRA","1","AUTORIZADO PELO GERENT",""
"1005","58280243","-0.5","6/4/2022","10:37:00 AM","CALOLIVEIRA","1","AUTORIZADO PELO GERENT",""
"1005","58280243","-0.5","6/4/2022","10:37:00 AM","CALOLIVEIRA","1","AUTORIZADO PELO GERENT",""
"1005","58280243","-0.5","6/4/2022","10:37:00 AM","CALOLIVEIRA","1","AUTORIZADO PELO GERENT",""
"1005","58280243","428","6/4/2022","10:40:00 AM","CALOLIVEIRA","1","AUTORIZADO PELO GERENT",""
"1005","58280243","-10","6/4/2022","10:37:00 AM","CALOLIVEIRA","1","AUTORIZADO PELO GERENT",""
"1005","58280243","-160","6/4/2022","10:37:00 AM","CALOLIVEIRA","1","AUTORIZADO PELO GERENT",""
"1005","58280243","-10","6/4/2022","10:37:00 AM","CALOLIVEIRA","1","AUTORIZADO PELO GERENT",""
"1005","58280243","-10","6/4/2022","10:37:00 AM","CALOLIVEIRA","1","AUTORIZADO PELO GERENT",""
"1005","58280243","-10","6/4/2022","10:37:00 AM","CALOLIVEIRA","1","AUTORIZADO PELO GERENT",""
"1005","58280243","-10","6/4/2022","10:37:00 AM","CALOLIVEIRA","1","AUTORIZADO PELO GERENT",""
"1005","58280243","131.25","6/4/2022","10:47:08 AM","CALOLIVEIRA","1","AUTORIZADO PELO GERENT",""
"1101","57351880","-11.83","6/4/2022","11:02:07 AM","CFIOR","1","ERRO DE LANÇAMENTO",""
"1101","57351880","-236.68","6/4/2022","11:02:07 AM","CFIOR","1","ERRO DE LANÇAMENTO",""
"1207","58340491","-42","6/4/2022","5:43:12 AM","RFREITAS","1","ERRO DO SISTEMA",""
"1207","58340491","-2.1","6/4/2022","5:43:12 AM","RFREITAS","1","ERRO DO SISTEMA",""
"401","58182861","1304.1","6/4/2022","12:45:12 PM","CFIOR","1","ERRO DE LANÇAMENTO",""
"401","58182861","-260.82","6/4/2022","12:45:12 PM","CFIOR","1","ERRO DE LANÇAMENTO",""
"406","58332049","-10.75","6/4/2022","2:47:47 AM","RFREITAS","1","ERRO DO SISTEMA",""
"406","58332049","-215","6/4/2022","2:47:47 AM","RFREITAS","1","ERRO DO SISTEMA",""
"605","58160639","226.8","6/4/2022","5:04:44 PM","CFIOR","1","HOSPEDE NÃO CONSUMIU",""
"605","58160639","-226.8","6/4/2022","5:04:44 PM","CFIOR","1","HOSPEDE NÃO CONSUMIU",""
"608","58332766","-10.75","6/4/2022","2:47:11 AM","RFREITAS","1","ERRO DO SISTEMA",""
"608","58332766","-215","6/4/2022","2:47:10 AM","RFREITAS","1","ERRO DO SISTEMA",""
"1006","58436332","-4","6/5/2022","11:58:33 AM","ECSOUSA","1","ERRO DE LANÇAMENTO",""
"1007","56785488","-16.5","6/5/2022","12:34:40 PM","CFIOR","1","ERRO DE LANÇAMENTO",""
"1007","56785488","-0.83","6/5/2022","12:34:40 PM","CFIOR","1","ERRO DE LANÇAMENTO",""
"1111","57347433","-15","6/5/2022","9:39:00 AM","CFIOR","1","HOSPEDE NÃO CONSUMIU",""
"301","58456228","511.25","6/5/2022","1:08:00 AM","RFELIZ","1","ERRO DE LANÇAMENTO",""
"309","58427678","-6.08","6/5/2022","4:06:00 AM","RFREITAS","1","ERRO DO SISTEMA",""
"309","58427678","-121.52","6/5/2022","4:06:00 AM","RFREITAS","1","ERRO DO SISTEMA",""
"310","55434304","-8","6/5/2022","11:18:38 AM","CFIOR","1","HOSPEDE NÃO CONSUMIU",""
"402","57855641","-12","6/5/2022","10:32:36 AM","IGPESSOA","2","LCTO EM DUPLICIDADE",""
"402","57855641","-6","6/5/2022","9:48:00 AM","IGPESSOA","1","ERRO DO SISTEMA",""
"609","58436391","-0.49","6/5/2022","8:20:00 AM","CFIOR","1","ERRO DE LANÇAMENTO",""
"609","58436391","-9.76","6/5/2022","8:20:00 AM","CFIOR","1","ERRO DE LANÇAMENTO",""
"611","58446605","271.66","6/5/2022","12:52:00 PM","CFIOR","1","ERRO DE LANÇAMENTO",""
"803","58436030","-17.2","6/5/2022","10:39:00 AM","CFIOR","1","ERRO DE LANÇAMENTO",""
"803","58436030","-0.86","6/5/2022","10:39:00 AM","CFIOR","1","ERRO DE LANÇAMENTO",""
"909","58331697","-0.55","6/5/2022","12:36:28 PM","IGPESSOA","1","ERRO DE LANÇAMENTO",""
"909","58331697","-11","6/5/2022","12:36:28 PM","IGPESSOA","1","ERRO DE LANÇAMENTO",""
"607","58336621","525","6/6/2022","2:05:01 PM","ANLGONCALVES","1","ERRO DE LANÇAMENTO",""
"709","58459677","206.98","6/6/2022","7:08:37 AM","RFELIZ","1","ERRO DO SISTEMA",""
"709","57731500","-0.91","6/6/2022","11:30:29 AM","CALOLIVEIRA","1","AUTORIZADO PELO GERENT",""
"709","57731500","-18.12","6/6/2022","11:30:29 AM","CALOLIVEIRA","1","AUTORIZADO PELO GERENT",""
"810","57804710","-39","6/6/2022","9:25:00 PM","ECSOUSA","1","CANCELAR NOTA FISCAL",""
"907","58308792","-255.26","6/6/2022","2:27:00 AM","RFREITAS","1","ERRO DO SISTEMA",""
"1202","58420622","-11.58","6/7/2022","12:26:00 PM","CALOLIVEIRA","1","AUTORIZADO PELO GERENT",""
"1202","58420622","-231.5","6/7/2022","12:26:00 PM","CALOLIVEIRA","1","AUTORIZADO PELO GERENT",""
"609","58436391","-225","6/7/2022","10:02:00 PM","CALOLIVEIRA","1","AUTORIZADO PELO GERENT",""
"609","58436391","-0.29","6/7/2022","10:04:00 PM","CALOLIVEIRA","1","AUTORIZADO PELO GERENT",""
"609","58436391","-5.71","6/7/2022","10:04:00 PM","CALOLIVEIRA","1","AUTORIZADO PELO GERENT",""
"609","58436391","-11.25","6/7/2022","10:02:00 PM","CALOLIVEIRA","1","AUTORIZADO PELO GERENT",""
"611","58457216","104","6/7/2022","1:27:00 PM","ANLGONCALVES","1","ERRO DE LANÇAMENTO",""
"611","58250913","149.1","6/7/2022","10:19:47 PM","CALOLIVEIRA","1","Erro de Laçto",""
"901","58397213","94.5","6/7/2022","1:14:00 AM","RFREITAS","1","ERRO DE LANÇAMENTO",""
"904","58458441","144.9","6/7/2022","6:33:46 AM","RFREITAS","1","Erro de Laçto",""
"","","-15","6/7/2022","9:54:08 PM","CALOLIVEIRA","1","AUTORIZADO PELO GERENT",""
"","","-0.75","6/7/2022","9:54:08 PM","CALOLIVEIRA","1","AUTORIZADO PELO GERENT",""
"","58424660","462.84","6/7/2022","7:26:50 PM","CALOLIVEIRA","1","AUTORIZADO PELO GERENT",""
"1001","58397264","73.5","6/8/2022","1:16:00 PM","ANLGONCALVES","1","ERRO DE LANÇAMENTO",""
"1011","58196439","-8","6/8/2022","8:12:54 AM","CFIOR","1","HOSPEDE NÃO CONSUMIU",""
"110","58351566","-25","6/8/2022","12:25:00 AM","RFREITAS","1","LCTO EM DUPLICIDADE",""
"110","58351566","-1.25","6/8/2022","12:25:00 AM","RFREITAS","1","LCTO EM DUPLICIDADE",""
"1107","57104239","-232.25","6/8/2022","2:27:45 AM","RFREITAS","1","ERRO DO SISTEMA",""
"1107","57104239","-11.61","6/8/2022","2:27:45 AM","RFREITAS","1","ERRO DO SISTEMA",""
"1202","58420622","-15","6/8/2022","8:02:00 AM","CFIOR","1","HOSPEDE NÃO CONSUMIU",""
"1208","58420525","-24","6/8/2022","11:01:00 AM","CFIOR","3","HOSPEDE NÃO CONSUMIU",""
"1208","58397094","99.23","6/8/2022","1:19:00 PM","ANLGONCALVES","1","ERRO DE LANÇAMENTO",""
"203","58110100","-8","6/8/2022","7:05:52 AM","RFREITAS","1","HOSPEDE NÃO CONSUMIU",""
"210","58303383","-6","6/8/2022","12:10:22 PM","CFIOR","1","HOSPEDE NÃO CONSUMIU",""
"607","58159592","-1.25","6/8/2022","12:28:00 AM","RFREITAS","1","LCTO EM DUPLICIDADE",""
"607","58159592","-25","6/8/2022","12:28:00 AM","RFREITAS","1","LCTO EM DUPLICIDADE",""
"803","58110119","-8","6/8/2022","7:10:54 AM","RFREITAS","1","HOSPEDE NÃO CONSUMIU",""
"110","58351566","192.5","6/9/2022","9:24:00 AM","IGPESSOA","1","ERRO DE LANÇAMENTO",""
"408","58191089","-0.01","6/9/2022","3:53:40 PM","CALOLIVEIRA","1","AUTORIZADO PELO GERENT",""
"408","58191089","0","6/9/2022","3:53:40 PM","CALOLIVEIRA","1","AUTORIZADO PELO GERENT",""
"608","58538437","287.74","6/9/2022","5:52:00 PM","ECSOUSA","1","ERRO DE LANÇAMENTO",""
"608","58076883","-0.01","6/9/2022","9:36:34 AM","CALOLIVEIRA","1","AUTORIZADO PELO GERENT",""
"608","58076883","0","6/9/2022","9:36:34 AM","CALOLIVEIRA","1","AUTORIZADO PELO GERENT",""
"811","58397035","-0.01","6/9/2022","7:03:00 PM","CALOLIVEIRA","1","AUTORIZADO PELO GERENT",""
"905","58420703","-1.25","6/9/2022","6:25:00 PM","RFELIZ","1","ERRO DE LANÇAMENTO",""
"905","58420703","-25","6/9/2022","6:25:00 PM","RFELIZ","1","ERRO DE LANÇAMENTO",""
"910","58030875","-8.2","6/9/2022","3:49:15 PM","CALOLIVEIRA","1","AUTORIZADO PELO GERENT",""
"910","58030875","-164","6/9/2022","3:49:14 PM","CALOLIVEIRA","1","AUTORIZADO PELO GERENT",""
"1004","58466509","76","6/10/2022","2:30:12 AM","RFREITAS","1","ERRO DE LANÇAMENTO",""
"1006","58396950","23","6/10/2022","10:41:23 AM","IGPESSOA","1","ERRO DE LANÇAMENTO",""
"1008","58537058","7","6/10/2022","11:14:47 PM","RFELIZ","1","ERRO DE LANÇAMENTO",""
"1008","58420681","-10","6/10/2022","7:15:00 AM","RFREITAS","2","HOSPEDE NÃO CONSUMIU",""
"1008","58420681","878.24","6/10/2022","9:22:05 PM","CALOLIVEIRA","1","Erro de Laçto",""
"102","58523510","282.74","6/10/2022","2:25:00 AM","RFREITAS","1","ERRO DE LANÇAMENTO",""
"105","58420789","562.27","6/10/2022","9:41:41 AM","CFIOR","1","Erro de Laçto",""
"105","58420789","562.27","6/10/2022","9:24:22 PM","CALOLIVEIRA","1","Erro de Laçto",""
"105","58420789","-12","6/10/2022","9:30:00 AM","IGPESSOA","2","HOSPEDE NÃO CONSUMIU",""
"106","58420592","-6","6/10/2022","8:43:00 AM","CFIOR","1","HOSPEDE NÃO CONSUMIU",""
"106","58420592","878.24","6/10/2022","9:14:56 PM","CALOLIVEIRA","1","Erro de Laçto",""
"1102","58420665","749.68","6/10/2022","9:20:54 PM","CALOLIVEIRA","1","Erro de Laçto",""
"1104","58488626","-6","6/10/2022","10:59:11 AM","CFIOR","1","HOSPEDE NÃO CONSUMIU",""
"1104","58488626","6","6/10/2022","10:59:11 AM","CFIOR","1","HOSPEDE NÃO CONSUMIU",""
"1106","58420584","878.24","6/10/2022","9:15:55 PM","CALOLIVEIRA","1","Erro de Laçto",""
"1109","58459146","-140.12","6/10/2022","2:37:00 PM","IGPESSOA","1","ERRO DE LANÇAMENTO",""
"1111","58396934","-5","6/10/2022","10:16:00 AM","CALOLIVEIRA","1","AUTORIZADO PELO GERENT",""
"1111","58396934","-0.25","6/10/2022","10:16:00 AM","CALOLIVEIRA","1","AUTORIZADO PELO GERENT",""
"1202","58282599","-30","6/10/2022","7:06:00 PM","RFELIZ","2","ERRO DE LANÇAMENTO",""
"204","58397000","-12","6/10/2022","10:36:00 AM","CFIOR","1","HOSPEDE NÃO CONSUMIU",""
"208","58441484","159","6/10/2022","2:54:32 AM","RFREITAS","1","ERRO DE LANÇAMENTO",""
"302","58420673","749.68","6/10/2022","9:21:30 PM","CALOLIVEIRA","1","Erro de Laçto",""
"310","58394664","32","6/10/2022","2:44:20 AM","RFREITAS","1","ERRO DE LANÇAMENTO",""
"401","58368213","126.5","6/10/2022","4:01:59 PM","ANLGONCALVES","1","ERRO DE LANÇAMENTO",""
"402","58420711","8","6/10/2022","1:39:00 PM","ANLGONCALVES","1","ERRO DE LANÇAMENTO",""
"404","58186298","90","6/10/2022","2:54:39 PM","IGPESSOA","1","ERRO DO SISTEMA",""
"602","58420738","749.68","6/10/2022","9:22:43 PM","CALOLIVEIRA","1","Erro de Laçto",""
"603","58146296","70","6/10/2022","4:07:11 PM","ANLGONCALVES","1","ERRO DE LANÇAMENTO",""
"605","58420770","-20","6/10/2022","5:34:00 AM","RFREITAS","2","HOSPEDE NÃO CONSUMIU",""
"605","58420770","749.68","6/10/2022","9:25:36 PM","CALOLIVEIRA","1","Erro de Laçto",""
"608","58538437","282.74","6/10/2022","1:46:57 PM","ANLGONCALVES","1","ERRO DE LANÇAMENTO",""
"611","58434836","-1.3","6/10/2022","9:52:48 AM","CALOLIVEIRA","1","AUTORIZADO PELO GERENT",""
"611","58434836","-26","6/10/2022","9:52:48 AM","CALOLIVEIRA","1","AUTORIZADO PELO GERENT",""
"611","58434836","-26","6/10/2022","9:52:48 AM","CALOLIVEIRA","1","AUTORIZADO PELO GERENT",""
"611","58434836","-1.3","6/10/2022","9:52:48 AM","CALOLIVEIRA","1","AUTORIZADO PELO GERENT",""
"707","58111395","-8","6/10/2022","9:43:00 PM","RFELIZ","1","ERRO DE LANÇAMENTO",""
"707","58111395","-8","6/10/2022","9:43:00 PM","RFELIZ","1","ERRO DE LANÇAMENTO",""
"707","58111395","-16","6/10/2022","9:43:00 PM","RFELIZ","2","ERRO DE LANÇAMENTO",""
"804","57432880","30","6/10/2022","4:10:36 PM","ANLGONCALVES","1","ERRO DE LANÇAMENTO",""
"807","57777985","61","6/10/2022","1:41:41 PM","ANLGONCALVES","1","ERRO DE LANÇAMENTO",""
"810","58133151","646.38","6/10/2022","10:43:00 PM","CFIOR","1","ERRO DE LANÇAMENTO",""
"810","57804710","-8","6/10/2022","8:13:01 AM","IGPESSOA","1","HOSPEDE NÃO CONSUMIU",""
"810","57804710","-18","6/10/2022","8:13:21 AM","IGPESSOA","3","HOSPEDE NÃO CONSUMIU",""
"811","58133178","662.55","6/10/2022","10:46:14 PM","CFIOR","1","ERRO DE LANÇAMENTO",""
"811","58397035","-26","6/10/2022","10:05:22 AM","CALOLIVEIRA","1","AUTORIZADO PELO GERENT",""
"811","58397035","-1.3","6/10/2022","10:05:22 AM","CALOLIVEIRA","1","AUTORIZADO PELO GERENT",""
"905","58420703","749.68","6/10/2022","9:20:21 PM","CALOLIVEIRA","1","Erro de Laçto",""
"","","139.8","6/10/2022","1:32:42 PM","ANLGONCALVES","1","ERRO DE LANÇAMENTO",""
"1006","58488863","-3.27","6/11/2022","8:02:00 PM","CFIOR","1","ERRO DE LANÇAMENTO",""
"1006","58488863","-1.58","6/11/2022","8:02:00 PM","CFIOR","1","ERRO DE LANÇAMENTO",""
"1006","58488863","-31.5","6/11/2022","8:02:00 PM","CFIOR","1","ERRO DE LANÇAMENTO",""
"1006","58488863","-65.4","6/11/2022","8:02:00 PM","CFIOR","1","ERRO DE LANÇAMENTO",""
"1011","58047158","948.15","6/11/2022","1:46:00 AM","RFREITAS","1","ERRO DE LANÇAMENTO",""
"107","58420614","374.84","6/11/2022","11:12:42 AM","CALOLIVEIRA","1","Erro de Laçto",""
"108","58420568","658.68","6/11/2022","11:08:34 AM","CALOLIVEIRA","1","Erro de Laçto",""
"1107","58420630","187.42","6/11/2022","11:15:09 AM","CALOLIVEIRA","1","Erro de Laçto",""
"1108","58420533","439.12","6/11/2022","11:05:26 AM","CALOLIVEIRA","1","Erro de Laçto",""
"1201","58420797","187.42","6/11/2022","11:21:02 AM","CALOLIVEIRA","1","Erro de Laçto",""
"1201","58560580","534.87","6/11/2022","1:53:00 AM","RFREITAS","1","ERRO DE LANÇAMENTO",""
"1202","58420622","374.85","6/11/2022","11:13:49 AM","CALOLIVEIRA","1","Erro de Laçto",""
"1208","58420525","439.12","6/11/2022","11:04:12 AM","CALOLIVEIRA","1","Erro de Laçto",""
"1211","58420606","187.42","6/11/2022","11:11:36 AM","CALOLIVEIRA","1","Erro de Laçto",""
"1211","58201327","232.47","6/11/2022","1:48:00 AM","RFREITAS","1","ERRO DE LANÇAMENTO",""
"202","58420649","374.84","6/11/2022","11:23:43 AM","CALOLIVEIRA","1","Erro de Laçto",""
"205","58420657","374.84","6/11/2022","11:16:14 AM","CALOLIVEIRA","1","Erro de Laçto",""
"302","58561250","231.52","6/11/2022","12:37:03 PM","CALOLIVEIRA","1","Erro de Laçto",""
"305","58562087","154.88","6/11/2022","6:20:00 PM","CFIOR","1","ERRO DE LANÇAMENTO",""
"308","58397108","-1.46","6/11/2022","10:11:53 PM","CALOLIVEIRA","1","AUTORIZADO PELO GERENT",""
"308","58458611","558.6","6/11/2022","1:51:37 AM","RFREITAS","1","ERRO DE LANÇAMENTO",""
"402","58420711","562.26","6/11/2022","11:18:42 AM","CALOLIVEIRA","1","Erro de Laçto",""
"406","58420517","439.12","6/11/2022","11:02:34 AM","CALOLIVEIRA","1","Erro de Laçto",""
"408","58420487","439.12","6/11/2022","10:58:49 AM","CALOLIVEIRA","1","Erro de Laçto",""
"411","57747296","-6","6/11/2022","8:38:15 PM","CALOLIVEIRA","1","AUTORIZADO PELO GERENT",""
"411","57747296","-8","6/11/2022","1:19:00 PM","ECSOUSA","1","HOSPEDE NÃO CONSUMIU",""
"411","57747296","-1.85","6/11/2022","1:29:00 PM","ECSOUSA","1","ERRO DE LANÇAMENTO",""
"411","57747296","-37","6/11/2022","1:29:00 PM","ECSOUSA","1","ERRO DE LANÇAMENTO",""
"505","58302468","-6","6/11/2022","10:40:37 AM","IGPESSOA","1","HOSPEDE NÃO CONSUMIU",""
"505","58302468","-20","6/11/2022","10:40:37 AM","IGPESSOA","2","HOSPEDE NÃO CONSUMIU",""
"508","58420509","439.12","6/11/2022","11:01:23 AM","CALOLIVEIRA","1","Erro de Laçto",""
"608","58420479","439.12","6/11/2022","10:56:30 AM","CALOLIVEIRA","1","Erro de Laçto",""
"705","58435476","312.25","6/11/2022","9:45:12 AM","IGPESSOA","1","ERRO DE LANÇAMENTO",""
"711","58181091","235.47","6/11/2022","1:50:00 AM","RFREITAS","1","ERRO DE LANÇAMENTO",""
"805","58087532","1587.6","6/11/2022","1:54:00 AM","RFREITAS","1","ERRO DE LANÇAMENTO",""
"806","58420495","439.12","6/11/2022","11:00:02 AM","CALOLIVEIRA","1","Erro de Laçto",""
"903","57483388","170.95","6/11/2022","7:43:00 PM","CFIOR","1","ERRO DE LANÇAMENTO",""
"906","58420541","439.12","6/11/2022","11:06:58 AM","CALOLIVEIRA","1","Erro de Laçto",""
"","","-30","6/11/2022","10:30:28 PM","CALOLIVEIRA","2","HOSPEDE NÃO CONSUMIU",""
"","","-24","6/11/2022","10:30:28 PM","CALOLIVEIRA","4","HOSPEDE NÃO CONSUMIU",""
"","","-12","6/11/2022","10:30:28 PM","CALOLIVEIRA","2","HOSPEDE NÃO CONSUMIU",""
"","","-10","6/11/2022","10:30:28 PM","CALOLIVEIRA","1","HOSPEDE NÃO CONSUMIU",""
"","","-8","6/11/2022","10:30:29 PM","CALOLIVEIRA","2","HOSPEDE NÃO CONSUMIU",""
"","","-6","6/11/2022","10:30:28 PM","CALOLIVEIRA","1","HOSPEDE NÃO CONSUMIU",""
"102","58384014","26.25","6/12/2022","1:28:15 AM","RFELIZ","1","ERRO DE LANÇAMENTO",""
"1202","58259732","222.25","6/12/2022","1:13:00 AM","RFELIZ","1","ERRO DE LANÇAMENTO",""
"201","58317961","78.5","6/12/2022","1:08:53 AM","RFELIZ","1","ERRO DE LANÇAMENTO",""
"202","58283390","-0.64","6/12/2022","9:27:00 AM","CFIOR","1","ERRO DE LANÇAMENTO",""
"202","58283390","-12.71","6/12/2022","9:27:00 AM","CFIOR","1","ERRO DE LANÇAMENTO",""
"211","58286489","211.5","6/12/2022","1:29:33 AM","RFELIZ","1","ERRO DE LANÇAMENTO",""
"211","58286489","-0.15","6/12/2022","6:05:00 PM","CFIOR","1","ERRO DE LANÇAMENTO",""
"211","58286489","-0.29","6/12/2022","6:05:00 PM","CFIOR","1","ERRO DE LANÇAMENTO",""
"211","58286489","-3","6/12/2022","6:05:00 PM","CFIOR","1","ERRO DE LANÇAMENTO",""
"211","58286489","-5.87","6/12/2022","6:05:00 PM","CFIOR","1","ERRO DE LANÇAMENTO",""
"311","58270086","-4","6/12/2022","8:12:40 AM","CFIOR","1","HOSPEDE NÃO CONSUMIU",""
"403","58015299","0","6/12/2022","3:07:19 AM","RFELIZ","1","CORTESIA DE DIÁRIAS",""
"403","58015299","-0.01","6/12/2022","3:07:19 AM","RFELIZ","1","CORTESIA DE DIÁRIAS",""
"403","58015299","633.16","6/12/2022","3:06:45 AM","RFELIZ","1","Erro de Laçto",""
"411","58250956","-8","6/12/2022","12:14:55 PM","ECSOUSA","1","ERRO DE LANÇAMENTO",""
"510","58362886","102.5","6/12/2022","1:10:48 AM","RFELIZ","1","ERRO DE LANÇAMENTO",""
"901","58075798","564.49","6/12/2022","1:38:58 AM","RFELIZ","1","ERRO DE LANÇAMENTO",""
"905","57939284","310","6/12/2022","1:26:04 AM","RFELIZ","1","ERRO DE LANÇAMENTO",""
"911","58119280","-24","6/12/2022","10:17:00 AM","CFIOR","4","ERRO NA IMPRESSÃO",""
"1001","58397264","26.25","6/13/2022","1:54:04 PM","ANLGONCALVES","1","ERRO DE LANÇAMENTO",""
"1001","58397264","26.25","6/13/2022","1:51:11 PM","ANLGONCALVES","1","ERRO DE LANÇAMENTO",""
"1002","58276254","211.68","6/13/2022","3:21:59 PM","ANLGONCALVES","1","ERRO DE LANÇAMENTO",""
"1009","58186530","43","6/13/2022","1:56:16 PM","ANLGONCALVES","1","ERRO DE LANÇAMENTO",""
"105","58420789","56","6/13/2022","2:00:27 PM","ANLGONCALVES","1","ERRO DE LANÇAMENTO",""
"109","56475780","-66","6/13/2022","9:47:21 AM","ECSOUSA","11","ERRO DE LANÇAMENTO",""
"109","56475780","-6","6/13/2022","9:47:21 AM","ECSOUSA","1","ERRO DE LANÇAMENTO",""
"109","56475780","-4","6/13/2022","9:47:21 AM","ECSOUSA","1","ERRO DE LANÇAMENTO",""
"1101","58070702","-8","6/13/2022","1:03:39 PM","CALOLIVEIRA","1","AUTORIZADO PELO GERENT",""
"1101","58070702","-6","6/13/2022","1:03:39 PM","CALOLIVEIRA","1","AUTORIZADO PELO GERENT",""
"1201","58560580","90.5","6/13/2022","12:43:40 AM","RFREITAS","1","ERRO DE LANÇAMENTO",""
"1203","58500618","332.75","6/13/2022","4:18:08 PM","ANLGONCALVES","1","ERRO DE LANÇAMENTO",""
"302","58561250","48.25","6/13/2022","3:19:21 PM","ANLGONCALVES","1","ERRO DE LANÇAMENTO",""
"309","58173579","-0.02","6/13/2022","6:42:22 AM","RFELIZ","1","CORTESIA DE DIÁRIAS",""
"309","58173579","0","6/13/2022","6:42:22 AM","RFELIZ","1","CORTESIA DE DIÁRIAS",""
"801","58160345","-8","6/13/2022","12:34:57 PM","ECSOUSA","1","AUTORIZADO PELO GERENT",""
"811","58397035","23","6/13/2022","1:58:18 PM","ANLGONCALVES","1","ERRO DE LANÇAMENTO",""
"1001","58055983","54","6/14/2022","12:55:15 PM","CALOLIVEIRA","1","AUTORIZADO PELO GERENT",""
"1009","58303286","375.9","6/14/2022","11:33:25 PM","RFREITAS","1","Erro de Laçto",""
"103","58556125","149.1","6/14/2022","7:55:34 AM","IGPESSOA","1","Erro de Laçto",""
"203","57893721","33.98","6/14/2022","1:31:26 PM","ANLGONCALVES","1","ERRO DE LANÇAMENTO",""
"204","58537074","596.4","6/14/2022","6:49:13 PM","CALOLIVEIRA","1","Erro de Laçto",""
"208","58530797","149.1","6/14/2022","7:31:22 AM","IGPESSOA","1","Erro de Laçto",""
"401","58582533","-1.25","6/14/2022","12:59:00 AM","RFREITAS","1","LCTO EM DUPLICIDADE",""
"401","58582533","-25","6/14/2022","12:59:00 AM","RFREITAS","1","LCTO EM DUPLICIDADE",""
"409","58222227","939.75","6/14/2022","3:05:09 PM","ANLGONCALVES","1","Erro de Laçto",""
"409","58222227","4","6/14/2022","3:05:09 PM","ANLGONCALVES","1","Erro de Laçto",""
"709","58221964","939.75","6/14/2022","2:58:43 PM","ANLGONCALVES","1","Erro de Laçto",""
"907","58541055","32.25","6/14/2022","1:34:07 PM","ANLGONCALVES","1","ERRO DE LANÇAMENTO",""
"","","470.4","6/14/2022","3:30:38 PM","ANLGONCALVES","1","Erro de Laçto",""
"1009","58303286","121.5","6/15/2022","1:33:32 PM","ANLGONCALVES","1","ERRO DE LANÇAMENTO",""
"110","58283927","375.9","6/15/2022","12:28:45 AM","RFREITAS","1","Erro de Laçto",""
"1102","58480137","-1.25","6/15/2022","1:10:00 AM","RFREITAS","1","LCTO EM DUPLICIDADE",""
"1102","58480137","-25","6/15/2022","1:10:00 AM","RFREITAS","1","LCTO EM DUPLICIDADE",""
"1109","58342729","225.75","6/15/2022","1:38:36 PM","ANLGONCALVES","1","ERRO DE LANÇAMENTO",""
"1109","58342729","225.75","6/15/2022","1:27:09 PM","ANLGONCALVES","1","ERRO DE LANÇAMENTO",""
"211","58605681","-12.62","6/15/2022","10:07:00 PM","CFIOR","1","ERRO DE LANÇAMENTO",""
"211","58605681","-252.32","6/15/2022","10:07:00 PM","CFIOR","1","ERRO DE LANÇAMENTO",""
"407","58540016","2.25","6/15/2022","12:30:23 PM","CALOLIVEIRA","1","AUTORIZADO PELO GERENT",""
"510","57987416","31.5","6/15/2022","10:33:00 AM","IGPESSOA","1","ERRO DE LANÇAMENTO",""
"703","58340238","0","6/15/2022","12:31:00 PM","RFELIZ","1","CORTESIA DE DIÁRIAS",""
"703","58340238","-0.01","6/15/2022","12:31:00 PM","RFELIZ","1","CORTESIA DE DIÁRIAS",""
"710","58286497","-8","6/15/2022","6:31:55 AM","RFREITAS","1","HOSPEDE NÃO CONSUMIU",""
"811","58579540","-222","6/15/2022","11:46:45 AM","CALOLIVEIRA","1","AUTORIZADO PELO GERENT",""
"811","58579540","-11.1","6/15/2022","11:46:45 AM","CALOLIVEIRA","1","AUTORIZADO PELO GERENT",""
"903","58620575","1055.25","6/15/2022","1:42:00 AM","RFREITAS","1","ERRO DE LANÇAMENTO",""
"302","58641661","321.3","6/16/2022","1:35:00 AM","RFREITAS","1","ERRO DE LANÇAMENTO",""
"302","58641661","-88.7","6/16/2022","1:41:00 AM","RFREITAS","1","ERRO DE LANÇAMENTO",""
"506","58292063","897.75","6/16/2022","1:43:00 AM","RFREITAS","1","ERRO DE LANÇAMENTO",""
"510","57987416","-91","6/16/2022","6:33:00 PM","ECSOUSA","1","ERRO DE LANÇAMENTO",""
"510","57987416","-4.55","6/16/2022","6:33:00 PM","ECSOUSA","1","ERRO DE LANÇAMENTO",""
"211","58570497","316.17","6/17/2022","12:38:00 AM","RFELIZ","1","ERRO DE LANÇAMENTO",""
"308","58234640","753.28","6/17/2022","9:31:12 PM","CFIOR","1","ERRO DE LANÇAMENTO",""
"308","58234640","1532.7","6/17/2022","9:31:12 PM","CFIOR","1","ERRO DE LANÇAMENTO",""
"408","58638431","255.15","6/17/2022","6:59:08 PM","CALOLIVEIRA","1","Erro de Laçto",""
"504","58641521","-0.1","6/17/2022","11:29:22 AM","CALOLIVEIRA","1","AUTORIZADO PELO GERENT",""
"504","58641521","-2","6/17/2022","11:29:22 AM","CALOLIVEIRA","1","AUTORIZADO PELO GERENT",""
"504","58443002","-8","6/17/2022","8:55:00 PM","CALOLIVEIRA","1","AUTORIZADO PELO GERENT",""
"504","58443002","-12","6/17/2022","8:55:00 PM","CALOLIVEIRA","1","AUTORIZADO PELO GERENT",""
"504","58443002","-12","6/17/2022","8:55:00 PM","CALOLIVEIRA","2","AUTORIZADO PELO GERENT",""
"508","58641378","-69.8","6/17/2022","10:18:59 AM","IGPESSOA","1","ERRO DE LANÇAMENTO",""
"608","58641386","26.25","6/17/2022","12:25:16 AM","RFELIZ","1","ERRO DE LANÇAMENTO",""
"203","58612769","-72.06","6/18/2022","9:54:21 AM","IGPESSOA","1","ERRO DE LANÇAMENTO",""
"203","58612769","-3.6","6/18/2022","9:54:21 AM","IGPESSOA","1","ERRO DE LANÇAMENTO",""
"208","58559205","-16","6/18/2022","10:04:49 AM","IGPESSOA","4","ERRO DO SISTEMA",""
"403","58613714","-14","6/18/2022","10:11:00 AM","IGPESSOA","1","ERRO NA IMPRESSÃO",""
"805","58087532","-8","6/18/2022","8:44:16 AM","IGPESSOA","1","ERRO DE LANÇAMENTO",""
"","","4093","6/18/2022","9:09:28 PM","CALOLIVEIRA","1","Erro de Laçto",""
"","","3670","6/18/2022","9:09:28 PM","CALOLIVEIRA","1","Erro de Laçto",""
"102","58103287","-5.54","6/19/2022","9:48:00 AM","IGPESSOA","1","ERRO DE LANÇAMENTO",""
"102","58103287","-0.28","6/19/2022","9:48:00 AM","IGPESSOA","1","ERRO DE LANÇAMENTO",""
"204","58657908","-12","6/19/2022","12:22:07 PM","CFIOR","2","ERRO DE LANÇAMENTO",""
"511","57889538","-24","6/19/2022","7:51:00 AM","IGPESSOA","4","ERRO DE LANÇAMENTO",""
"511","57889538","-15","6/19/2022","7:51:00 AM","IGPESSOA","1","ERRO DE LANÇAMENTO",""
"511","57889538","-10","6/19/2022","7:51:00 AM","IGPESSOA","1","ERRO DE LANÇAMENTO",""
"511","57889538","-8","6/19/2022","7:51:00 AM","IGPESSOA","1","ERRO DE LANÇAMENTO",""
"1009","56776578","8","6/20/2022","2:26:06 PM","ANLGONCALVES","1","ERRO DE LANÇAMENTO",""
"102","58656316","-40","6/20/2022","11:07:00 PM","RFELIZ","1","ERRO DE LANÇAMENTO",""
"102","58656316","-2","6/20/2022","11:07:00 PM","RFELIZ","1","ERRO DE LANÇAMENTO",""
"403","58613714","548.1","6/20/2022","4:37:33 PM","ANLGONCALVES","1","ERRO DE LANÇAMENTO",""
"","","-201","6/20/2022","7:56:45 PM","RFELIZ","1","ERRO DE LANÇAMENTO",""
"","","-10.05","6/20/2022","7:56:45 PM","RFELIZ","1","ERRO DE LANÇAMENTO",""
"","","31","6/20/2022","2:47:41 PM","ANLGONCALVES","1","ERRO DE LANÇAMENTO",""
"106","58661727","94.5","6/21/2022","12:32:00 AM","RFREITAS","1","ERRO DE LANÇAMENTO",""
"1102","58480137","18","6/21/2022","2:41:07 PM","ANLGONCALVES","1","ERRO DE LANÇAMENTO",""
"1106","58661786","94.5","6/21/2022","12:35:00 AM","RFREITAS","1","ERRO DE LANÇAMENTO",""
"1201","58549951","344.4","6/21/2022","2:25:56 PM","LPADOVINO","1","Erro de Laçto",""
"1211","58549994","344.4","6/21/2022","5:21:36 PM","LPADOVINO","1","Erro de Laçto",""
"408","58661891","-210","6/21/2022","8:57:47 PM","RFELIZ","1","ERRO DE LANÇAMENTO",""
"408","58661891","-10.5","6/21/2022","8:57:47 PM","RFELIZ","1","ERRO DE LANÇAMENTO",""
"409","58222227","939.75","6/21/2022","1:22:43 PM","ANLGONCALVES","1","Erro de Laçto",""
"409","58222227","4","6/21/2022","1:22:43 PM","ANLGONCALVES","1","Erro de Laçto",""
"501","58649697","-186.75","6/21/2022","11:51:40 PM","RFREITAS","1","ERRO DO SISTEMA",""
"501","58649697","-9.34","6/21/2022","11:51:40 PM","RFREITAS","1","ERRO DO SISTEMA",""
"501","58649697","365.4","6/21/2022","11:51:22 PM","RFREITAS","1","Erro de Laçto",""
"502","57611971","1423.8","6/21/2022","3:37:51 PM","ANLGONCALVES","1","AUTORIZADO PELO GERENT",""
"502","57611971","243.29","6/21/2022","3:37:42 PM","ANLGONCALVES","1","AUTORIZADO PELO GERENT",""
"709","58221964","939.75","6/21/2022","1:23:52 PM","ANLGONCALVES","1","Erro de Laçto",""
"802","58711279","-321.3","6/21/2022","8:10:05 PM","RFELIZ","1","ERRO DE LANÇAMENTO",""
"","","45","6/21/2022","12:22:00 AM","RFREITAS","1","ERRO DE LANÇAMENTO",""
"1002","58112820","455.7","6/22/2022","12:08:46 AM","RFELIZ","1","ERRO DE LANÇAMENTO",""
"106","58661727","94.5","6/22/2022","1:58:00 PM","ANLGONCALVES","1","ERRO DE LANÇAMENTO",""
"201","58602585","257.25","6/22/2022","10:13:43 AM","IGPESSOA","1","Erro de Laçto",""
"309","58715444","107.1","6/22/2022","8:11:10 PM","RFELIZ","1","VALOR LANÇADO INCORRET",""
"409","57731829","130","6/22/2022","12:09:50 AM","RFELIZ","1","ERRO DE LANÇAMENTO",""
"506","58688749","-0.65","6/22/2022","6:48:00 AM","RFREITAS","1","ERRO DE LANÇAMENTO",""
"506","58688749","-13","6/22/2022","6:48:00 AM","RFREITAS","1","ERRO DE LANÇAMENTO",""
"601","58710264","-1.25","6/22/2022","12:22:19 PM","CALOLIVEIRA","1","AUTORIZADO PELO GERENT",""
"601","58710264","-25","6/22/2022","12:22:19 PM","CALOLIVEIRA","1","AUTORIZADO PELO GERENT",""
"608","58661875","73.5","6/22/2022","2:03:03 PM","ANLGONCALVES","1","ERRO DE LANÇAMENTO",""
"608","58661875","73.5","6/22/2022","2:02:00 PM","ANLGONCALVES","1","ERRO DE LANÇAMENTO",""
"608","58661875","73.5","6/22/2022","2:01:00 PM","ANLGONCALVES","1","ERRO DE LANÇAMENTO",""
"811","58423702","-6","6/22/2022","6:52:45 PM","CALOLIVEIRA","1","AUTORIZADO PELO GERENT",""
"903","58589422","86.5","6/22/2022","2:12:18 PM","ANLGONCALVES","1","ERRO DE LANÇAMENTO",""
"57932727","","594.31","6/22/2022","11:30:13 AM","CALOLIVEIRA","1","AUTORIZADO PELO GERENT",""
"1009","58351922","541.8","6/23/2022","1:08:12 PM","CALOLIVEIRA","1","Erro de Laçto",""
"1101","58622187","626.85","6/23/2022","11:48:18 PM","RFREITAS","1","Erro de Laçto",""
"401","58728465","642.6","6/23/2022","7:35:37 PM","CFIOR","1","HOSPEDE NÃO CONSUMIU",""
"604","58471685","-6","6/23/2022","6:58:21 AM","RFELIZ","1","ERRO DE LANÇAMENTO",""
"810","58464794","-1","6/23/2022","7:50:00 AM","IGPESSOA","1","ERRO DE LANÇAMENTO",""
"810","58464794","222.05","6/23/2022","7:58:36 AM","IGPESSOA","1","ERRO DO SISTEMA",""
"901","58661840","-5","6/23/2022","7:41:00 PM","CALOLIVEIRA","1","AUTORIZADO PELO GERENT",""
"901","58661840","-0.25","6/23/2022","7:41:00 PM","CALOLIVEIRA","1","AUTORIZADO PELO GERENT",""
"901","58661840","-0.25","6/23/2022","7:41:00 PM","CALOLIVEIRA","1","AUTORIZADO PELO GERENT",""
"901","58661840","-5","6/23/2022","7:41:00 PM","CALOLIVEIRA","1","AUTORIZADO PELO GERENT",""
"101","58413723","722.4","6/24/2022","5:39:54 PM","CALOLIVEIRA","1","Erro de Laçto",""
"103","58745831","-9.65","6/24/2022","12:06:42 PM","IGPESSOA","1","AUTORIZADO PELO GERENT",""
"103","58745831","-193","6/24/2022","12:06:42 PM","IGPESSOA","1","AUTORIZADO PELO GERENT",""
"104","58745858","-9.65","6/24/2022","12:06:06 PM","IGPESSOA","1","AUTORIZADO PELO GERENT",""
"104","58745858","-193","6/24/2022","12:06:06 PM","IGPESSOA","1","AUTORIZADO PELO GERENT",""
"1101","58586474","1310.4","6/24/2022","10:38:00 PM","CFIOR","1","ERRO DE LANÇAMENTO",""
"1201","58606173","1227.45","6/24/2022","8:18:50 AM","IGPESSOA","1","ERRO DE LANÇAMENTO",""
"203","58099026","625.8","6/24/2022","5:32:22 PM","CALOLIVEIRA","1","Erro de Laçto",""
"306","58661719","-7.7","6/24/2022","9:28:00 AM","CALOLIVEIRA","1","AUTORIZADO PELO GERENT",""
"306","58661719","-154","6/24/2022","9:28:00 AM","CALOLIVEIRA","1","AUTORIZADO PELO GERENT",""
"308","58661832","-180","6/24/2022","9:29:00 AM","CALOLIVEIRA","1","AUTORIZADO PELO GERENT",""
"308","58661832","-9","6/24/2022","9:29:00 AM","CALOLIVEIRA","1","AUTORIZADO PELO GERENT",""
"309","58738533","-29","6/24/2022","8:46:48 AM","CFIOR","1","ERRO DE LANÇAMENTO",""
"311","58606238","-8","6/24/2022","8:03:00 AM","IGPESSOA","1","HOSPEDE NÃO CONSUMIU",""
"404","58623086","-5","6/24/2022","8:29:23 AM","IGPESSOA","1","HOSPEDE NÃO CONSUMIU",""
"410","57367027","-73","6/24/2022","1:40:49 PM","CALOLIVEIRA","1","AUTORIZADO PELO GERENT",""
"410","57367027","-73","6/24/2022","1:40:49 PM","CALOLIVEIRA","1","AUTORIZADO PELO GERENT",""
"410","57367027","-73","6/24/2022","1:40:49 PM","CALOLIVEIRA","1","AUTORIZADO PELO GERENT",""
"410","57367027","-66","6/24/2022","1:40:48 PM","CALOLIVEIRA","1","AUTORIZADO PELO GERENT",""
"410","57367027","-66","6/24/2022","1:40:48 PM","CALOLIVEIRA","1","AUTORIZADO PELO GERENT",""
"410","57367027","-3.65","6/24/2022","1:40:49 PM","CALOLIVEIRA","1","AUTORIZADO PELO GERENT",""
"410","57367027","-3.65","6/24/2022","1:40:49 PM","CALOLIVEIRA","1","AUTORIZADO PELO GERENT",""
"410","57367027","-3.65","6/24/2022","1:40:49 PM","CALOLIVEIRA","1","AUTORIZADO PELO GERENT",""
"410","57367027","-3.3","6/24/2022","1:40:48 PM","CALOLIVEIRA","1","AUTORIZADO PELO GERENT",""
"410","57367027","-3.3","6/24/2022","1:40:48 PM","CALOLIVEIRA","1","AUTORIZADO PELO GERENT",""
"410","57367027","10237.5","6/24/2022","3:12:27 PM","CALOLIVEIRA","1","Erro de Laçto",""
"506","58688749","-3.85","6/24/2022","9:41:00 AM","CALOLIVEIRA","1","AUTORIZADO PELO GERENT",""
"506","58688749","-77","6/24/2022","9:41:00 AM","CALOLIVEIRA","1","AUTORIZADO PELO GERENT",""
"508","58577955","-8","6/24/2022","7:15:13 AM","RFREITAS","1","HOSPEDE NÃO CONSUMIU",""
"511","58560238","627.9","6/24/2022","12:50:00 AM","RFREITAS","1","ERRO DE LANÇAMENTO",""
"605","58652531","-12","6/24/2022","1:27:13 PM","CFIOR","2","HOSPEDE NÃO CONSUMIU",""
"605","58652531","-6","6/24/2022","1:27:13 PM","CFIOR","1","HOSPEDE NÃO CONSUMIU",""
"609","58617965","180.6","6/24/2022","7:30:00 PM","CALOLIVEIRA","1","Erro de Laçto",""
"901","58661840","-5","6/24/2022","9:20:00 AM","CALOLIVEIRA","1","AUTORIZADO PELO GERENT",""
"901","58661840","-0.25","6/24/2022","9:20:00 AM","CALOLIVEIRA","1","AUTORIZADO PELO GERENT",""
"903","58511490","-12","6/24/2022","9:36:05 AM","CFIOR","2","HOSPEDE NÃO CONSUMIU",""
"102","58656316","-40","6/25/2022","10:02:00 AM","RFELIZ","1","ERRO DE LANÇAMENTO",""
"102","58656316","-40","6/25/2022","10:02:00 AM","RFELIZ","1","ERRO DE LANÇAMENTO",""
"102","58656316","-40","6/25/2022","10:02:00 AM","RFELIZ","1","ERRO DE LANÇAMENTO",""
"102","58656316","-40","6/25/2022","10:02:00 AM","RFELIZ","1","ERRO DE LANÇAMENTO",""
"102","58656316","-2","6/25/2022","10:02:00 AM","RFELIZ","1","ERRO DE LANÇAMENTO",""
"102","58656316","-2","6/25/2022","10:02:00 AM","RFELIZ","1","ERRO DE LANÇAMENTO",""
"102","58656316","-2","6/25/2022","10:02:00 AM","RFELIZ","1","ERRO DE LANÇAMENTO",""
"102","58656316","-2","6/25/2022","10:02:00 AM","RFELIZ","1","ERRO DE LANÇAMENTO",""
"106","58661727","94.5","6/25/2022","10:38:57 PM","CALOLIVEIRA","1","AUTORIZADO PELO GERENT",""
"106","58661727","94.5","6/25/2022","10:38:54 PM","CALOLIVEIRA","1","AUTORIZADO PELO GERENT",""
"1202","58516603","-5","6/25/2022","10:25:39 AM","CALOLIVEIRA","1","AUTORIZADO PELO GERENT",""
"1208","58583882","-15","6/25/2022","11:07:23 AM","RFELIZ","1","ERRO DE LANÇAMENTO",""
"1208","58583882","-8","6/25/2022","11:07:23 AM","RFELIZ","1","ERRO DE LANÇAMENTO",""
"1208","58583882","-20","6/25/2022","11:07:23 AM","RFELIZ","2","ERRO DE LANÇAMENTO",""
"1208","58583882","-8","6/25/2022","11:07:23 AM","RFELIZ","2","ERRO DE LANÇAMENTO",""
"1208","58583882","51","6/25/2022","11:14:25 AM","RFELIZ","1","AUTORIZADO PELO GERENT",""
"210","58214267","0.1","6/25/2022","2:30:00 PM","RFELIZ","1","ERRO DE LANÇAMENTO",""
"708","58756221","-17.45","6/25/2022","3:45:00 AM","RFREITAS","1","ERRO DO SISTEMA",""
"708","58756221","-349","6/25/2022","3:45:00 AM","RFREITAS","1","ERRO DO SISTEMA",""
"","","-25","6/25/2022","7:12:52 PM","CFIOR","1","ERRO DE LANÇAMENTO",""
"","","-24","6/25/2022","10:21:29 PM","CALOLIVEIRA","4","AUTORIZADO PELO GERENT",""
"","","-6","6/25/2022","10:21:29 PM","CALOLIVEIRA","1","AUTORIZADO PELO GERENT",""
"","","-1.25","6/25/2022","7:12:53 PM","CFIOR","1","ERRO DE LANÇAMENTO",""
"208","58540261","-12","6/26/2022","10:42:02 AM","IGPESSOA","1","AUTORIZADO PELO GERENT",""
"211","58744517","-20.5","6/26/2022","3:09:00 AM","RFREITAS","1","ERRO DO SISTEMA",""
"211","58744517","-410","6/26/2022","3:09:00 AM","RFREITAS","1","ERRO DO SISTEMA",""
"310","58214283","100","6/26/2022","11:33:00 AM","PTANAKA","1","ERRO DE LANÇAMENTO",""
"906","57994234","-45.3","6/26/2022","12:02:00 AM","RFREITAS","1","ERRO DE LANÇAMENTO",""
"906","57994234","-906","6/26/2022","12:02:00 AM","RFREITAS","1","ERRO DE LANÇAMENTO",""
"","","-50","6/26/2022","5:49:02 PM","JPALMEIDA","1","ERRO DE LANÇAMENTO",""
"1007","58662510","30.25","6/27/2022","3:14:20 PM","ANLGONCALVES","1","ERRO DE LANÇAMENTO",""
"1010","58765182","26.25","6/27/2022","3:18:51 PM","ANLGONCALVES","1","ERRO DE LANÇAMENTO",""
"1010","56991959","35","6/27/2022","2:39:25 PM","ANLGONCALVES","1","ERRO DE LANÇAMENTO",""
"105","58537082","1774.5","6/27/2022","7:20:16 AM","IGPESSOA","1","AUTORIZADO PELO GERENT",""
"106","58597239","-25","6/27/2022","12:26:00 AM","RFREITAS","1","ERRO DE LANÇAMENTO",""
"106","58597239","-1.25","6/27/2022","12:26:00 AM","RFREITAS","1","ERRO DE LANÇAMENTO",""
"1105","58081593","-25","6/27/2022","11:33:00 AM","JPALMEIDA","1","CORTESIA DE DIÁRIAS",""
"1105","58081593","-25","6/27/2022","11:33:00 AM","JPALMEIDA","1","CORTESIA DE DIÁRIAS",""
"1105","58081593","-25","6/27/2022","11:33:00 AM","JPALMEIDA","1","CORTESIA DE DIÁRIAS",""
"1105","58081593","-1.25","6/27/2022","11:33:00 AM","JPALMEIDA","1","CORTESIA DE DIÁRIAS",""
"1105","58081593","211","6/27/2022","11:32:00 AM","JPALMEIDA","1","ERRO DE LANÇAMENTO",""
"1105","58081593","562","6/27/2022","2:47:22 PM","ANLGONCALVES","1","ERRO DE LANÇAMENTO",""
"1105","58081593","-1.25","6/27/2022","11:33:00 AM","JPALMEIDA","1","CORTESIA DE DIÁRIAS",""
"1105","58081593","-1.25","6/27/2022","11:33:00 AM","JPALMEIDA","1","CORTESIA DE DIÁRIAS",""
"1209","58751130","246.49","6/27/2022","4:56:24 PM","ANLGONCALVES","1","Erro de Laçto",""
"1209","58771700","-246.65","6/27/2022","11:07:00 AM","CALOLIVEIRA","1","AUTORIZADO PELO GERENT",""
"311","58711317","196.5","6/27/2022","3:16:46 PM","ANLGONCALVES","1","ERRO DE LANÇAMENTO",""
"403","58215050","-12","6/27/2022","1:00:12 PM","CALOLIVEIRA","1","AUTORIZADO PELO GERENT",""
"507","58701664","-15","6/27/2022","8:11:34 AM","IGPESSOA","1","HOSPEDE NÃO CONSUMIU",""
"605","57795770","571.31","6/27/2022","2:42:00 PM","ANLGONCALVES","1","ERRO DE LANÇAMENTO",""
"811","58151818","-4","6/27/2022","11:57:13 AM","IGPESSOA","1","HOSPEDE NÃO CONSUMIU",""
"906","57994234","-1.25","6/27/2022","10:47:00 PM","RFELIZ","1","ERRO DE LANÇAMENTO",""
"906","57994234","-25","6/27/2022","10:47:00 PM","RFELIZ","1","ERRO DE LANÇAMENTO",""
"1011","58820914","282.74","6/28/2022","6:05:00 PM","CALOLIVEIRA","1","AUTORIZADO PELO GERENT",""
"1011","58820914","-1.31","6/28/2022","12:19:00 AM","RFELIZ","1","ERRO DE LANÇAMENTO",""
"1011","58820914","-26.25","6/28/2022","12:19:00 AM","RFELIZ","1","ERRO DE LANÇAMENTO",""
"1107","58813268","-0.06","6/28/2022","12:21:00 AM","RFELIZ","1","ERRO DE LANÇAMENTO",""
"1107","58813268","-1.25","6/28/2022","12:21:00 AM","RFELIZ","1","ERRO DE LANÇAMENTO",""
"1201","58739610","-1.25","6/28/2022","12:22:22 AM","RFELIZ","1","ERRO DE LANÇAMENTO",""
"1201","58739610","-0.06","6/28/2022","12:22:22 AM","RFELIZ","1","ERRO DE LANÇAMENTO",""
"202","58718524","-0.06","6/28/2022","12:22:00 AM","RFELIZ","1","ERRO DE LANÇAMENTO",""
"202","58718524","-1.25","6/28/2022","12:22:00 AM","RFELIZ","1","ERRO DE LANÇAMENTO",""
"204","58739157","-1.25","6/28/2022","12:23:00 AM","RFELIZ","1","ERRO DE LANÇAMENTO",""
"204","58739157","-0.06","6/28/2022","12:23:00 AM","RFELIZ","1","ERRO DE LANÇAMENTO",""
"211","58744517","264.6","6/28/2022","4:01:29 PM","ANLGONCALVES","1","Erro de Laçto",""
"211","58744517","-12.6","6/28/2022","4:01:40 PM","ANLGONCALVES","1","AUTORIZADO PELO GERENT",""
"211","58744517","-252","6/28/2022","4:01:40 PM","ANLGONCALVES","1","AUTORIZADO PELO GERENT",""
"304","58816100","422.1","6/28/2022","1:22:06 AM","RFELIZ","1","ERRO DE LANÇAMENTO",""
"406","58610472","144","6/28/2022","1:34:35 PM","ANLGONCALVES","1","ERRO DE LANÇAMENTO",""
"507","58475869","-1.25","6/28/2022","12:23:00 AM","RFELIZ","1","ERRO DE LANÇAMENTO",""
"507","58475869","-0.06","6/28/2022","12:23:00 AM","RFELIZ","1","ERRO DE LANÇAMENTO",""
"602","58274162","26","6/28/2022","1:45:56 PM","ANLGONCALVES","1","ERRO DE LANÇAMENTO",""
"607","58753893","-1.25","6/28/2022","11:41:44 PM","RFELIZ","1","ERRO DE LANÇAMENTO",""
"607","58753893","-25","6/28/2022","11:41:44 PM","RFELIZ","1","ERRO DE LANÇAMENTO",""
"711","58806814","-0.06","6/28/2022","12:24:00 AM","RFELIZ","1","ERRO DE LANÇAMENTO",""
"711","58806814","-1.25","6/28/2022","12:24:00 AM","RFELIZ","1","ERRO DE LANÇAMENTO",""
"811","58804072","197","6/28/2022","5:20:00 PM","ECSOUSA","1","ERRO DE LANÇAMENTO",""
"102","58698043","336","6/29/2022","3:15:53 PM","CALOLIVEIRA","1","AUTORIZADO PELO GERENT",""
"1105","58792686","59.25","6/29/2022","8:59:13 AM","IGPESSOA","1","ERRO DE LANÇAMENTO",""
"401","58744436","264.6","6/29/2022","11:38:41 PM","RFREITAS","1","Erro de Laçto",""
"1007","58701842","698.4","6/30/2022","2:07:00 AM","RFREITAS","1","ERRO DE LANÇAMENTO",""
"1011","58820914","26.25","6/30/2022","1:23:17 PM","ANLGONCALVES","1","ERRO DE LANÇAMENTO",""
"204","58739157","25","6/30/2022","4:12:00 PM","CFIOR","1","ERRO DE LANÇAMENTO",""
"204","58739157","-6","6/30/2022","4:07:00 PM","CFIOR","1","HOSPEDE NÃO CONSUMIU",""
"307","58744819","6","6/30/2022","8:59:32 AM","IGPESSOA","1","ERRO DE LANÇAMENTO",""
"402","58162410","-20","6/30/2022","11:46:00 AM","IGPESSOA","2","HOSPEDE NÃO CONSUMIU",""
