UH,Reserva,Valor,Data,Hora,Usuário,Qtde.,Motivo
405,55784666,168.63,1/1/2022,10:53:11 AM,CFIOR,1,ERRO DE LANÇAMENTO
511,55849601,-240,1/1/2022,12:18:41 PM,CFIOR,1,VALOR LANÇADO INCORRET
805,55512062,-291.9,1/1/2022,11:17:00 AM,CFIOR,1,ERRO DE LANÇAMENTO
805,55512062,-7.27,1/1/2022,11:17:00 AM,CFIOR,1,ERRO DE LANÇAMENTO
805,55512062,-291.9,1/1/2022,11:17:00 AM,CFIOR,1,ERRO DE LANÇAMENTO
805,55512062,-145.45,1/1/2022,11:17:00 AM,CFIOR,1,ERRO DE LANÇAMENTO
1010,55169228,-270.9,1/2/2022,09:37:28 AM,CFIOR,1,HOSPEDE NÃO CONSUMIU
1010,55169228,1043.7,1/2/2022,09:36:01 AM,CFIOR,1,ERRO DE LANÇAMENTO
1106,55879608,283.1,1/2/2022,04:39:22 PM,CFIOR,1,ERRO DE LANÇAMENTO
1109,55089445,-0.01,1/2/2022,06:37:54 AM,RFREITAS,1,ERRO DO SISTEMA
1109,55089445,0,1/2/2022,06:37:54 AM,RFREITAS,1,ERRO DO SISTEMA
202,55507255,626.84,1/2/2022,03:01:53 AM,RFREITAS,1,Erro de Laçto
205,55507298,626.84,1/2/2022,03:04:07 AM,RFREITAS,1,Erro de Laçto
211,53716906,2764.06,1/2/2022,02:54:06 AM,RFREITAS,1,Erro de Laçto
407,55858139,-25,1/2/2022,01:39:59 AM,RFREITAS,1,ERRO DE LANÇAMENTO
407,55858139,-1.25,1/2/2022,01:39:59 AM,RFREITAS,1,ERRO DE LANÇAMENTO
410,55169201,1043.7,1/2/2022,09:41:57 AM,CFIOR,1,ERRO DE LANÇAMENTO
511,55855334,509.58,1/2/2022,06:58:00 PM,CFIOR,1,ERRO DE LANÇAMENTO
701,55036961,576.25,1/2/2022,02:19:05 AM,RFREITAS,1,ERRO DE LANÇAMENTO
701,55036961,850.48,1/2/2022,03:06:28 AM,RFREITAS,1,Erro de Laçto
705,55828825,432.33,1/2/2022,02:57:12 AM,RFREITAS,1,Erro de Laçto
801,53663462,1275.72,1/2/2022,02:59:25 AM,RFREITAS,1,Erro de Laçto
805,55512062,-6.95,1/2/2022,12:12:08 AM,RFREITAS,1,ERRO DE LANÇAMENTO
805,55512062,-0.35,1/2/2022,12:12:08 AM,RFREITAS,1,ERRO DE LANÇAMENTO
805,55512062,-252,1/2/2022,08:46:59 PM,RFREITAS,1,ERRO DO SISTEMA
901,55181740,1239,1/2/2022,02:15:59 AM,RFREITAS,1,ERRO DE LANÇAMENTO
909,55169236,1043.7,1/2/2022,09:45:24 AM,CFIOR,1,ERRO DE LANÇAMENTO
110,55855709,469.58,1/3/2022,07:38:54 AM,LPADOVINO,1,ERRO DE LANÇAMENTO
1111,55415555,-88,1/3/2022,11:42:45 AM,LPADOVINO,11,HOSPEDE NÃO CONSUMIU
1206,55912303,-285,1/3/2022,10:47:00 PM,CFIOR,1,ERRO DO SISTEMA
301,55618626,-404,1/3/2022,10:34:59 AM,LPADOVINO,1,ERRO DE LANÇAMENTO
305,55740200,850.5,1/3/2022,12:16:15 PM,LPADOVINO,1,ERRO DE LANÇAMENTO
406,55339409,-15.05,1/3/2022,10:09:59 AM,LPADOVINO,1,ERRO DE LANÇAMENTO
406,55339409,-15.05,1/3/2022,10:09:59 AM,LPADOVINO,1,ERRO DE LANÇAMENTO
406,55339409,-15.05,1/3/2022,10:09:59 AM,LPADOVINO,1,ERRO DE LANÇAMENTO
406,55339409,-15.05,1/3/2022,10:09:59 AM,LPADOVINO,1,ERRO DE LANÇAMENTO
406,55339409,-15.05,1/3/2022,10:09:59 AM,LPADOVINO,1,ERRO DE LANÇAMENTO
406,55339409,-15.05,1/3/2022,10:09:59 AM,LPADOVINO,1,ERRO DE LANÇAMENTO
406,55339409,-301,1/3/2022,10:09:59 AM,LPADOVINO,1,ERRO DE LANÇAMENTO
406,55339409,-301,1/3/2022,10:09:59 AM,LPADOVINO,1,ERRO DE LANÇAMENTO
406,55339409,-301,1/3/2022,10:09:59 AM,LPADOVINO,1,ERRO DE LANÇAMENTO
406,55339409,-301,1/3/2022,10:09:59 AM,LPADOVINO,1,ERRO DE LANÇAMENTO
406,55339409,-301,1/3/2022,10:09:59 AM,LPADOVINO,1,ERRO DE LANÇAMENTO
406,55339409,-301,1/3/2022,10:09:59 AM,LPADOVINO,1,ERRO DE LANÇAMENTO
509,55077927,207.9,1/3/2022,09:34:55 AM,LPADOVINO,1,ERRO DE LANÇAMENTO
806,55754473,-15,1/3/2022,10:39:41 AM,LPADOVINO,1,ERRO DE LANÇAMENTO
910,55170862,-8.58,1/3/2022,06:39:20 AM,RFREITAS,1,ERRO DO SISTEMA
910,55170862,-8.58,1/3/2022,06:39:20 AM,RFREITAS,1,ERRO DO SISTEMA
910,55170862,-0.43,1/3/2022,06:39:22 AM,RFREITAS,1,ERRO DO SISTEMA
910,55170862,-0.43,1/3/2022,06:39:20 AM,RFREITAS,1,ERRO DO SISTEMA
910,55170862,-0.5,1/3/2022,06:39:20 AM,RFREITAS,1,ERRO DO SISTEMA
910,55170862,-0.5,1/3/2022,06:39:20 AM,RFREITAS,1,ERRO DO SISTEMA
910,55170862,-0.5,1/3/2022,06:39:20 AM,RFREITAS,1,ERRO DO SISTEMA
910,55170862,-0.5,1/3/2022,06:39:20 AM,RFREITAS,1,ERRO DO SISTEMA
910,55170862,-10.06,1/3/2022,06:39:20 AM,RFREITAS,1,ERRO DO SISTEMA
910,55170862,-10.06,1/3/2022,06:39:20 AM,RFREITAS,1,ERRO DO SISTEMA
910,55170862,-10.06,1/3/2022,06:39:20 AM,RFREITAS,1,ERRO DO SISTEMA
910,55170862,-10.06,1/3/2022,06:39:20 AM,RFREITAS,1,ERRO DO SISTEMA
910,55170862,-10.06,1/3/2022,06:39:20 AM,RFREITAS,1,ERRO DO SISTEMA
910,55170862,-10.06,1/3/2022,06:39:20 AM,RFREITAS,1,ERRO DO SISTEMA
910,55170862,-0.5,1/3/2022,06:39:20 AM,RFREITAS,1,ERRO DO SISTEMA
910,55170862,-0.5,1/3/2022,06:39:20 AM,RFREITAS,1,ERRO DO SISTEMA
1008,55167373,-8,1/4/2022,12:47:59 PM,CALOLIVEIRA,1,AUTORIZADO PELO GERENT
1008,55167373,-15,1/4/2022,12:47:59 PM,CALOLIVEIRA,1,AUTORIZADO PELO GERENT
1008,55167373,10,1/4/2022,02:11:22 AM,RFREITAS,1,ERRO DE LANÇAMENTO
1011,54864704,3861.7,1/4/2022,11:56:46 AM,CFIOR,1,ERRO DE LANÇAMENTO
1104,55907148,98.25,1/4/2022,02:13:29 AM,RFREITAS,1,ERRO DE LANÇAMENTO
1111,55238297,-39,1/4/2022,02:08:59 AM,CFIOR,1,ERRO NA IMPRESSÃO
1209,55890393,-120,1/4/2022,02:08:59 AM,CFIOR,2,ERRO NA IMPRESSÃO
306,55902170,-1.25,1/4/2022,07:15:09 AM,CFIOR,1,AUTORIZADO PELO GERENT
306,55902170,-25,1/4/2022,07:15:09 AM,CFIOR,1,AUTORIZADO PELO GERENT
311,54387469,-23,1/4/2022,02:08:59 AM,CFIOR,1,ERRO NA IMPRESSÃO
411,55068359,35.25,1/4/2022,07:58:23 AM,CFIOR,1,ERRO DE LANÇAMENTO
510,55887759,-12,1/4/2022,10:12:10 AM,CFIOR,1,ERRO DE LANÇAMENTO
511,55855334,-467,1/4/2022,09:34:13 AM,CFIOR,1,ERRO DO SISTEMA
511,55855334,-467,1/4/2022,09:34:13 AM,CFIOR,1,ERRO DO SISTEMA
102,55062334,-16,1/5/2022,03:18:03 AM,RFREITAS,2,LCTO EM DUPLICIDADE
1206,55912303,-60,1/5/2022,05:44:00 PM,CALOLIVEIRA,1,AUTORIZADO PELO GERENT
1206,55912303,-120,1/5/2022,05:44:00 PM,CALOLIVEIRA,1,AUTORIZADO PELO GERENT
408,55895654,-467,1/5/2022,10:50:28 AM,LPADOVINO,1,ERRO DO SISTEMA
408,55895654,-467,1/5/2022,10:50:26 AM,LPADOVINO,1,ERRO DO SISTEMA
410,55731899,165,1/5/2022,10:59:40 AM,JPALMEIDA,1,Erro de Laçto
410,55731899,-165,1/5/2022,11:00:39 AM,JPALMEIDA,1,ERRO DE LANÇAMENTO
510,55343260,-0.95,1/5/2022,07:51:34 PM,CALOLIVEIRA,1,AUTORIZADO PELO GERENT
510,55343260,-0.95,1/5/2022,07:51:34 PM,CALOLIVEIRA,1,AUTORIZADO PELO GERENT
510,55343260,-19,1/5/2022,07:51:34 PM,CALOLIVEIRA,1,AUTORIZADO PELO GERENT
510,55343260,-19,1/5/2022,07:51:34 PM,CALOLIVEIRA,1,AUTORIZADO PELO GERENT
604,55793509,332.32,1/5/2022,10:29:58 AM,JPALMEIDA,1,Erro de Laçto
610,55624243,-12,1/5/2022,04:50:59 PM,LPADOVINO,1,ERRO DO SISTEMA
710,55801544,197.66,1/5/2022,10:24:09 AM,JPALMEIDA,1,Erro de Laçto
802,55888399,-10.57,1/5/2022,08:31:15 PM,CALOLIVEIRA,1,AUTORIZADO PELO GERENT
802,55888399,-10.57,1/5/2022,08:31:15 PM,CALOLIVEIRA,1,AUTORIZADO PELO GERENT
802,55888399,-0.53,1/5/2022,08:31:15 PM,CALOLIVEIRA,1,AUTORIZADO PELO GERENT
802,55888399,-0.53,1/5/2022,08:31:15 PM,CALOLIVEIRA,1,AUTORIZADO PELO GERENT
907,55847919,-404,1/5/2022,02:19:59 PM,LPADOVINO,1,ERRO DO SISTEMA
909,55291341,-70,1/5/2022,11:23:46 PM,CALOLIVEIRA,1,AUTORIZADO PELO GERENT
909,55291341,-73.5,1/5/2022,11:25:23 PM,CALOLIVEIRA,1,AUTORIZADO PELO GERENT
1008,55971075,-183.9,1/6/2022,09:39:23 AM,CFIOR,1,AUTORIZADO PELO GERENT
105,55935192,-1.25,1/6/2022,12:56:00 AM,RFREITAS,1,LCTO EM DUPLICIDADE
105,55935192,-25,1/6/2022,12:56:00 AM,RFREITAS,1,LCTO EM DUPLICIDADE
1101,55638104,-25,1/6/2022,12:58:00 AM,RFREITAS,1,LCTO EM DUPLICIDADE
1101,55638104,-1.25,1/6/2022,12:58:00 AM,RFREITAS,1,LCTO EM DUPLICIDADE
1102,55615902,-194.29,1/6/2022,01:04:06 AM,RFREITAS,1,ERRO DO SISTEMA
1102,55615902,-194.29,1/6/2022,01:04:06 AM,RFREITAS,1,ERRO DO SISTEMA
1102,55615902,-9.71,1/6/2022,01:04:06 AM,RFREITAS,1,ERRO DO SISTEMA
1102,55615902,-9.71,1/6/2022,01:04:06 AM,RFREITAS,1,ERRO DO SISTEMA
1102,55615902,-10.2,1/6/2022,01:04:06 AM,RFREITAS,1,ERRO DO SISTEMA
1102,55615902,-204,1/6/2022,01:04:06 AM,RFREITAS,1,ERRO DO SISTEMA
1206,55935346,-13.55,1/6/2022,08:50:25 AM,CFIOR,1,ERRO DO SISTEMA
1206,55935346,-271,1/6/2022,08:50:25 AM,CFIOR,1,ERRO DO SISTEMA
1208,55971067,27.67,1/6/2022,09:45:52 AM,CFIOR,1,AUTORIZADO PELO GERENT
1208,55906494,-323,1/6/2022,01:23:00 PM,LPADOVINO,1,ERRO DO SISTEMA
1208,55906494,-16.15,1/6/2022,01:23:00 PM,LPADOVINO,1,ERRO DO SISTEMA
502,55975143,258.05,1/6/2022,11:57:59 PM,RFREITAS,1,ERRO DE LANÇAMENTO
502,55975143,-1.25,1/6/2022,12:56:50 AM,RFREITAS,1,LCTO EM DUPLICIDADE
502,55975143,-25,1/6/2022,12:56:50 AM,RFREITAS,1,LCTO EM DUPLICIDADE
702,55900232,-256.1,1/6/2022,11:06:19 AM,CFIOR,1,ERRO DE LANÇAMENTO
709,55930328,934.96,1/6/2022,11:57:00 PM,RFREITAS,1,ERRO DE LANÇAMENTO
906,55966586,-404,1/6/2022,05:10:40 PM,LPADOVINO,1,ERRO DO SISTEMA
906,55519415,-211.2,1/6/2022,06:20:08 AM,PTANAKA,1,ERRO DO SISTEMA
906,55519415,-10.56,1/6/2022,06:20:08 AM,PTANAKA,1,ERRO DO SISTEMA
108,55918425,-301,1/7/2022,10:48:00 AM,LPADOVINO,1,ERRO DO SISTEMA
108,55918425,-301,1/7/2022,10:48:00 AM,LPADOVINO,1,ERRO DO SISTEMA
108,55918425,-15.05,1/7/2022,10:48:00 AM,LPADOVINO,1,ERRO DO SISTEMA
108,55918425,-15.05,1/7/2022,10:48:00 AM,LPADOVINO,1,ERRO DO SISTEMA
1207,55878474,512,1/7/2022,03:38:00 PM,CFIOR,1,ERRO DO SISTEMA
305,55949711,126.75,1/7/2022,11:45:20 AM,CFIOR,1,ERRO DE LANÇAMENTO
1101,55238270,504,1/8/2022,07:09:00 PM,CFIOR,1,ERRO DO SISTEMA
1111,55638430,-15,1/8/2022,08:24:01 AM,CALOLIVEIRA,1,HOSPEDE NÃO CONSUMIU
205,55950787,14,1/8/2022,12:07:48 AM,RFREITAS,1,ERRO DE LANÇAMENTO
409,55933955,-70,1/8/2022,07:09:26 AM,LPADOVINO,1,ERRO DO SISTEMA
502,55932282,-25,1/8/2022,08:15:59 AM,CALOLIVEIRA,1,ERRO DE LANÇAMENTO
502,55932282,-1.25,1/8/2022,08:15:59 AM,CALOLIVEIRA,1,ERRO DE LANÇAMENTO
602,55155456,12,1/8/2022,12:04:52 AM,RFREITAS,1,ERRO DE LANÇAMENTO
709,55930328,882.46,1/8/2022,11:01:35 AM,CALOLIVEIRA,1,ERRO DE LANÇAMENTO
809,55541410,1197,1/8/2022,06:05:08 AM,LPADOVINO,1,Erro de Laçto
809,55541410,1197,1/8/2022,06:01:02 AM,LPADOVINO,1,Erro de Laçto
1007,55054986,-24,1/9/2022,11:38:46 AM,CFIOR,3,HOSPEDE NÃO CONSUMIU
1007,55054986,-6,1/9/2022,11:38:46 AM,CFIOR,1,HOSPEDE NÃO CONSUMIU
1007,55054986,-8,1/9/2022,11:38:46 AM,CFIOR,1,HOSPEDE NÃO CONSUMIU
110,55988121,-208.85,1/9/2022,07:47:00 AM,RFREITAS,1,ERRO DE LANÇAMENTO
1108,55899579,-66,1/9/2022,08:58:32 AM,CFIOR,11,ERRO DE LANÇAMENTO
1206,56006462,-2.74,1/9/2022,04:39:12 AM,RFREITAS,1,ERRO DO SISTEMA
1206,56006462,-54.88,1/9/2022,04:39:10 AM,RFREITAS,1,ERRO DO SISTEMA
305,56022158,-61,1/9/2022,08:24:59 PM,LPADOVINO,1,ERRO DO SISTEMA
305,56022158,-3.05,1/9/2022,08:24:59 PM,LPADOVINO,1,ERRO DO SISTEMA
307,55925723,-1.25,1/9/2022,12:26:26 AM,PTANAKA,1,LCTO EM DUPLICIDADE
307,55925723,-25,1/9/2022,12:26:26 AM,PTANAKA,1,LCTO EM DUPLICIDADE
401,55625983,765.45,1/9/2022,11:08:00 AM,CFIOR,1,ERRO DE LANÇAMENTO
408,55978339,-80,1/9/2022,12:43:55 PM,LPADOVINO,1,ERRO DE LANÇAMENTO
506,55988113,-206.15,1/9/2022,07:09:00 AM,RFREITAS,1,ERRO DO SISTEMA
506,55988113,-10.31,1/9/2022,07:09:00 AM,RFREITAS,1,ERRO DO SISTEMA
609,56018967,208.85,1/9/2022,06:41:04 PM,LPADOVINO,1,HOSPEDE NÃO CONSUMIU
609,56018967,-208.85,1/9/2022,06:41:11 PM,LPADOVINO,1,HOSPEDE NÃO CONSUMIU
701,55624634,510.3,1/9/2022,11:00:58 AM,CFIOR,1,ERRO DE LANÇAMENTO
801,55625991,1530.9,1/9/2022,10:50:00 AM,CFIOR,1,ERRO DE LANÇAMENTO
802,56018320,-284.55,1/9/2022,05:39:00 PM,LPADOVINO,1,HOSPEDE NÃO CONSUMIU
907,54978440,-7.75,1/9/2022,07:12:00 AM,RFREITAS,1,ERRO DO SISTEMA
907,55170870,-1.25,1/9/2022,06:49:21 PM,LPADOVINO,1,LCTO EM DUPLICIDADE
907,55170870,-25,1/9/2022,06:49:21 PM,LPADOVINO,1,LCTO EM DUPLICIDADE
910,55604552,-8,1/9/2022,08:06:20 AM,LPADOVINO,1,HOSPEDE NÃO CONSUMIU
910,55604552,-6,1/9/2022,08:06:19 AM,LPADOVINO,1,HOSPEDE NÃO CONSUMIU
910,55604552,-16,1/9/2022,08:06:20 AM,LPADOVINO,2,HOSPEDE NÃO CONSUMIU
105,56006586,-8,1/10/2022,12:56:00 PM,CFIOR,1,HOSPEDE NÃO CONSUMIU
105,56006586,-18,1/10/2022,12:56:00 PM,CFIOR,3,HOSPEDE NÃO CONSUMIU
105,56006586,-24,1/10/2022,12:56:00 PM,CFIOR,3,HOSPEDE NÃO CONSUMIU
105,56006586,-4,1/10/2022,12:56:00 PM,CFIOR,1,HOSPEDE NÃO CONSUMIU
1207,56023707,254.79,1/10/2022,04:21:33 PM,CFIOR,1,ERRO DE LANÇAMENTO
207,56029608,-1.25,1/10/2022,12:36:59 AM,RFREITAS,1,LCTO EM DUPLICIDADE
207,56029608,-25,1/10/2022,12:36:59 AM,RFREITAS,1,LCTO EM DUPLICIDADE
305,56022158,-280,1/10/2022,12:27:24 AM,RFREITAS,1,ERRO DE LANÇAMENTO
305,56022158,-14,1/10/2022,12:27:24 AM,RFREITAS,1,ERRO DE LANÇAMENTO
408,55970605,237.04,1/10/2022,02:39:18 PM,JPALMEIDA,1,Erro de Laçto
507,55821626,111,1/10/2022,01:05:47 AM,RFREITAS,1,ERRO DE LANÇAMENTO
510,56022581,426.96,1/10/2022,04:52:30 PM,CFIOR,1,ERRO DE LANÇAMENTO
511,55978525,-25,1/10/2022,07:52:00 PM,RFREITAS,1,ERRO DE LANÇAMENTO
511,55978525,-1.25,1/10/2022,07:52:00 PM,RFREITAS,1,ERRO DE LANÇAMENTO
511,55978525,-1.25,1/10/2022,06:38:00 PM,CFIOR,1,HOSPEDE NÃO CONSUMIU
511,55978525,-25,1/10/2022,06:38:00 PM,CFIOR,1,HOSPEDE NÃO CONSUMIU
610,55992420,179.43,1/10/2022,09:08:02 PM,CALOLIVEIRA,1,AUTORIZADO PELO GERENT
508,55771963,569.18,1/11/2022,10:46:05 AM,JPALMEIDA,1,HOSPEDE NÃO CONSUMIU
601,55966950,-8,1/11/2022,10:53:32 AM,LPADOVINO,1,HOSPEDE NÃO CONSUMIU
1006,56074360,-25,1/12/2022,12:17:00 AM,CALOLIVEIRA,1,HOSPEDE NÃO CONSUMIU
1006,56074360,-1.25,1/12/2022,12:17:00 AM,CALOLIVEIRA,1,HOSPEDE NÃO CONSUMIU
102,55444164,8,1/12/2022,06:00:52 AM,CALOLIVEIRA,1,HOSPEDE NÃO CONSUMIU
405,55772455,-2.58,1/12/2022,03:55:39 PM,CALOLIVEIRA,1,AUTORIZADO PELO GERENT
405,55772455,-2.58,1/12/2022,03:55:39 PM,CALOLIVEIRA,1,AUTORIZADO PELO GERENT
405,55772455,-2.57,1/12/2022,03:55:39 PM,CALOLIVEIRA,1,AUTORIZADO PELO GERENT
405,55772455,-2.58,1/12/2022,03:55:39 PM,CALOLIVEIRA,1,AUTORIZADO PELO GERENT
405,55772455,-2.58,1/12/2022,03:55:39 PM,CALOLIVEIRA,1,AUTORIZADO PELO GERENT
405,55772455,-2.57,1/12/2022,03:55:39 PM,CALOLIVEIRA,1,AUTORIZADO PELO GERENT
405,55772455,-2.57,1/12/2022,03:55:39 PM,CALOLIVEIRA,1,AUTORIZADO PELO GERENT
405,55772455,-2.57,1/12/2022,03:55:39 PM,CALOLIVEIRA,1,AUTORIZADO PELO GERENT
405,55772455,-2.57,1/12/2022,03:55:39 PM,CALOLIVEIRA,1,AUTORIZADO PELO GERENT
405,55772455,-2.57,1/12/2022,03:55:39 PM,CALOLIVEIRA,1,AUTORIZADO PELO GERENT
1007,55985653,-12.91,1/13/2022,10:10:53 AM,CALOLIVEIRA,1,AUTORIZADO PELO GERENT
1007,55985653,-12.91,1/13/2022,10:10:53 AM,CALOLIVEIRA,1,AUTORIZADO PELO GERENT
1007,55985653,-0.65,1/13/2022,10:10:53 AM,CALOLIVEIRA,1,AUTORIZADO PELO GERENT
1007,55985653,-0.65,1/13/2022,10:10:53 AM,CALOLIVEIRA,1,AUTORIZADO PELO GERENT
107,55983057,278.12,1/13/2022,12:18:59 AM,RFREITAS,1,ERRO DE LANÇAMENTO
1107,55545971,120,1/13/2022,12:16:10 AM,RFREITAS,1,ERRO DE LANÇAMENTO
201,56091370,-1.25,1/13/2022,12:59:01 AM,RFREITAS,1,ERRO DE LANÇAMENTO
201,56091370,-25,1/13/2022,12:59:01 AM,RFREITAS,1,ERRO DE LANÇAMENTO
210,56066783,-4,1/13/2022,01:36:59 PM,RFELIZ,1,HOSPEDE NÃO CONSUMIU
410,56080069,-215,1/13/2022,06:02:59 PM,CALOLIVEIRA,1,AUTORIZADO PELO GERENT
410,56080069,-10.75,1/13/2022,06:02:59 PM,CALOLIVEIRA,1,AUTORIZADO PELO GERENT
501,56041624,-1.25,1/13/2022,11:59:14 AM,LPADOVINO,1,AUTORIZADO PELO GERENT
501,56041624,-25,1/13/2022,11:59:12 AM,LPADOVINO,1,AUTORIZADO PELO GERENT
502,56057253,6,1/13/2022,12:00:12 PM,RFELIZ,1,HOSPEDE NÃO CONSUMIU
601,55618634,-7.78,1/13/2022,10:07:12 AM,CALOLIVEIRA,1,AUTORIZADO PELO GERENT
601,55618634,-0.39,1/13/2022,10:07:12 AM,CALOLIVEIRA,1,AUTORIZADO PELO GERENT
601,55618634,-0.39,1/13/2022,10:07:12 AM,CALOLIVEIRA,1,AUTORIZADO PELO GERENT
601,55618634,-7.78,1/13/2022,10:07:12 AM,CALOLIVEIRA,1,AUTORIZADO PELO GERENT
605,56020511,-10,1/13/2022,07:30:52 AM,CFIOR,1,HOSPEDE NÃO CONSUMIU
706,56076886,-11,1/13/2022,01:23:59 AM,CFIOR,1,ERRO DE LANÇAMENTO
706,56076886,-272,1/13/2022,01:21:59 AM,CFIOR,1,ERRO DE LANÇAMENTO
706,56076886,-13.6,1/13/2022,01:21:59 AM,CFIOR,1,ERRO DE LANÇAMENTO
706,56076886,-220,1/13/2022,01:23:59 AM,CFIOR,1,ERRO DE LANÇAMENTO
801,56060823,254.79,1/13/2022,08:04:13 PM,CALOLIVEIRA,1,ERRO DE LANÇAMENTO
1006,56028601,-3.8,1/14/2022,02:01:00 PM,LPADOVINO,1,AUTORIZADO PELO GERENT
1006,56028601,-0.19,1/14/2022,02:01:00 PM,LPADOVINO,1,AUTORIZADO PELO GERENT
1006,56028601,-10.02,1/14/2022,01:44:27 PM,CFIOR,1,ERRO DE LANÇAMENTO
1006,56028601,-200.45,1/14/2022,01:44:27 PM,CFIOR,1,ERRO DE LANÇAMENTO
1008,55988148,-134.44,1/14/2022,12:06:59 PM,CFIOR,1,HOSPEDE NÃO CONSUMIU
1008,55988148,-6.72,1/14/2022,12:06:59 PM,CFIOR,1,HOSPEDE NÃO CONSUMIU
1008,55988148,556.26,1/14/2022,12:21:41 PM,CFIOR,1,HOSPEDE NÃO CONSUMIU
1008,56089775,458.16,1/14/2022,12:26:00 AM,RFREITAS,1,ERRO DE LANÇAMENTO
105,56030886,-12,1/14/2022,12:53:23 PM,LPADOVINO,2,HOSPEDE NÃO CONSUMIU
1103,56006780,-1.25,1/14/2022,12:49:00 AM,RFREITAS,1,ERRO DE LANÇAMENTO
1103,56006780,323.02,1/14/2022,09:36:00 PM,CFIOR,1,ERRO DE LANÇAMENTO
1103,56006780,-0.06,1/14/2022,12:49:00 AM,RFREITAS,1,ERRO DE LANÇAMENTO
401,56067143,-135.32,1/14/2022,01:55:17 AM,RFREITAS,1,ERRO DO SISTEMA
401,56067143,-135.32,1/14/2022,01:55:17 AM,RFREITAS,1,ERRO DO SISTEMA
401,56067143,-6.77,1/14/2022,01:55:17 AM,RFREITAS,1,ERRO DO SISTEMA
401,56067143,-6.77,1/14/2022,01:55:17 AM,RFREITAS,1,ERRO DO SISTEMA
511,55986242,-12,1/14/2022,01:18:12 PM,CALOLIVEIRA,2,AUTORIZADO PELO GERENT
705,56048823,8,1/14/2022,08:23:00 AM,CFIOR,1,HOSPEDE NÃO CONSUMIU
705,56048823,-16,1/14/2022,08:23:00 AM,CFIOR,2,HOSPEDE NÃO CONSUMIU
1111,54773156,-8,1/15/2022,12:27:00 PM,RFELIZ,1,AUTORIZADO PELO GERENT
1111,54773156,-16,1/15/2022,12:27:59 PM,RFELIZ,2,AUTORIZADO PELO GERENT
1211,55626726,1153.45,1/15/2022,12:34:38 AM,RFREITAS,1,ERRO DE LANÇAMENTO
504,55212077,-7.09,1/15/2022,01:39:05 AM,RFREITAS,1,ERRO DE LANÇAMENTO
504,55212077,-141.75,1/15/2022,01:39:05 AM,RFREITAS,1,ERRO DE LANÇAMENTO
508,56057628,32,1/15/2022,07:52:42 AM,RFELIZ,1,ERRO DE LANÇAMENTO
511,56057601,-13.24,1/15/2022,07:47:44 AM,LPADOVINO,1,ERRO DE LANÇAMENTO
511,56057601,-264.88,1/15/2022,07:47:44 AM,LPADOVINO,1,ERRO DE LANÇAMENTO
910,55626734,910.8,1/15/2022,12:36:22 AM,RFREITAS,1,ERRO DE LANÇAMENTO
110,56006624,-197.56,1/16/2022,12:23:58 PM,LPADOVINO,1,ERRO DO SISTEMA
110,56006624,-9.88,1/16/2022,12:23:58 PM,LPADOVINO,1,ERRO DO SISTEMA
110,56121342,469.58,1/16/2022,05:44:59 PM,CFIOR,1,ERRO DE LANÇAMENTO
1109,55541399,-8,1/16/2022,07:44:11 AM,LPADOVINO,2,HOSPEDE NÃO CONSUMIU
1211,56131682,282.25,1/16/2022,01:27:00 AM,RFREITAS,1,ERRO DE LANÇAMENTO
201,56128959,-25,1/16/2022,01:32:59 AM,RFREITAS,1,LCTO EM DUPLICIDADE
201,56128959,-1.25,1/16/2022,01:32:59 AM,RFREITAS,1,LCTO EM DUPLICIDADE
205,56028369,39,1/16/2022,12:02:59 PM,RFELIZ,1,ERRO DE LANÇAMENTO
208,55552110,-194.4,1/16/2022,11:42:52 AM,LPADOVINO,1,ERRO DE LANÇAMENTO
208,55552110,-9.72,1/16/2022,11:42:52 AM,LPADOVINO,1,ERRO DE LANÇAMENTO
306,56122071,-1.25,1/16/2022,05:01:59 PM,LPADOVINO,1,LCTO EM DUPLICIDADE
306,56122071,-25,1/16/2022,05:01:59 PM,LPADOVINO,1,LCTO EM DUPLICIDADE
311,55903657,-1.81,1/16/2022,06:15:00 AM,RFREITAS,1,ERRO DO SISTEMA
311,55903657,-36.12,1/16/2022,06:15:00 AM,RFREITAS,1,ERRO DO SISTEMA
504,55212077,283.5,1/16/2022,09:12:09 AM,LPADOVINO,1,ERRO DE LANÇAMENTO
511,56126751,-278,1/16/2022,02:08:45 PM,CFIOR,1,HOSPEDE NÃO CONSUMIU
511,56126751,318.15,1/16/2022,02:06:59 PM,CFIOR,1,HOSPEDE NÃO CONSUMIU
511,56126751,-13.9,1/16/2022,02:08:45 PM,CFIOR,1,HOSPEDE NÃO CONSUMIU
701,55636268,-202.5,1/16/2022,11:02:48 AM,RFELIZ,1,ERRO DE LANÇAMENTO
701,55636268,-10.12,1/16/2022,11:02:48 AM,RFELIZ,1,ERRO DE LANÇAMENTO
801,56130155,-1.25,1/16/2022,01:32:59 AM,RFREITAS,1,LCTO EM DUPLICIDADE
801,56130155,-25,1/16/2022,01:32:59 AM,RFREITAS,1,LCTO EM DUPLICIDADE
1007,55209661,-11.7,1/17/2022,02:36:08 PM,CALOLIVEIRA,1,AUTORIZADO PELO GERENT
1007,55209661,-11.7,1/17/2022,02:36:08 PM,CALOLIVEIRA,1,AUTORIZADO PELO GERENT
1007,55209661,-0.59,1/17/2022,02:36:08 PM,CALOLIVEIRA,1,AUTORIZADO PELO GERENT
1007,55209661,-0.59,1/17/2022,02:36:08 PM,CALOLIVEIRA,1,AUTORIZADO PELO GERENT
102,56069588,-129,1/17/2022,10:02:35 AM,CALOLIVEIRA,1,AUTORIZADO PELO GERENT
110,56006624,-182.98,1/17/2022,03:30:46 PM,CALOLIVEIRA,1,AUTORIZADO PELO GERENT
110,56006624,-8,1/17/2022,03:39:30 PM,CALOLIVEIRA,1,HOSPEDE NÃO CONSUMIU
110,56006624,-182.98,1/17/2022,03:32:08 PM,CALOLIVEIRA,1,AUTORIZADO PELO GERENT
110,56006624,-9.15,1/17/2022,03:32:08 PM,CALOLIVEIRA,1,AUTORIZADO PELO GERENT
110,56006624,-9.15,1/17/2022,03:30:46 PM,CALOLIVEIRA,1,AUTORIZADO PELO GERENT
110,56006624,-8,1/17/2022,03:39:30 PM,CALOLIVEIRA,1,HOSPEDE NÃO CONSUMIU
1105,55773443,25,1/17/2022,05:37:00 PM,RFELIZ,1,ERRO DE LANÇAMENTO
202,55541445,-10.12,1/17/2022,07:12:41 PM,CALOLIVEIRA,1,AUTORIZADO PELO GERENT
202,55541445,-202.5,1/17/2022,07:12:48 PM,CALOLIVEIRA,1,AUTORIZADO PELO GERENT
202,55541445,-202.5,1/17/2022,07:12:41 PM,CALOLIVEIRA,1,AUTORIZADO PELO GERENT
202,55541445,-10.12,1/17/2022,07:12:50 PM,CALOLIVEIRA,1,AUTORIZADO PELO GERENT
205,56129815,-271,1/17/2022,08:19:59 AM,LPADOVINO,1,ERRO DO SISTEMA
205,56129815,-13.55,1/17/2022,08:19:59 AM,LPADOVINO,1,ERRO DO SISTEMA
707,56100507,202.82,1/17/2022,03:36:59 PM,LPADOVINO,1,ERRO DE LANÇAMENTO
802,55929001,-234,1/17/2022,11:48:40 AM,CALOLIVEIRA,1,AUTORIZADO PELO GERENT
802,55929001,-11.7,1/17/2022,11:48:40 AM,CALOLIVEIRA,1,AUTORIZADO PELO GERENT
901,55858597,363.3,1/17/2022,04:04:58 PM,LPADOVINO,1,ERRO DE LANÇAMENTO
903,56086075,-8,1/17/2022,06:52:45 PM,CALOLIVEIRA,1,AUTORIZADO PELO GERENT
903,56086075,-7.91,1/17/2022,06:50:50 PM,CALOLIVEIRA,1,AUTORIZADO PELO GERENT
903,56086075,-6,1/17/2022,06:52:45 PM,CALOLIVEIRA,1,AUTORIZADO PELO GERENT
903,56086075,-12,1/17/2022,06:52:45 PM,CALOLIVEIRA,2,AUTORIZADO PELO GERENT
903,56086075,-12,1/17/2022,06:52:45 PM,CALOLIVEIRA,2,AUTORIZADO PELO GERENT
903,56086075,-10,1/17/2022,06:52:45 PM,CALOLIVEIRA,1,AUTORIZADO PELO GERENT
903,56086075,-158.25,1/17/2022,06:50:50 PM,CALOLIVEIRA,1,AUTORIZADO PELO GERENT
1003,55640303,-6.67,1/18/2022,02:15:52 PM,CALOLIVEIRA,1,AUTORIZADO PELO GERENT
1003,55640303,-6.67,1/18/2022,02:15:52 PM,CALOLIVEIRA,1,AUTORIZADO PELO GERENT
1003,55640303,-6.67,1/18/2022,02:15:52 PM,CALOLIVEIRA,1,AUTORIZADO PELO GERENT
1003,55640303,-6.67,1/18/2022,02:15:52 PM,CALOLIVEIRA,1,AUTORIZADO PELO GERENT
1003,55640303,-6.67,1/18/2022,02:15:52 PM,CALOLIVEIRA,1,AUTORIZADO PELO GERENT
1003,55640303,-6.67,1/18/2022,02:15:52 PM,CALOLIVEIRA,1,AUTORIZADO PELO GERENT
1003,55640303,-0.41,1/18/2022,02:15:50 PM,CALOLIVEIRA,1,AUTORIZADO PELO GERENT
1003,55640303,-0.41,1/18/2022,02:15:50 PM,CALOLIVEIRA,1,AUTORIZADO PELO GERENT
1003,55640303,-0.33,1/18/2022,02:15:50 PM,CALOLIVEIRA,1,AUTORIZADO PELO GERENT
1003,55640303,-0.33,1/18/2022,02:15:50 PM,CALOLIVEIRA,1,AUTORIZADO PELO GERENT
1003,55640303,-0.33,1/18/2022,02:15:50 PM,CALOLIVEIRA,1,AUTORIZADO PELO GERENT
1003,55640303,-0.33,1/18/2022,02:15:50 PM,CALOLIVEIRA,1,AUTORIZADO PELO GERENT
1003,55640303,-0.33,1/18/2022,02:15:50 PM,CALOLIVEIRA,1,AUTORIZADO PELO GERENT
1003,55640303,-0.33,1/18/2022,02:15:50 PM,CALOLIVEIRA,1,AUTORIZADO PELO GERENT
1003,55640303,-0.33,1/18/2022,02:15:50 PM,CALOLIVEIRA,1,AUTORIZADO PELO GERENT
1003,55640303,-0.33,1/18/2022,02:15:52 PM,CALOLIVEIRA,1,AUTORIZADO PELO GERENT
1003,55640303,-0.33,1/18/2022,02:15:52 PM,CALOLIVEIRA,1,AUTORIZADO PELO GERENT
1003,55640303,-0.33,1/18/2022,02:15:52 PM,CALOLIVEIRA,1,AUTORIZADO PELO GERENT
1003,55640303,-0.33,1/18/2022,02:15:52 PM,CALOLIVEIRA,1,AUTORIZADO PELO GERENT
1003,55640303,-0.33,1/18/2022,02:15:52 PM,CALOLIVEIRA,1,AUTORIZADO PELO GERENT
1003,55640303,-0.33,1/18/2022,02:15:52 PM,CALOLIVEIRA,1,AUTORIZADO PELO GERENT
1003,55640303,-0.33,1/18/2022,02:15:52 PM,CALOLIVEIRA,1,AUTORIZADO PELO GERENT
1003,55640303,-0.33,1/18/2022,02:15:52 PM,CALOLIVEIRA,1,AUTORIZADO PELO GERENT
1003,55640303,-0.33,1/18/2022,02:15:52 PM,CALOLIVEIRA,1,AUTORIZADO PELO GERENT
1003,55640303,-0.33,1/18/2022,02:15:52 PM,CALOLIVEIRA,1,AUTORIZADO PELO GERENT
1003,55640303,-8.23,1/18/2022,02:15:50 PM,CALOLIVEIRA,1,AUTORIZADO PELO GERENT
1003,55640303,-8.23,1/18/2022,02:15:50 PM,CALOLIVEIRA,1,AUTORIZADO PELO GERENT
1003,55640303,-6.69,1/18/2022,02:15:52 PM,CALOLIVEIRA,1,AUTORIZADO PELO GERENT
1003,55640303,-6.67,1/18/2022,02:15:50 PM,CALOLIVEIRA,1,AUTORIZADO PELO GERENT
1003,55640303,-6.67,1/18/2022,02:15:50 PM,CALOLIVEIRA,1,AUTORIZADO PELO GERENT
1003,55640303,-6.67,1/18/2022,02:15:50 PM,CALOLIVEIRA,1,AUTORIZADO PELO GERENT
1003,55640303,-6.67,1/18/2022,02:15:50 PM,CALOLIVEIRA,1,AUTORIZADO PELO GERENT
1003,55640303,-6.67,1/18/2022,02:15:50 PM,CALOLIVEIRA,1,AUTORIZADO PELO GERENT
1003,55640303,-6.67,1/18/2022,02:15:50 PM,CALOLIVEIRA,1,AUTORIZADO PELO GERENT
1003,55640303,-6.67,1/18/2022,02:15:50 PM,CALOLIVEIRA,1,AUTORIZADO PELO GERENT
1003,55640303,-6.67,1/18/2022,02:15:52 PM,CALOLIVEIRA,1,AUTORIZADO PELO GERENT
1003,55640303,-6.67,1/18/2022,02:15:52 PM,CALOLIVEIRA,1,AUTORIZADO PELO GERENT
1003,55640303,-6.67,1/18/2022,02:15:52 PM,CALOLIVEIRA,1,AUTORIZADO PELO GERENT
105,55772293,-8,1/18/2022,08:51:00 AM,LPADOVINO,1,HOSPEDE NÃO CONSUMIU
307,56131895,-1.25,1/18/2022,05:26:59 PM,RFELIZ,1,ERRO DE LANÇAMENTO
307,56131895,-25,1/18/2022,05:26:59 PM,RFELIZ,1,ERRO DE LANÇAMENTO
310,56050178,-8.4,1/18/2022,08:14:00 AM,LPADOVINO,1,HOSPEDE NÃO CONSUMIU
310,54971160,-10,1/18/2022,01:30:59 PM,FRIGOBAR.SUCT,2,AUTORIZADO PELO GERENT
310,54971160,-16,1/18/2022,01:30:59 PM,FRIGOBAR.SUCT,2,AUTORIZADO PELO GERENT
310,56050178,-168,1/18/2022,08:14:00 AM,LPADOVINO,1,HOSPEDE NÃO CONSUMIU
507,56037171,0.5,1/18/2022,09:36:43 AM,LPADOVINO,1,ERRO DE LANÇAMENTO
702,56038712,-122.86,1/18/2022,01:25:47 PM,CALOLIVEIRA,1,AUTORIZADO PELO GERENT
702,56038712,-122.86,1/18/2022,01:25:47 PM,CALOLIVEIRA,1,AUTORIZADO PELO GERENT
702,56038712,-6.14,1/18/2022,01:25:47 PM,CALOLIVEIRA,1,AUTORIZADO PELO GERENT
702,56038712,-6.14,1/18/2022,01:25:47 PM,CALOLIVEIRA,1,AUTORIZADO PELO GERENT
707,56100507,26.99,1/18/2022,11:26:40 AM,CALOLIVEIRA,1,AUTORIZADO PELO GERENT
707,56100507,26.99,1/18/2022,11:21:00 AM,LPADOVINO,1,AUTORIZADO PELO GERENT
707,56100507,202.84,1/18/2022,11:24:00 AM,CALOLIVEIRA,1,AUTORIZADO PELO GERENT
1101,56128371,25.25,1/19/2022,10:05:12 AM,LPADOVINO,1,AUTORIZADO PELO GERENT
1208,56144636,278.12,1/19/2022,06:04:59 PM,NIRODRIGUES,1,ERRO DE LANÇAMENTO
207,56176554,310.8,1/19/2022,09:13:00 PM,CFIOR,1,ERRO DE LANÇAMENTO
407,56144598,1783.53,1/19/2022,12:58:59 AM,RFREITAS,1,ERRO DE LANÇAMENTO
703,56162987,21,1/19/2022,04:11:28 PM,LPADOVINO,1,ERRO DE LANÇAMENTO
1001,56074808,-15,1/20/2022,10:59:59 AM,LPADOVINO,1,HOSPEDE NÃO CONSUMIU
1001,54927382,1402.5,1/20/2022,02:07:21 PM,PTANAKA,1,HOSPEDE NÃO CONSUMIU
1007,55900259,-404,1/20/2022,05:32:00 PM,LPADOVINO,1,ERRO DO SISTEMA
106,56139128,14,1/20/2022,10:54:28 AM,CFIOR,1,HOSPEDE NÃO CONSUMIU
106,56139128,14,1/20/2022,10:54:28 AM,CFIOR,1,HOSPEDE NÃO CONSUMIU
205,56111738,-8,1/20/2022,04:28:46 AM,RFREITAS,2,LCTO EM DUPLICIDADE
307,56181574,260.74,1/20/2022,11:33:59 PM,RFREITAS,1,LCTO EM DUPLICIDADE
507,56038798,250.41,1/20/2022,09:35:47 AM,LPADOVINO,1,ERRO DE LANÇAMENTO
708,56175175,-25,1/20/2022,12:44:58 PM,CFIOR,1,HOSPEDE NÃO CONSUMIU
708,56175175,-1.25,1/20/2022,12:44:58 PM,CFIOR,1,HOSPEDE NÃO CONSUMIU
809,56030029,104.23,1/20/2022,10:45:59 PM,CFIOR,1,ERRO DO SISTEMA
907,55316948,-66,1/20/2022,03:15:00 PM,LPADOVINO,11,ERRO DE LANÇAMENTO
1003,56136722,110.75,1/21/2022,11:00:06 PM,CFIOR,1,ERRO DE LANÇAMENTO
1005,56039492,-10,1/21/2022,09:18:59 AM,LPADOVINO,1,HOSPEDE NÃO CONSUMIU
102,55759955,-8,1/21/2022,08:35:17 AM,CFIOR,1,HOSPEDE NÃO CONSUMIU
110,55922988,596.4,1/21/2022,03:17:47 PM,CALOLIVEIRA,1,Erro de Laçto
1103,56116543,-5,1/21/2022,11:32:21 AM,LPADOVINO,1,HOSPEDE NÃO CONSUMIU
1208,56173431,-1.25,1/21/2022,09:29:10 AM,CFIOR,1,HOSPEDE NÃO CONSUMIU
1208,56173431,-25,1/21/2022,09:29:10 AM,CFIOR,1,HOSPEDE NÃO CONSUMIU
603,55531873,425.25,1/21/2022,07:48:38 PM,CALOLIVEIRA,1,AUTORIZADO PELO GERENT
710,56132689,-30,1/21/2022,08:37:00 AM,LPADOVINO,1,ERRO DE LANÇAMENTO
710,56132689,-1.5,1/21/2022,08:37:00 AM,LPADOVINO,1,ERRO DE LANÇAMENTO
811,56180101,-30,1/21/2022,08:23:12 AM,LPADOVINO,2,HOSPEDE NÃO CONSUMIU
905,56038860,-5,1/21/2022,12:33:26 PM,CFIOR,1,HOSPEDE NÃO CONSUMIU
907,55316948,-4,1/21/2022,10:11:21 AM,CFIOR,1,HOSPEDE NÃO CONSUMIU
907,55316948,-8,1/21/2022,10:11:21 AM,CFIOR,1,HOSPEDE NÃO CONSUMIU
907,55316948,-4,1/21/2022,10:11:21 AM,CFIOR,1,HOSPEDE NÃO CONSUMIU
907,55316948,-6,1/21/2022,10:11:21 AM,CFIOR,1,HOSPEDE NÃO CONSUMIU
101,56099096,95,1/22/2022,10:43:07 AM,LPADOVINO,1,HOSPEDE NÃO CONSUMIU
211,56006381,-0.01,1/22/2022,01:04:49 AM,RFREITAS,1,ERRO DO SISTEMA
211,56006381,948.16,1/22/2022,01:04:28 AM,RFREITAS,1,Erro de Laçto
211,56006381,0,1/22/2022,01:04:49 AM,RFREITAS,1,ERRO DO SISTEMA
501,56184506,218.93,1/22/2022,04:03:22 AM,RFREITAS,1,ERRO DE LANÇAMENTO
605,56154569,50,1/22/2022,09:35:19 AM,CFIOR,1,AUTORIZADO PELO GERENT
610,56065655,169,1/22/2022,12:42:59 AM,RFREITAS,1,ERRO DE LANÇAMENTO
807,55687857,-102,1/22/2022,03:14:27 AM,RFREITAS,1,ERRO DO SISTEMA
807,55687857,-5.1,1/22/2022,03:14:27 AM,RFREITAS,1,ERRO DO SISTEMA
1007,56170114,291.06,1/23/2022,04:12:00 PM,LPADOVINO,1,ERRO DE LANÇAMENTO
1207,56221177,-210.92,1/23/2022,05:29:25 PM,LPADOVINO,1,ERRO DO SISTEMA
305,56038607,-16,1/23/2022,12:18:59 PM,RFELIZ,1,HOSPEDE NÃO CONSUMIU
308,56207735,25,1/23/2022,08:37:59 AM,CFIOR,1,ERRO DE LANÇAMENTO
608,56209819,873.18,1/23/2022,11:57:51 AM,LPADOVINO,1,LCTO EM DUPLICIDADE
907,54976545,-25,1/23/2022,09:30:16 AM,CFIOR,1,HOSPEDE NÃO CONSUMIU
907,54976545,-1.25,1/23/2022,09:30:16 AM,CFIOR,1,HOSPEDE NÃO CONSUMIU
104,56197861,38.25,1/24/2022,12:20:59 PM,LPADOVINO,1,ERRO DE LANÇAMENTO
1102,56146795,318,1/24/2022,03:17:26 AM,LPADOVINO,1,Erro de Laçto
1106,56200005,-179.9,1/24/2022,07:07:59 PM,CALOLIVEIRA,1,AUTORIZADO PELO GERENT
1111,55988504,-17.65,1/24/2022,10:20:53 AM,LPADOVINO,1,ERRO DO SISTEMA
1111,55988504,-353,1/24/2022,10:20:53 AM,LPADOVINO,1,ERRO DO SISTEMA
407,56144598,318.33,1/24/2022,09:54:06 AM,LPADOVINO,1,LCTO EM DUPLICIDADE
502,56158734,-33,1/24/2022,09:47:59 AM,LLUZ,1,ERRO NA IMPRESSÃO
511,56182538,-1.25,1/24/2022,07:37:27 AM,LPADOVINO,1,ERRO DO SISTEMA
511,56182538,-25,1/24/2022,07:37:27 AM,LPADOVINO,1,ERRO DO SISTEMA
611,55773451,-5.37,1/24/2022,02:51:59 PM,LPADOVINO,1,ERRO DO SISTEMA
611,55773451,-107.49,1/24/2022,02:51:59 PM,LPADOVINO,1,ERRO DO SISTEMA
707,56220979,234.36,1/24/2022,09:45:26 AM,CALOLIVEIRA,1,AUTORIZADO PELO GERENT
707,56220979,-223.2,1/24/2022,09:45:26 AM,CALOLIVEIRA,1,AUTORIZADO PELO GERENT
707,56220979,-11.16,1/24/2022,09:45:26 AM,CALOLIVEIRA,1,AUTORIZADO PELO GERENT
907,56184514,-7.16,1/24/2022,03:04:59 AM,RFREITAS,1,ERRO DO SISTEMA
907,56184514,-0.36,1/24/2022,03:04:59 AM,RFREITAS,1,ERRO DO SISTEMA
1008,56148275,569.36,1/25/2022,12:24:00 PM,CALOLIVEIRA,1,AUTORIZADO PELO GERENT
101,56242271,256,1/25/2022,09:07:31 PM,CFIOR,1,AUTORIZADO PELO GERENT
101,56219814,701.4,1/25/2022,08:50:58 AM,LPADOVINO,1,Erro de Laçto
101,56219814,-334,1/25/2022,08:51:22 AM,LPADOVINO,1,ERRO DO SISTEMA
101,56219814,-16.7,1/25/2022,08:51:22 AM,LPADOVINO,1,ERRO DO SISTEMA
101,56219814,-334,1/25/2022,08:51:22 AM,LPADOVINO,1,ERRO DO SISTEMA
101,56219814,-16.7,1/25/2022,08:51:22 AM,LPADOVINO,1,ERRO DO SISTEMA
103,56231911,-3,1/25/2022,05:55:00 AM,PTANAKA,1,ERRO DE LANÇAMENTO
103,56231911,-3,1/25/2022,05:55:00 AM,PTANAKA,1,ERRO DE LANÇAMENTO
103,56231911,-60,1/25/2022,05:55:00 AM,PTANAKA,1,ERRO DE LANÇAMENTO
103,56231911,484.53,1/25/2022,09:29:59 AM,CALOLIVEIRA,1,AUTORIZADO PELO GERENT
103,56231911,-60,1/25/2022,05:55:00 AM,PTANAKA,1,ERRO DE LANÇAMENTO
103,56231911,-7.69,1/25/2022,06:42:11 AM,PTANAKA,1,ERRO DO SISTEMA
103,56231911,-153.82,1/25/2022,06:42:11 AM,PTANAKA,1,ERRO DO SISTEMA
1111,56201745,26.25,1/25/2022,07:27:59 AM,LPADOVINO,1,ERRO DE LANÇAMENTO
806,55928471,-37,1/25/2022,12:18:50 PM,LLUZ,1,ERRO NA IMPRESSÃO
106,56225059,-31,1/26/2022,01:45:16 PM,LPADOVINO,1,HOSPEDE NÃO CONSUMIU
106,56225059,-1.55,1/26/2022,01:45:16 PM,LPADOVINO,1,HOSPEDE NÃO CONSUMIU
107,56219423,716.63,1/26/2022,12:57:56 AM,RFREITAS,1,Erro de Laçto
107,56219423,-0.01,1/26/2022,12:59:20 AM,RFREITAS,1,ERRO DE LANÇAMENTO
107,56219423,0,1/26/2022,12:59:20 AM,RFREITAS,1,ERRO DE LANÇAMENTO
1106,56200005,111,1/26/2022,08:57:00 AM,LPADOVINO,1,ERRO DE LANÇAMENTO
1108,56188056,-12,1/26/2022,07:56:06 AM,LPADOVINO,2,HOSPEDE NÃO CONSUMIU
111,56219431,-5.41,1/26/2022,02:39:02 PM,CALOLIVEIRA,1,AUTORIZADO PELO GERENT
111,56219431,-5.41,1/26/2022,02:39:02 PM,CALOLIVEIRA,1,AUTORIZADO PELO GERENT
111,56219431,0,1/26/2022,02:41:14 PM,CALOLIVEIRA,1,AUTORIZADO PELO GERENT
111,56219431,-0.01,1/26/2022,02:41:14 PM,CALOLIVEIRA,1,AUTORIZADO PELO GERENT
111,56219431,-5.15,1/26/2022,02:39:02 PM,CALOLIVEIRA,1,AUTORIZADO PELO GERENT
111,56219431,-103,1/26/2022,02:39:02 PM,CALOLIVEIRA,1,AUTORIZADO PELO GERENT
111,56219431,-108.25,1/26/2022,02:39:02 PM,CALOLIVEIRA,1,AUTORIZADO PELO GERENT
111,56219431,-108.25,1/26/2022,02:39:02 PM,CALOLIVEIRA,1,AUTORIZADO PELO GERENT
1210,55755321,230.49,1/26/2022,03:00:03 PM,LPADOVINO,1,ERRO DE LANÇAMENTO
207,55936199,2,1/26/2022,11:02:18 AM,JPALMEIDA,1,ERRO DE LANÇAMENTO
310,55077943,230.49,1/26/2022,02:50:40 PM,LPADOVINO,1,ERRO DE LANÇAMENTO
310,55077943,-22.59,1/26/2022,02:50:40 PM,LPADOVINO,1,ERRO DE LANÇAMENTO
501,55854400,237.03,1/26/2022,09:20:05 AM,LPADOVINO,1,HOSPEDE NÃO CONSUMIU
601,56249853,-106.52,1/26/2022,08:15:59 PM,CALOLIVEIRA,1,AUTORIZADO PELO GERENT
601,56249853,-5.33,1/26/2022,08:15:59 PM,CALOLIVEIRA,1,AUTORIZADO PELO GERENT
607,56200692,-10,1/26/2022,06:49:59 AM,RFELIZ,2,HOSPEDE NÃO CONSUMIU
607,56200692,40,1/26/2022,06:53:00 AM,RFELIZ,1,ERRO DE LANÇAMENTO
705,56153686,-179.91,1/26/2022,04:13:30 PM,CFIOR,1,ERRO DE LANÇAMENTO
705,56153686,-9,1/26/2022,04:13:30 PM,CFIOR,1,ERRO DE LANÇAMENTO
1001,55171729,-0.53,1/27/2022,10:45:02 AM,CALOLIVEIRA,1,AUTORIZADO PELO GERENT
1001,55171729,-0.53,1/27/2022,10:45:02 AM,CALOLIVEIRA,1,AUTORIZADO PELO GERENT
1001,55171729,-10.53,1/27/2022,10:45:02 AM,CALOLIVEIRA,1,AUTORIZADO PELO GERENT
1001,55171729,-0.53,1/27/2022,10:45:04 AM,CALOLIVEIRA,1,AUTORIZADO PELO GERENT
1001,55171729,-10.53,1/27/2022,10:45:02 AM,CALOLIVEIRA,1,AUTORIZADO PELO GERENT
1001,55171729,-10.53,1/27/2022,10:45:02 AM,CALOLIVEIRA,1,AUTORIZADO PELO GERENT
1001,55171729,-10.53,1/27/2022,10:45:02 AM,CALOLIVEIRA,1,AUTORIZADO PELO GERENT
1001,55171729,-0.53,1/27/2022,10:45:02 AM,CALOLIVEIRA,1,AUTORIZADO PELO GERENT
202,56129017,-6,1/27/2022,08:24:59 AM,LPADOVINO,1,HOSPEDE NÃO CONSUMIU
202,56129017,1148.95,1/27/2022,02:05:32 AM,RFREITAS,1,Erro de Laçto
611,56187416,-24,1/27/2022,07:38:00 AM,LPADOVINO,4,HOSPEDE NÃO CONSUMIU
611,56209436,229.27,1/27/2022,12:00:19 PM,CALOLIVEIRA,1,AUTORIZADO PELO GERENT
611,56187416,-24,1/27/2022,07:38:00 AM,LPADOVINO,4,HOSPEDE NÃO CONSUMIU
801,56172737,-30,1/27/2022,01:14:47 PM,CALOLIVEIRA,1,AUTORIZADO PELO GERENT
801,56172737,-1.5,1/27/2022,01:14:47 PM,CALOLIVEIRA,1,AUTORIZADO PELO GERENT
806,55928471,-6,1/27/2022,09:52:22 AM,LPADOVINO,1,HOSPEDE NÃO CONSUMIU
911,55319483,-71.35,1/27/2022,02:55:59 PM,CALOLIVEIRA,1,AUTORIZADO PELO GERENT
911,55319483,437.32,1/27/2022,02:32:00 PM,CALOLIVEIRA,1,AUTORIZADO PELO GERENT
911,55319483,-3.57,1/27/2022,02:55:59 PM,CALOLIVEIRA,1,AUTORIZADO PELO GERENT
1004,56099908,36,1/28/2022,09:52:10 PM,CFIOR,1,ERRO DE LANÇAMENTO
1007,56161476,-8,1/28/2022,11:54:06 AM,CALOLIVEIRA,1,AUTORIZADO PELO GERENT
105,55444172,379.04,1/28/2022,02:30:18 AM,RFREITAS,1,Erro de Laçto
109,56135009,114,1/28/2022,09:55:39 PM,CFIOR,1,ERRO DE LANÇAMENTO
1106,54471141,564,1/28/2022,06:04:16 PM,CALOLIVEIRA,1,AUTORIZADO PELO GERENT
301,56241925,4,1/28/2022,10:31:16 AM,LPADOVINO,1,HOSPEDE NÃO CONSUMIU
301,56241925,-8,1/28/2022,10:31:16 AM,LPADOVINO,2,HOSPEDE NÃO CONSUMIU
309,55708838,16,1/28/2022,10:09:02 PM,CFIOR,1,ERRO DE LANÇAMENTO
309,56278012,375.92,1/28/2022,10:11:51 PM,CFIOR,1,ERRO DE LANÇAMENTO
505,55936636,-8,1/28/2022,08:17:59 AM,CFIOR,1,HOSPEDE NÃO CONSUMIU
505,55936636,-30,1/28/2022,08:17:59 AM,CFIOR,5,HOSPEDE NÃO CONSUMIU
505,55936636,-16,1/28/2022,08:17:59 AM,CFIOR,4,HOSPEDE NÃO CONSUMIU
505,55936636,-8,1/28/2022,08:17:59 AM,CFIOR,1,HOSPEDE NÃO CONSUMIU
605,55103502,0,1/28/2022,02:25:32 AM,RFREITAS,1,ERRO DE LANÇAMENTO
605,55103502,-0.01,1/28/2022,02:24:52 AM,RFREITAS,1,ERRO DE LANÇAMENTO
605,55103502,658.36,1/28/2022,02:23:35 AM,RFREITAS,1,Erro de Laçto
605,56231121,227.64,1/28/2022,01:30:00 AM,RFREITAS,1,ERRO DE LANÇAMENTO
605,55103502,-0.01,1/28/2022,02:25:30 AM,RFREITAS,1,ERRO DE LANÇAMENTO
702,55583504,141,1/28/2022,10:16:00 PM,CFIOR,1,ERRO DE LANÇAMENTO
802,56018320,569.1,1/28/2022,12:11:21 PM,LPADOVINO,1,AUTORIZADO PELO GERENT
810,56110359,-8,1/28/2022,08:45:44 AM,CFIOR,1,HOSPEDE NÃO CONSUMIU
901,56106416,-36,1/28/2022,08:08:00 AM,LPADOVINO,6,HOSPEDE NÃO CONSUMIU
903,56103360,-15,1/28/2022,08:12:59 AM,LPADOVINO,1,HOSPEDE NÃO CONSUMIU
905,56104510,-1.25,1/28/2022,08:01:00 AM,CFIOR,1,HOSPEDE NÃO CONSUMIU
905,56104510,-25,1/28/2022,08:01:00 AM,CFIOR,1,HOSPEDE NÃO CONSUMIU
905,56104510,-25,1/28/2022,08:01:00 AM,CFIOR,1,HOSPEDE NÃO CONSUMIU
905,56231148,202.44,1/28/2022,01:31:18 AM,RFREITAS,1,ERRO DE LANÇAMENTO
905,56104510,157.5,1/28/2022,11:11:50 PM,CFIOR,1,ERRO DE LANÇAMENTO
905,56104510,-1.25,1/28/2022,08:01:00 AM,CFIOR,1,HOSPEDE NÃO CONSUMIU
1011,55070671,-0.59,1/29/2022,12:38:05 PM,CFIOR,1,ERRO DO SISTEMA
1011,55070671,-0.59,1/29/2022,12:38:05 PM,CFIOR,1,ERRO DO SISTEMA
1011,55070671,-0.59,1/29/2022,12:38:05 PM,CFIOR,1,ERRO DO SISTEMA
1011,55070671,-0.59,1/29/2022,12:38:05 PM,CFIOR,1,ERRO DO SISTEMA
1011,55070671,-0.59,1/29/2022,12:38:05 PM,CFIOR,1,ERRO DO SISTEMA
1011,55070671,-0.59,1/29/2022,12:38:07 PM,CFIOR,1,ERRO DO SISTEMA
1011,55070671,-0.59,1/29/2022,12:38:07 PM,CFIOR,1,ERRO DO SISTEMA
1011,55070671,-0.59,1/29/2022,12:38:07 PM,CFIOR,1,ERRO DO SISTEMA
1011,55070671,-0.59,1/29/2022,12:38:07 PM,CFIOR,1,ERRO DO SISTEMA
1011,55070671,-0.59,1/29/2022,12:38:07 PM,CFIOR,1,ERRO DO SISTEMA
1011,55070671,-0.59,1/29/2022,12:38:07 PM,CFIOR,1,ERRO DO SISTEMA
1011,55070671,-11.7,1/29/2022,12:38:05 PM,CFIOR,1,ERRO DO SISTEMA
1011,55070671,-11.7,1/29/2022,12:38:05 PM,CFIOR,1,ERRO DO SISTEMA
1011,55070671,-11.7,1/29/2022,12:38:05 PM,CFIOR,1,ERRO DO SISTEMA
1011,55070671,-11.7,1/29/2022,12:38:05 PM,CFIOR,1,ERRO DO SISTEMA
1011,55070671,-11.7,1/29/2022,12:38:05 PM,CFIOR,1,ERRO DO SISTEMA
1011,55070671,-11.7,1/29/2022,12:38:05 PM,CFIOR,1,ERRO DO SISTEMA
1011,55070671,-11.7,1/29/2022,12:38:07 PM,CFIOR,1,ERRO DO SISTEMA
1011,55070671,-11.7,1/29/2022,12:38:07 PM,CFIOR,1,ERRO DO SISTEMA
1011,55070671,-11.7,1/29/2022,12:38:07 PM,CFIOR,1,ERRO DO SISTEMA
1011,55070671,-11.7,1/29/2022,12:38:07 PM,CFIOR,1,ERRO DO SISTEMA
1011,55070671,-11.7,1/29/2022,12:38:07 PM,CFIOR,1,ERRO DO SISTEMA
102,55615791,-0.42,1/29/2022,10:01:48 AM,CFIOR,1,ERRO DE LANÇAMENTO
102,55615791,-0.02,1/29/2022,10:01:48 AM,CFIOR,1,ERRO DE LANÇAMENTO
103,56231911,-60,1/29/2022,11:18:23 AM,JPALMEIDA,1,AUTORIZADO PELO GERENT
103,56231911,60,1/29/2022,11:18:39 AM,JPALMEIDA,1,AUTORIZADO PELO GERENT
107,56266227,-211,1/29/2022,08:19:59 PM,CFIOR,1,ERRO DO SISTEMA
1203,55982530,830.8,1/29/2022,12:00:03 AM,RFREITAS,1,Erro de Laçto
501,56257392,-236.51,1/29/2022,01:00:59 AM,RFREITAS,1,ERRO DO SISTEMA
502,56158734,-6,1/29/2022,04:18:37 AM,RFREITAS,1,ERRO DE LANÇAMENTO
605,56292554,-177.8,1/29/2022,01:05:00 AM,RFREITAS,1,ERRO DO SISTEMA
709,56108664,-4,1/29/2022,03:17:00 AM,RFREITAS,1,HOSPEDE NÃO CONSUMIU
709,56108664,-6,1/29/2022,03:17:00 AM,RFREITAS,1,HOSPEDE NÃO CONSUMIU
709,56108664,-8,1/29/2022,03:17:00 AM,RFREITAS,1,HOSPEDE NÃO CONSUMIU
709,56108664,-4,1/29/2022,03:17:00 AM,RFREITAS,1,HOSPEDE NÃO CONSUMIU
710,56295588,576.6,1/29/2022,11:37:59 AM,CALOLIVEIRA,1,AUTORIZADO PELO GERENT
805,56176570,420,1/29/2022,01:27:28 PM,CALOLIVEIRA,1,Erro de Laçto
809,56301707,468.23,1/29/2022,04:12:15 PM,CALOLIVEIRA,1,AUTORIZADO PELO GERENT
903,56190255,210.47,1/29/2022,07:43:16 PM,CFIOR,1,Erro de Laçto
1209,56192126,-30,1/30/2022,04:25:43 PM,CFIOR,1,AUTORIZADO PELO GERENT
1209,56192126,-30,1/30/2022,04:25:45 PM,CFIOR,1,AUTORIZADO PELO GERENT
1209,56192126,-1.5,1/30/2022,04:25:45 PM,CFIOR,1,AUTORIZADO PELO GERENT
1209,56192126,-1.5,1/30/2022,04:25:45 PM,CFIOR,1,AUTORIZADO PELO GERENT
402,56039042,-25,1/30/2022,02:46:52 PM,CFIOR,1,HOSPEDE NÃO CONSUMIU
402,56039042,-1.25,1/30/2022,02:46:52 PM,CFIOR,1,HOSPEDE NÃO CONSUMIU
609,56008988,122.99,1/30/2022,02:45:46 PM,LPADOVINO,1,ERRO DE LANÇAMENTO
1007,55875556,-8,1/31/2022,01:46:43 AM,PTANAKA,1,HOSPEDE NÃO CONSUMIU
1010,56344066,-25,1/31/2022,12:31:00 AM,RFREITAS,1,ERRO DE LANÇAMENTO
1010,56344066,-1.25,1/31/2022,12:31:00 AM,RFREITAS,1,ERRO DE LANÇAMENTO
1111,55772374,1042.64,1/31/2022,01:38:32 AM,RFREITAS,1,Erro de Laçto
605,55907156,58.25,1/31/2022,12:16:41 PM,LPADOVINO,1,ERRO DE LANÇAMENTO
605,55907156,0.25,1/31/2022,12:16:41 PM,LPADOVINO,1,ERRO DE LANÇAMENTO
701,55772390,0,1/31/2022,01:36:18 AM,RFREITAS,1,ERRO DO SISTEMA
701,55772390,-0.01,1/31/2022,01:36:18 AM,RFREITAS,1,ERRO DO SISTEMA
701,55772390,948.16,1/31/2022,01:36:02 AM,RFREITAS,1,Erro de Laçto
711,55772382,0,1/31/2022,01:33:04 AM,RFREITAS,1,ERRO DO SISTEMA
711,55772382,-0.01,1/31/2022,01:33:04 AM,RFREITAS,1,ERRO DO SISTEMA
711,55772382,948.16,1/31/2022,01:32:47 AM,RFREITAS,1,Erro de Laçto
906,56183976,-20,1/31/2022,05:14:44 PM,CALOLIVEIRA,1,AUTORIZADO PELO GERENT
906,56183976,-20,1/31/2022,05:14:44 PM,CALOLIVEIRA,1,AUTORIZADO PELO GERENT
906,56183976,-1,1/31/2022,05:14:44 PM,CALOLIVEIRA,1,AUTORIZADO PELO GERENT
906,56183976,-1,1/31/2022,05:14:44 PM,CALOLIVEIRA,1,AUTORIZADO PELO GERENT
