UH;Reserva;Cr卜ito;D僕ito;Valor;Data;Hora;Usu痙io;Qtde.;Motivo;
1008;58380248;0;8;8;01/06/2022;12:00:33;IGPESSOA;1;LCTO EM DUPLICIDADE;
105;57936668;0;144,9;144,9;01/06/2022;19:28:51;CALOLIVEIRA;1;Erro de La邁o;
109;57850003;0;470,4;470,4;01/06/2022;09:02:50;LPADOVINO;1;Erro de La邁o;
205;58380973;-5;0;-5;01/06/2022;12:36:00;CALOLIVEIRA;1;AUTORIZADO PELO GERENT;
205;58380973;-3,94;0;-3,94;01/06/2022;12:36:00;CALOLIVEIRA;1;AUTORIZADO PELO GERENT;
205;58380973;-0,25;0;-0,25;01/06/2022;12:36:00;CALOLIVEIRA;1;AUTORIZADO PELO GERENT;
205;58380973;-78,72;0;-78,72;01/06/2022;12:36:00;CALOLIVEIRA;1;AUTORIZADO PELO GERENT;
209;57849919;0;470,4;470,4;01/06/2022;11:09:36;LPADOVINO;1;Erro de La邁o;
306;58199063;0;4;4;01/06/2022;02:13:33;RFREITAS;1;ERRO DE LAN큐MENTO;
705;57608377;0;816,48;816,48;01/06/2022;13:38:00;ANLGONCALVES;1;ERRO DE LAN큐MENTO;
;;-600;0;-600;01/06/2022;10:06:11;LPADOVINO;1;ERRO DE LAN큐MENTO;
;;-30;0;-30;01/06/2022;10:06:11;LPADOVINO;1;ERRO DE LAN큐MENTO;
;;-30;0;-30;01/06/2022;10:06:11;LPADOVINO;1;LCTO EM DUPLICIDADE;
;;0;222;222;01/06/2022;10:04:47;LPADOVINO;1;Erro de La邁o;
;;0;470,4;470,4;01/06/2022;09:11:30;LPADOVINO;1;Erro de La邁o;
;;0;1700;1700;01/06/2022;10:04:47;LPADOVINO;1;Erro de La邁o;
;;-600;0;-600;01/06/2022;10:06:11;LPADOVINO;1;ERRO DE LAN큐MENTO;
1111;58038353;0;0;0;02/06/2022;10:00:00;RFELIZ;1;CORTESIA DE DIRIAS;
1111;58038353;-0,01;0;-0,01;02/06/2022;10:00:00;RFELIZ;1;CORTESIA DE DIRIAS;
1201;58332235;-14,7;0;-14,7;02/06/2022;11:47:00;RFELIZ;1;ERRO DE LAN큐MENTO;
1201;58332235;-294;0;-294;02/06/2022;11:47:00;RFELIZ;1;ERRO DE LAN큐MENTO;
1202;57208492;-7;0;-7;02/06/2022;18:52:00;CALOLIVEIRA;1;AUTORIZADO PELO GERENT;
1202;57208492;-0,35;0;-0,35;02/06/2022;18:52:00;CALOLIVEIRA;1;AUTORIZADO PELO GERENT;
411;58245170;-6;0;-6;02/06/2022;09:33:00;RFELIZ;1;HOSPEDE N츒 CONSUMIU;
505;57915598;0;172,2;172,2;02/06/2022;10:40:51;LPADOVINO;1;Erro de La邁o;
507;58293043;-410;0;-410;02/06/2022;14:05:00;RFELIZ;1;ERRO DE LAN큐MENTO;
707;58111395;-179;0;-179;02/06/2022;12:42:00;LALUZ;1;ERRO NA IMPRESS츒;
1001;57186529;0;549,44;549,44;03/06/2022;17:07:00;RFELIZ;1;LCTO EM DUPLICIDADE;
1003;58233806;0;625,8;625,8;03/06/2022;22:37:17;CALOLIVEIRA;1;AUTORIZADO PELO GERENT;
1004;57311862;0;854,75;854,75;03/06/2022;10:47:51;IGPESSOA;1;Erro de La邁o;
1008;58332189;0;235;235;03/06/2022;02:08:00;RFREITAS;1;LCTO EM DUPLICIDADE;
1010;57636192;0;777;777;03/06/2022;22:33:43;CALOLIVEIRA;1;AUTORIZADO PELO GERENT;
109;58209700;0;557;557;03/06/2022;13:37:25;ANLGONCALVES;1;ERRO DE LAN큐MENTO;
1101;57351880;-236,36;0;-236,36;03/06/2022;20:34:01;CALOLIVEIRA;1;AUTORIZADO PELO GERENT;
1101;57351880;-11,82;0;-11,82;03/06/2022;20:34:02;CALOLIVEIRA;1;AUTORIZADO PELO GERENT;
1203;58298592;-5;0;-5;03/06/2022;07:20:31;IGPESSOA;1;HOSPEDE N츒 CONSUMIU;
201;58183426;-177,53;0;-177,53;03/06/2022;03:25:00;RFREITAS;1;ERRO DO SISTEMA;
205;58260811;-12;0;-12;03/06/2022;07:27:46;CFIOR;2;HOSPEDE N츒 CONSUMIU;
205;58260811;-8;0;-8;03/06/2022;07:27:47;CFIOR;1;HOSPEDE N츒 CONSUMIU;
302;58230548;0;185,85;185,85;03/06/2022;22:36:04;CALOLIVEIRA;1;AUTORIZADO PELO GERENT;
409;58222227;-8;0;-8;03/06/2022;07:07:00;RFREITAS;1;HOSPEDE N츒 CONSUMIU;
411;58366865;0;588;588;03/06/2022;02:27:00;RFREITAS;1;ERRO DE LAN큐MENTO;
611;58446605;0;271,66;271,66;03/06/2022;02:18:00;RFREITAS;1;LCTO EM DUPLICIDADE;
709;58221964;-12;0;-12;03/06/2022;07:15:00;RFREITAS;1;HOSPEDE N츒 CONSUMIU;
710;58133291;0;1043,7;1043,7;03/06/2022;22:35:00;CALOLIVEIRA;1;AUTORIZADO PELO GERENT;
803;58219897;-0,01;0;-0,01;03/06/2022;06:52:26;RFREITAS;1;ERRO DO SISTEMA;
803;58219897;0;0;0;03/06/2022;06:52:26;RFREITAS;1;ERRO DO SISTEMA;
806;58332936;-10,75;0;-10,75;03/06/2022;03:22:00;RFREITAS;1;ERRO DO SISTEMA;
806;58332936;-215;0;-215;03/06/2022;03:22:00;RFREITAS;1;ERRO DO SISTEMA;
810;55916880;0;846,55;846,55;03/06/2022;14:35:59;CALOLIVEIRA;1;Erro de La邁o;
58076360;;0;833,12;833,12;03/06/2022;18:14:04;CALOLIVEIRA;1;AUTORIZADO PELO GERENT;
1005;58280243;-8;0;-8;04/06/2022;10:37:00;CALOLIVEIRA;1;AUTORIZADO PELO GERENT;
1005;58280243;-0,5;0;-0,5;04/06/2022;10:37:00;CALOLIVEIRA;1;AUTORIZADO PELO GERENT;
1005;58280243;-0,5;0;-0,5;04/06/2022;10:37:00;CALOLIVEIRA;1;AUTORIZADO PELO GERENT;
1005;58280243;-0,5;0;-0,5;04/06/2022;10:37:00;CALOLIVEIRA;1;AUTORIZADO PELO GERENT;
1005;58280243;-0,5;0;-0,5;04/06/2022;10:37:00;CALOLIVEIRA;1;AUTORIZADO PELO GERENT;
1005;58280243;-0,5;0;-0,5;04/06/2022;10:37:00;CALOLIVEIRA;1;AUTORIZADO PELO GERENT;
1005;58280243;0;428;428;04/06/2022;10:40:00;CALOLIVEIRA;1;AUTORIZADO PELO GERENT;
1005;58280243;-10;0;-10;04/06/2022;10:37:00;CALOLIVEIRA;1;AUTORIZADO PELO GERENT;
1005;58280243;-160;0;-160;04/06/2022;10:37:00;CALOLIVEIRA;1;AUTORIZADO PELO GERENT;
1005;58280243;-10;0;-10;04/06/2022;10:37:00;CALOLIVEIRA;1;AUTORIZADO PELO GERENT;
1005;58280243;-10;0;-10;04/06/2022;10:37:00;CALOLIVEIRA;1;AUTORIZADO PELO GERENT;
1005;58280243;-10;0;-10;04/06/2022;10:37:00;CALOLIVEIRA;1;AUTORIZADO PELO GERENT;
1005;58280243;-10;0;-10;04/06/2022;10:37:00;CALOLIVEIRA;1;AUTORIZADO PELO GERENT;
1005;58280243;0;131,25;131,25;04/06/2022;10:47:08;CALOLIVEIRA;1;AUTORIZADO PELO GERENT;
1101;57351880;-11,83;0;-11,83;04/06/2022;11:02:07;CFIOR;1;ERRO DE LAN큐MENTO;
1101;57351880;-236,68;0;-236,68;04/06/2022;11:02:07;CFIOR;1;ERRO DE LAN큐MENTO;
1207;58340491;-42;0;-42;04/06/2022;05:43:12;RFREITAS;1;ERRO DO SISTEMA;
1207;58340491;-2,1;0;-2,1;04/06/2022;05:43:12;RFREITAS;1;ERRO DO SISTEMA;
401;58182861;0;1304,1;1304,1;04/06/2022;12:45:12;CFIOR;1;ERRO DE LAN큐MENTO;
401;58182861;-260,82;0;-260,82;04/06/2022;12:45:12;CFIOR;1;ERRO DE LAN큐MENTO;
406;58332049;-10,75;0;-10,75;04/06/2022;02:47:47;RFREITAS;1;ERRO DO SISTEMA;
406;58332049;-215;0;-215;04/06/2022;02:47:47;RFREITAS;1;ERRO DO SISTEMA;
605;58160639;0;226,8;226,8;04/06/2022;17:04:44;CFIOR;1;HOSPEDE N츒 CONSUMIU;
605;58160639;-226,8;0;-226,8;04/06/2022;17:04:44;CFIOR;1;HOSPEDE N츒 CONSUMIU;
608;58332766;-10,75;0;-10,75;04/06/2022;02:47:11;RFREITAS;1;ERRO DO SISTEMA;
608;58332766;-215;0;-215;04/06/2022;02:47:10;RFREITAS;1;ERRO DO SISTEMA;
1006;58436332;-4;0;-4;05/06/2022;11:58:33;ECSOUSA;1;ERRO DE LAN큐MENTO;
1007;56785488;-16,5;0;-16,5;05/06/2022;12:34:40;CFIOR;1;ERRO DE LAN큐MENTO;
1007;56785488;-0,83;0;-0,83;05/06/2022;12:34:40;CFIOR;1;ERRO DE LAN큐MENTO;
1111;57347433;-15;0;-15;05/06/2022;09:39:00;CFIOR;1;HOSPEDE N츒 CONSUMIU;
301;58456228;0;511,25;511,25;05/06/2022;01:08:00;RFELIZ;1;ERRO DE LAN큐MENTO;
309;58427678;-6,08;0;-6,08;05/06/2022;04:06:00;RFREITAS;1;ERRO DO SISTEMA;
309;58427678;-121,52;0;-121,52;05/06/2022;04:06:00;RFREITAS;1;ERRO DO SISTEMA;
310;55434304;-8;0;-8;05/06/2022;11:18:38;CFIOR;1;HOSPEDE N츒 CONSUMIU;
402;57855641;-12;0;-12;05/06/2022;10:32:36;IGPESSOA;2;LCTO EM DUPLICIDADE;
402;57855641;-6;0;-6;05/06/2022;09:48:00;IGPESSOA;1;ERRO DO SISTEMA;
609;58436391;-0,49;0;-0,49;05/06/2022;08:20:00;CFIOR;1;ERRO DE LAN큐MENTO;
609;58436391;-9,76;0;-9,76;05/06/2022;08:20:00;CFIOR;1;ERRO DE LAN큐MENTO;
611;58446605;0;271,66;271,66;05/06/2022;12:52:00;CFIOR;1;ERRO DE LAN큐MENTO;
803;58436030;-17,2;0;-17,2;05/06/2022;10:39:00;CFIOR;1;ERRO DE LAN큐MENTO;
803;58436030;-0,86;0;-0,86;05/06/2022;10:39:00;CFIOR;1;ERRO DE LAN큐MENTO;
909;58331697;-0,55;0;-0,55;05/06/2022;12:36:28;IGPESSOA;1;ERRO DE LAN큐MENTO;
909;58331697;-11;0;-11;05/06/2022;12:36:28;IGPESSOA;1;ERRO DE LAN큐MENTO;
607;58336621;0;525;525;06/06/2022;14:05:01;ANLGONCALVES;1;ERRO DE LAN큐MENTO;
709;58459677;0;206,98;206,98;06/06/2022;07:08:37;RFELIZ;1;ERRO DO SISTEMA;
709;57731500;-0,91;0;-0,91;06/06/2022;11:30:29;CALOLIVEIRA;1;AUTORIZADO PELO GERENT;
709;57731500;-18,12;0;-18,12;06/06/2022;11:30:29;CALOLIVEIRA;1;AUTORIZADO PELO GERENT;
810;57804710;-39;0;-39;06/06/2022;21:25:00;ECSOUSA;1;CANCELAR NOTA FISCAL;
907;58308792;-255,26;0;-255,26;06/06/2022;02:27:00;RFREITAS;1;ERRO DO SISTEMA;
1202;58420622;-11,58;0;-11,58;07/06/2022;12:26:00;CALOLIVEIRA;1;AUTORIZADO PELO GERENT;
1202;58420622;-231,5;0;-231,5;07/06/2022;12:26:00;CALOLIVEIRA;1;AUTORIZADO PELO GERENT;
609;58436391;-225;0;-225;07/06/2022;22:02:00;CALOLIVEIRA;1;AUTORIZADO PELO GERENT;
609;58436391;-0,29;0;-0,29;07/06/2022;22:04:00;CALOLIVEIRA;1;AUTORIZADO PELO GERENT;
609;58436391;-5,71;0;-5,71;07/06/2022;22:04:00;CALOLIVEIRA;1;AUTORIZADO PELO GERENT;
609;58436391;-11,25;0;-11,25;07/06/2022;22:02:00;CALOLIVEIRA;1;AUTORIZADO PELO GERENT;
611;58457216;0;104;104;07/06/2022;13:27:00;ANLGONCALVES;1;ERRO DE LAN큐MENTO;
611;58250913;0;149,1;149,1;07/06/2022;22:19:47;CALOLIVEIRA;1;Erro de La邁o;
901;58397213;0;94,5;94,5;07/06/2022;01:14:00;RFREITAS;1;ERRO DE LAN큐MENTO;
904;58458441;0;144,9;144,9;07/06/2022;06:33:46;RFREITAS;1;Erro de La邁o;
;;-15;0;-15;07/06/2022;21:54:08;CALOLIVEIRA;1;AUTORIZADO PELO GERENT;
;;-0,75;0;-0,75;07/06/2022;21:54:08;CALOLIVEIRA;1;AUTORIZADO PELO GERENT;
;58424660;0;462,84;462,84;07/06/2022;19:26:50;CALOLIVEIRA;1;AUTORIZADO PELO GERENT;
1001;58397264;0;73,5;73,5;08/06/2022;13:16:00;ANLGONCALVES;1;ERRO DE LAN큐MENTO;
1011;58196439;-8;0;-8;08/06/2022;08:12:54;CFIOR;1;HOSPEDE N츒 CONSUMIU;
110;58351566;-25;0;-25;08/06/2022;00:25:00;RFREITAS;1;LCTO EM DUPLICIDADE;
110;58351566;-1,25;0;-1,25;08/06/2022;00:25:00;RFREITAS;1;LCTO EM DUPLICIDADE;
1107;57104239;-232,25;0;-232,25;08/06/2022;02:27:45;RFREITAS;1;ERRO DO SISTEMA;
1107;57104239;-11,61;0;-11,61;08/06/2022;02:27:45;RFREITAS;1;ERRO DO SISTEMA;
1202;58420622;-15;0;-15;08/06/2022;08:02:00;CFIOR;1;HOSPEDE N츒 CONSUMIU;
1208;58420525;-24;0;-24;08/06/2022;11:01:00;CFIOR;3;HOSPEDE N츒 CONSUMIU;
1208;58397094;0;99,23;99,23;08/06/2022;13:19:00;ANLGONCALVES;1;ERRO DE LAN큐MENTO;
203;58110100;-8;0;-8;08/06/2022;07:05:52;RFREITAS;1;HOSPEDE N츒 CONSUMIU;
210;58303383;-6;0;-6;08/06/2022;12:10:22;CFIOR;1;HOSPEDE N츒 CONSUMIU;
607;58159592;-1,25;0;-1,25;08/06/2022;00:28:00;RFREITAS;1;LCTO EM DUPLICIDADE;
607;58159592;-25;0;-25;08/06/2022;00:28:00;RFREITAS;1;LCTO EM DUPLICIDADE;
803;58110119;-8;0;-8;08/06/2022;07:10:54;RFREITAS;1;HOSPEDE N츒 CONSUMIU;
110;58351566;0;192,5;192,5;09/06/2022;09:24:00;IGPESSOA;1;ERRO DE LAN큐MENTO;
408;58191089;-0,01;0;-0,01;09/06/2022;15:53:40;CALOLIVEIRA;1;AUTORIZADO PELO GERENT;
408;58191089;0;0;0;09/06/2022;15:53:40;CALOLIVEIRA;1;AUTORIZADO PELO GERENT;
608;58538437;0;287,74;287,74;09/06/2022;17:52:00;ECSOUSA;1;ERRO DE LAN큐MENTO;
608;58076883;-0,01;0;-0,01;09/06/2022;09:36:34;CALOLIVEIRA;1;AUTORIZADO PELO GERENT;
608;58076883;0;0;0;09/06/2022;09:36:34;CALOLIVEIRA;1;AUTORIZADO PELO GERENT;
811;58397035;-0,01;0;-0,01;09/06/2022;19:03:00;CALOLIVEIRA;1;AUTORIZADO PELO GERENT;
905;58420703;-1,25;0;-1,25;09/06/2022;18:25:00;RFELIZ;1;ERRO DE LAN큐MENTO;
905;58420703;-25;0;-25;09/06/2022;18:25:00;RFELIZ;1;ERRO DE LAN큐MENTO;
910;58030875;-8,2;0;-8,2;09/06/2022;15:49:15;CALOLIVEIRA;1;AUTORIZADO PELO GERENT;
910;58030875;-164;0;-164;09/06/2022;15:49:14;CALOLIVEIRA;1;AUTORIZADO PELO GERENT;
1004;58466509;0;76;76;10/06/2022;02:30:12;RFREITAS;1;ERRO DE LAN큐MENTO;
1006;58396950;0;23;23;10/06/2022;10:41:23;IGPESSOA;1;ERRO DE LAN큐MENTO;
1008;58537058;0;7;7;10/06/2022;23:14:47;RFELIZ;1;ERRO DE LAN큐MENTO;
1008;58420681;-10;0;-10;10/06/2022;07:15:00;RFREITAS;2;HOSPEDE N츒 CONSUMIU;
1008;58420681;0;878,24;878,24;10/06/2022;21:22:05;CALOLIVEIRA;1;Erro de La邁o;
102;58523510;0;282,74;282,74;10/06/2022;02:25:00;RFREITAS;1;ERRO DE LAN큐MENTO;
105;58420789;0;562,27;562,27;10/06/2022;09:41:41;CFIOR;1;Erro de La邁o;
105;58420789;0;562,27;562,27;10/06/2022;21:24:22;CALOLIVEIRA;1;Erro de La邁o;
105;58420789;-12;0;-12;10/06/2022;09:30:00;IGPESSOA;2;HOSPEDE N츒 CONSUMIU;
106;58420592;-6;0;-6;10/06/2022;08:43:00;CFIOR;1;HOSPEDE N츒 CONSUMIU;
106;58420592;0;878,24;878,24;10/06/2022;21:14:56;CALOLIVEIRA;1;Erro de La邁o;
1102;58420665;0;749,68;749,68;10/06/2022;21:20:54;CALOLIVEIRA;1;Erro de La邁o;
1104;58488626;-6;0;-6;10/06/2022;10:59:11;CFIOR;1;HOSPEDE N츒 CONSUMIU;
1104;58488626;0;6;6;10/06/2022;10:59:11;CFIOR;1;HOSPEDE N츒 CONSUMIU;
1106;58420584;0;878,24;878,24;10/06/2022;21:15:55;CALOLIVEIRA;1;Erro de La邁o;
1109;58459146;-140,12;0;-140,12;10/06/2022;14:37:00;IGPESSOA;1;ERRO DE LAN큐MENTO;
1111;58396934;-5;0;-5;10/06/2022;10:16:00;CALOLIVEIRA;1;AUTORIZADO PELO GERENT;
1111;58396934;-0,25;0;-0,25;10/06/2022;10:16:00;CALOLIVEIRA;1;AUTORIZADO PELO GERENT;
1202;58282599;-30;0;-30;10/06/2022;19:06:00;RFELIZ;2;ERRO DE LAN큐MENTO;
204;58397000;-12;0;-12;10/06/2022;10:36:00;CFIOR;1;HOSPEDE N츒 CONSUMIU;
208;58441484;0;159;159;10/06/2022;02:54:32;RFREITAS;1;ERRO DE LAN큐MENTO;
302;58420673;0;749,68;749,68;10/06/2022;21:21:30;CALOLIVEIRA;1;Erro de La邁o;
310;58394664;0;32;32;10/06/2022;02:44:20;RFREITAS;1;ERRO DE LAN큐MENTO;
401;58368213;0;126,5;126,5;10/06/2022;16:01:59;ANLGONCALVES;1;ERRO DE LAN큐MENTO;
402;58420711;0;8;8;10/06/2022;13:39:00;ANLGONCALVES;1;ERRO DE LAN큐MENTO;
404;58186298;0;90;90;10/06/2022;14:54:39;IGPESSOA;1;ERRO DO SISTEMA;
602;58420738;0;749,68;749,68;10/06/2022;21:22:43;CALOLIVEIRA;1;Erro de La邁o;
603;58146296;0;70;70;10/06/2022;16:07:11;ANLGONCALVES;1;ERRO DE LAN큐MENTO;
605;58420770;-20;0;-20;10/06/2022;05:34:00;RFREITAS;2;HOSPEDE N츒 CONSUMIU;
605;58420770;0;749,68;749,68;10/06/2022;21:25:36;CALOLIVEIRA;1;Erro de La邁o;
608;58538437;0;282,74;282,74;10/06/2022;13:46:57;ANLGONCALVES;1;ERRO DE LAN큐MENTO;
611;58434836;-1,3;0;-1,3;10/06/2022;09:52:48;CALOLIVEIRA;1;AUTORIZADO PELO GERENT;
611;58434836;-26;0;-26;10/06/2022;09:52:48;CALOLIVEIRA;1;AUTORIZADO PELO GERENT;
611;58434836;-26;0;-26;10/06/2022;09:52:48;CALOLIVEIRA;1;AUTORIZADO PELO GERENT;
611;58434836;-1,3;0;-1,3;10/06/2022;09:52:48;CALOLIVEIRA;1;AUTORIZADO PELO GERENT;
707;58111395;-8;0;-8;10/06/2022;21:43:00;RFELIZ;1;ERRO DE LAN큐MENTO;
707;58111395;-8;0;-8;10/06/2022;21:43:00;RFELIZ;1;ERRO DE LAN큐MENTO;
707;58111395;-16;0;-16;10/06/2022;21:43:00;RFELIZ;2;ERRO DE LAN큐MENTO;
804;57432880;0;30;30;10/06/2022;16:10:36;ANLGONCALVES;1;ERRO DE LAN큐MENTO;
807;57777985;0;61;61;10/06/2022;13:41:41;ANLGONCALVES;1;ERRO DE LAN큐MENTO;
810;58133151;0;646,38;646,38;10/06/2022;22:43:00;CFIOR;1;ERRO DE LAN큐MENTO;
810;57804710;-8;0;-8;10/06/2022;08:13:01;IGPESSOA;1;HOSPEDE N츒 CONSUMIU;
810;57804710;-18;0;-18;10/06/2022;08:13:21;IGPESSOA;3;HOSPEDE N츒 CONSUMIU;
811;58133178;0;662,55;662,55;10/06/2022;22:46:14;CFIOR;1;ERRO DE LAN큐MENTO;
811;58397035;-26;0;-26;10/06/2022;10:05:22;CALOLIVEIRA;1;AUTORIZADO PELO GERENT;
811;58397035;-1,3;0;-1,3;10/06/2022;10:05:22;CALOLIVEIRA;1;AUTORIZADO PELO GERENT;
905;58420703;0;749,68;749,68;10/06/2022;21:20:21;CALOLIVEIRA;1;Erro de La邁o;
;;0;139,8;139,8;10/06/2022;13:32:42;ANLGONCALVES;1;ERRO DE LAN큐MENTO;
1006;58488863;-3,27;0;-3,27;11/06/2022;20:02:00;CFIOR;1;ERRO DE LAN큐MENTO;
1006;58488863;-1,58;0;-1,58;11/06/2022;20:02:00;CFIOR;1;ERRO DE LAN큐MENTO;
1006;58488863;-31,5;0;-31,5;11/06/2022;20:02:00;CFIOR;1;ERRO DE LAN큐MENTO;
1006;58488863;-65,4;0;-65,4;11/06/2022;20:02:00;CFIOR;1;ERRO DE LAN큐MENTO;
1011;58047158;0;948,15;948,15;11/06/2022;01:46:00;RFREITAS;1;ERRO DE LAN큐MENTO;
107;58420614;0;374,84;374,84;11/06/2022;11:12:42;CALOLIVEIRA;1;Erro de La邁o;
108;58420568;0;658,68;658,68;11/06/2022;11:08:34;CALOLIVEIRA;1;Erro de La邁o;
1107;58420630;0;187,42;187,42;11/06/2022;11:15:09;CALOLIVEIRA;1;Erro de La邁o;
1108;58420533;0;439,12;439,12;11/06/2022;11:05:26;CALOLIVEIRA;1;Erro de La邁o;
1201;58420797;0;187,42;187,42;11/06/2022;11:21:02;CALOLIVEIRA;1;Erro de La邁o;
1201;58560580;0;534,87;534,87;11/06/2022;01:53:00;RFREITAS;1;ERRO DE LAN큐MENTO;
1202;58420622;0;374,85;374,85;11/06/2022;11:13:49;CALOLIVEIRA;1;Erro de La邁o;
1208;58420525;0;439,12;439,12;11/06/2022;11:04:12;CALOLIVEIRA;1;Erro de La邁o;
1211;58420606;0;187,42;187,42;11/06/2022;11:11:36;CALOLIVEIRA;1;Erro de La邁o;
1211;58201327;0;232,47;232,47;11/06/2022;01:48:00;RFREITAS;1;ERRO DE LAN큐MENTO;
202;58420649;0;374,84;374,84;11/06/2022;11:23:43;CALOLIVEIRA;1;Erro de La邁o;
205;58420657;0;374,84;374,84;11/06/2022;11:16:14;CALOLIVEIRA;1;Erro de La邁o;
302;58561250;0;231,52;231,52;11/06/2022;12:37:03;CALOLIVEIRA;1;Erro de La邁o;
305;58562087;0;154,88;154,88;11/06/2022;18:20:00;CFIOR;1;ERRO DE LAN큐MENTO;
308;58397108;-1,46;0;-1,46;11/06/2022;22:11:53;CALOLIVEIRA;1;AUTORIZADO PELO GERENT;
308;58458611;0;558,6;558,6;11/06/2022;01:51:37;RFREITAS;1;ERRO DE LAN큐MENTO;
402;58420711;0;562,26;562,26;11/06/2022;11:18:42;CALOLIVEIRA;1;Erro de La邁o;
406;58420517;0;439,12;439,12;11/06/2022;11:02:34;CALOLIVEIRA;1;Erro de La邁o;
408;58420487;0;439,12;439,12;11/06/2022;10:58:49;CALOLIVEIRA;1;Erro de La邁o;
411;57747296;-6;0;-6;11/06/2022;20:38:15;CALOLIVEIRA;1;AUTORIZADO PELO GERENT;
411;57747296;-8;0;-8;11/06/2022;13:19:00;ECSOUSA;1;HOSPEDE N츒 CONSUMIU;
411;57747296;-1,85;0;-1,85;11/06/2022;13:29:00;ECSOUSA;1;ERRO DE LAN큐MENTO;
411;57747296;-37;0;-37;11/06/2022;13:29:00;ECSOUSA;1;ERRO DE LAN큐MENTO;
505;58302468;-6;0;-6;11/06/2022;10:40:37;IGPESSOA;1;HOSPEDE N츒 CONSUMIU;
505;58302468;-20;0;-20;11/06/2022;10:40:37;IGPESSOA;2;HOSPEDE N츒 CONSUMIU;
508;58420509;0;439,12;439,12;11/06/2022;11:01:23;CALOLIVEIRA;1;Erro de La邁o;
608;58420479;0;439,12;439,12;11/06/2022;10:56:30;CALOLIVEIRA;1;Erro de La邁o;
705;58435476;0;312,25;312,25;11/06/2022;09:45:12;IGPESSOA;1;ERRO DE LAN큐MENTO;
711;58181091;0;235,47;235,47;11/06/2022;01:50:00;RFREITAS;1;ERRO DE LAN큐MENTO;
805;58087532;0;1587,6;1587,6;11/06/2022;01:54:00;RFREITAS;1;ERRO DE LAN큐MENTO;
806;58420495;0;439,12;439,12;11/06/2022;11:00:02;CALOLIVEIRA;1;Erro de La邁o;
903;57483388;0;170,95;170,95;11/06/2022;19:43:00;CFIOR;1;ERRO DE LAN큐MENTO;
906;58420541;0;439,12;439,12;11/06/2022;11:06:58;CALOLIVEIRA;1;Erro de La邁o;
;;-30;0;-30;11/06/2022;22:30:28;CALOLIVEIRA;2;HOSPEDE N츒 CONSUMIU;
;;-24;0;-24;11/06/2022;22:30:28;CALOLIVEIRA;4;HOSPEDE N츒 CONSUMIU;
;;-12;0;-12;11/06/2022;22:30:28;CALOLIVEIRA;2;HOSPEDE N츒 CONSUMIU;
;;-10;0;-10;11/06/2022;22:30:28;CALOLIVEIRA;1;HOSPEDE N츒 CONSUMIU;
;;-8;0;-8;11/06/2022;22:30:29;CALOLIVEIRA;2;HOSPEDE N츒 CONSUMIU;
;;-6;0;-6;11/06/2022;22:30:28;CALOLIVEIRA;1;HOSPEDE N츒 CONSUMIU;
102;58384014;0;26,25;26,25;12/06/2022;01:28:15;RFELIZ;1;ERRO DE LAN큐MENTO;
1202;58259732;0;222,25;222,25;12/06/2022;01:13:00;RFELIZ;1;ERRO DE LAN큐MENTO;
201;58317961;0;78,5;78,5;12/06/2022;01:08:53;RFELIZ;1;ERRO DE LAN큐MENTO;
202;58283390;-0,64;0;-0,64;12/06/2022;09:27:00;CFIOR;1;ERRO DE LAN큐MENTO;
202;58283390;-12,71;0;-12,71;12/06/2022;09:27:00;CFIOR;1;ERRO DE LAN큐MENTO;
211;58286489;0;211,5;211,5;12/06/2022;01:29:33;RFELIZ;1;ERRO DE LAN큐MENTO;
211;58286489;-0,15;0;-0,15;12/06/2022;18:05:00;CFIOR;1;ERRO DE LAN큐MENTO;
211;58286489;-0,29;0;-0,29;12/06/2022;18:05:00;CFIOR;1;ERRO DE LAN큐MENTO;
211;58286489;-3;0;-3;12/06/2022;18:05:00;CFIOR;1;ERRO DE LAN큐MENTO;
211;58286489;-5,87;0;-5,87;12/06/2022;18:05:00;CFIOR;1;ERRO DE LAN큐MENTO;
311;58270086;-4;0;-4;12/06/2022;08:12:40;CFIOR;1;HOSPEDE N츒 CONSUMIU;
403;58015299;0;0;0;12/06/2022;03:07:19;RFELIZ;1;CORTESIA DE DIRIAS;
403;58015299;-0,01;0;-0,01;12/06/2022;03:07:19;RFELIZ;1;CORTESIA DE DIRIAS;
403;58015299;0;633,16;633,16;12/06/2022;03:06:45;RFELIZ;1;Erro de La邁o;
411;58250956;-8;0;-8;12/06/2022;12:14:55;ECSOUSA;1;ERRO DE LAN큐MENTO;
510;58362886;0;102,5;102,5;12/06/2022;01:10:48;RFELIZ;1;ERRO DE LAN큐MENTO;
901;58075798;0;564,49;564,49;12/06/2022;01:38:58;RFELIZ;1;ERRO DE LAN큐MENTO;
905;57939284;0;310;310;12/06/2022;01:26:04;RFELIZ;1;ERRO DE LAN큐MENTO;
911;58119280;-24;0;-24;12/06/2022;10:17:00;CFIOR;4;ERRO NA IMPRESS츒;
1001;58397264;0;26,25;26,25;13/06/2022;13:54:04;ANLGONCALVES;1;ERRO DE LAN큐MENTO;
1001;58397264;0;26,25;26,25;13/06/2022;13:51:11;ANLGONCALVES;1;ERRO DE LAN큐MENTO;
1002;58276254;0;211,68;211,68;13/06/2022;15:21:59;ANLGONCALVES;1;ERRO DE LAN큐MENTO;
1009;58186530;0;43;43;13/06/2022;13:56:16;ANLGONCALVES;1;ERRO DE LAN큐MENTO;
105;58420789;0;56;56;13/06/2022;14:00:27;ANLGONCALVES;1;ERRO DE LAN큐MENTO;
109;56475780;-66;0;-66;13/06/2022;09:47:21;ECSOUSA;11;ERRO DE LAN큐MENTO;
109;56475780;-6;0;-6;13/06/2022;09:47:21;ECSOUSA;1;ERRO DE LAN큐MENTO;
109;56475780;-4;0;-4;13/06/2022;09:47:21;ECSOUSA;1;ERRO DE LAN큐MENTO;
1101;58070702;-8;0;-8;13/06/2022;13:03:39;CALOLIVEIRA;1;AUTORIZADO PELO GERENT;
1101;58070702;-6;0;-6;13/06/2022;13:03:39;CALOLIVEIRA;1;AUTORIZADO PELO GERENT;
1201;58560580;0;90,5;90,5;13/06/2022;00:43:40;RFREITAS;1;ERRO DE LAN큐MENTO;
1203;58500618;0;332,75;332,75;13/06/2022;16:18:08;ANLGONCALVES;1;ERRO DE LAN큐MENTO;
302;58561250;0;48,25;48,25;13/06/2022;15:19:21;ANLGONCALVES;1;ERRO DE LAN큐MENTO;
309;58173579;-0,02;0;-0,02;13/06/2022;06:42:22;RFELIZ;1;CORTESIA DE DIRIAS;
309;58173579;0;0;0;13/06/2022;06:42:22;RFELIZ;1;CORTESIA DE DIRIAS;
801;58160345;-8;0;-8;13/06/2022;12:34:57;ECSOUSA;1;AUTORIZADO PELO GERENT;
811;58397035;0;23;23;13/06/2022;13:58:18;ANLGONCALVES;1;ERRO DE LAN큐MENTO;
1001;58055983;0;54;54;14/06/2022;12:55:15;CALOLIVEIRA;1;AUTORIZADO PELO GERENT;
1009;58303286;0;375,9;375,9;14/06/2022;23:33:25;RFREITAS;1;Erro de La邁o;
103;58556125;0;149,1;149,1;14/06/2022;07:55:34;IGPESSOA;1;Erro de La邁o;
203;57893721;0;33,98;33,98;14/06/2022;13:31:26;ANLGONCALVES;1;ERRO DE LAN큐MENTO;
204;58537074;0;596,4;596,4;14/06/2022;18:49:13;CALOLIVEIRA;1;Erro de La邁o;
208;58530797;0;149,1;149,1;14/06/2022;07:31:22;IGPESSOA;1;Erro de La邁o;
401;58582533;-1,25;0;-1,25;14/06/2022;00:59:00;RFREITAS;1;LCTO EM DUPLICIDADE;
401;58582533;-25;0;-25;14/06/2022;00:59:00;RFREITAS;1;LCTO EM DUPLICIDADE;
409;58222227;0;939,75;939,75;14/06/2022;15:05:09;ANLGONCALVES;1;Erro de La邁o;
409;58222227;0;4;4;14/06/2022;15:05:09;ANLGONCALVES;1;Erro de La邁o;
709;58221964;0;939,75;939,75;14/06/2022;14:58:43;ANLGONCALVES;1;Erro de La邁o;
907;58541055;0;32,25;32,25;14/06/2022;13:34:07;ANLGONCALVES;1;ERRO DE LAN큐MENTO;
;;0;470,4;470,4;14/06/2022;15:30:38;ANLGONCALVES;1;Erro de La邁o;
1009;58303286;0;121,5;121,5;15/06/2022;13:33:32;ANLGONCALVES;1;ERRO DE LAN큐MENTO;
110;58283927;0;375,9;375,9;15/06/2022;00:28:45;RFREITAS;1;Erro de La邁o;
1102;58480137;-1,25;0;-1,25;15/06/2022;01:10:00;RFREITAS;1;LCTO EM DUPLICIDADE;
1102;58480137;-25;0;-25;15/06/2022;01:10:00;RFREITAS;1;LCTO EM DUPLICIDADE;
1109;58342729;0;225,75;225,75;15/06/2022;13:38:36;ANLGONCALVES;1;ERRO DE LAN큐MENTO;
1109;58342729;0;225,75;225,75;15/06/2022;13:27:09;ANLGONCALVES;1;ERRO DE LAN큐MENTO;
211;58605681;-12,62;0;-12,62;15/06/2022;22:07:00;CFIOR;1;ERRO DE LAN큐MENTO;
211;58605681;-252,32;0;-252,32;15/06/2022;22:07:00;CFIOR;1;ERRO DE LAN큐MENTO;
407;58540016;0;2,25;2,25;15/06/2022;12:30:23;CALOLIVEIRA;1;AUTORIZADO PELO GERENT;
510;57987416;0;31,5;31,5;15/06/2022;10:33:00;IGPESSOA;1;ERRO DE LAN큐MENTO;
703;58340238;0;0;0;15/06/2022;12:31:00;RFELIZ;1;CORTESIA DE DIRIAS;
703;58340238;-0,01;0;-0,01;15/06/2022;12:31:00;RFELIZ;1;CORTESIA DE DIRIAS;
710;58286497;-8;0;-8;15/06/2022;06:31:55;RFREITAS;1;HOSPEDE N츒 CONSUMIU;
811;58579540;-222;0;-222;15/06/2022;11:46:45;CALOLIVEIRA;1;AUTORIZADO PELO GERENT;
811;58579540;-11,1;0;-11,1;15/06/2022;11:46:45;CALOLIVEIRA;1;AUTORIZADO PELO GERENT;
903;58620575;0;1055,25;1055,25;15/06/2022;01:42:00;RFREITAS;1;ERRO DE LAN큐MENTO;
302;58641661;0;321,3;321,3;16/06/2022;01:35:00;RFREITAS;1;ERRO DE LAN큐MENTO;
302;58641661;-88,7;0;-88,7;16/06/2022;01:41:00;RFREITAS;1;ERRO DE LAN큐MENTO;
506;58292063;0;897,75;897,75;16/06/2022;01:43:00;RFREITAS;1;ERRO DE LAN큐MENTO;
510;57987416;-91;0;-91;16/06/2022;18:33:00;ECSOUSA;1;ERRO DE LAN큐MENTO;
510;57987416;-4,55;0;-4,55;16/06/2022;18:33:00;ECSOUSA;1;ERRO DE LAN큐MENTO;
211;58570497;0;316,17;316,17;17/06/2022;00:38:00;RFELIZ;1;ERRO DE LAN큐MENTO;
308;58234640;0;753,28;753,28;17/06/2022;21:31:12;CFIOR;1;ERRO DE LAN큐MENTO;
308;58234640;0;1532,7;1532,7;17/06/2022;21:31:12;CFIOR;1;ERRO DE LAN큐MENTO;
408;58638431;0;255,15;255,15;17/06/2022;18:59:08;CALOLIVEIRA;1;Erro de La邁o;
504;58641521;-0,1;0;-0,1;17/06/2022;11:29:22;CALOLIVEIRA;1;AUTORIZADO PELO GERENT;
504;58641521;-2;0;-2;17/06/2022;11:29:22;CALOLIVEIRA;1;AUTORIZADO PELO GERENT;
504;58443002;-8;0;-8;17/06/2022;20:55:00;CALOLIVEIRA;1;AUTORIZADO PELO GERENT;
504;58443002;-12;0;-12;17/06/2022;20:55:00;CALOLIVEIRA;1;AUTORIZADO PELO GERENT;
504;58443002;-12;0;-12;17/06/2022;20:55:00;CALOLIVEIRA;2;AUTORIZADO PELO GERENT;
508;58641378;-69,8;0;-69,8;17/06/2022;10:18:59;IGPESSOA;1;ERRO DE LAN큐MENTO;
608;58641386;0;26,25;26,25;17/06/2022;00:25:16;RFELIZ;1;ERRO DE LAN큐MENTO;
203;58612769;-72,06;0;-72,06;18/06/2022;09:54:21;IGPESSOA;1;ERRO DE LAN큐MENTO;
203;58612769;-3,6;0;-3,6;18/06/2022;09:54:21;IGPESSOA;1;ERRO DE LAN큐MENTO;
208;58559205;-16;0;-16;18/06/2022;10:04:49;IGPESSOA;4;ERRO DO SISTEMA;
403;58613714;-14;0;-14;18/06/2022;10:11:00;IGPESSOA;1;ERRO NA IMPRESS츒;
805;58087532;-8;0;-8;18/06/2022;08:44:16;IGPESSOA;1;ERRO DE LAN큐MENTO;
;;0;4093;4093;18/06/2022;21:09:28;CALOLIVEIRA;1;Erro de La邁o;
;;0;3670;3670;18/06/2022;21:09:28;CALOLIVEIRA;1;Erro de La邁o;
102;58103287;-5,54;0;-5,54;19/06/2022;09:48:00;IGPESSOA;1;ERRO DE LAN큐MENTO;
102;58103287;-0,28;0;-0,28;19/06/2022;09:48:00;IGPESSOA;1;ERRO DE LAN큐MENTO;
204;58657908;-12;0;-12;19/06/2022;12:22:07;CFIOR;2;ERRO DE LAN큐MENTO;
511;57889538;-24;0;-24;19/06/2022;07:51:00;IGPESSOA;4;ERRO DE LAN큐MENTO;
511;57889538;-15;0;-15;19/06/2022;07:51:00;IGPESSOA;1;ERRO DE LAN큐MENTO;
511;57889538;-10;0;-10;19/06/2022;07:51:00;IGPESSOA;1;ERRO DE LAN큐MENTO;
511;57889538;-8;0;-8;19/06/2022;07:51:00;IGPESSOA;1;ERRO DE LAN큐MENTO;
1009;56776578;0;8;8;20/06/2022;14:26:06;ANLGONCALVES;1;ERRO DE LAN큐MENTO;
102;58656316;-40;0;-40;20/06/2022;23:07:00;RFELIZ;1;ERRO DE LAN큐MENTO;
102;58656316;-2;0;-2;20/06/2022;23:07:00;RFELIZ;1;ERRO DE LAN큐MENTO;
403;58613714;0;548,1;548,1;20/06/2022;16:37:33;ANLGONCALVES;1;ERRO DE LAN큐MENTO;
;;-201;0;-201;20/06/2022;19:56:45;RFELIZ;1;ERRO DE LAN큐MENTO;
;;-10,05;0;-10,05;20/06/2022;19:56:45;RFELIZ;1;ERRO DE LAN큐MENTO;
;;0;31;31;20/06/2022;14:47:41;ANLGONCALVES;1;ERRO DE LAN큐MENTO;
106;58661727;0;94,5;94,5;21/06/2022;00:32:00;RFREITAS;1;ERRO DE LAN큐MENTO;
1102;58480137;0;18;18;21/06/2022;14:41:07;ANLGONCALVES;1;ERRO DE LAN큐MENTO;
1106;58661786;0;94,5;94,5;21/06/2022;00:35:00;RFREITAS;1;ERRO DE LAN큐MENTO;
1201;58549951;0;344,4;344,4;21/06/2022;14:25:56;LPADOVINO;1;Erro de La邁o;
1211;58549994;0;344,4;344,4;21/06/2022;17:21:36;LPADOVINO;1;Erro de La邁o;
408;58661891;-210;0;-210;21/06/2022;20:57:47;RFELIZ;1;ERRO DE LAN큐MENTO;
408;58661891;-10,5;0;-10,5;21/06/2022;20:57:47;RFELIZ;1;ERRO DE LAN큐MENTO;
409;58222227;0;939,75;939,75;21/06/2022;13:22:43;ANLGONCALVES;1;Erro de La邁o;
409;58222227;0;4;4;21/06/2022;13:22:43;ANLGONCALVES;1;Erro de La邁o;
501;58649697;-186,75;0;-186,75;21/06/2022;23:51:40;RFREITAS;1;ERRO DO SISTEMA;
501;58649697;-9,34;0;-9,34;21/06/2022;23:51:40;RFREITAS;1;ERRO DO SISTEMA;
501;58649697;0;365,4;365,4;21/06/2022;23:51:22;RFREITAS;1;Erro de La邁o;
502;57611971;0;1423,8;1423,8;21/06/2022;15:37:51;ANLGONCALVES;1;AUTORIZADO PELO GERENT;
502;57611971;0;243,29;243,29;21/06/2022;15:37:42;ANLGONCALVES;1;AUTORIZADO PELO GERENT;
709;58221964;0;939,75;939,75;21/06/2022;13:23:52;ANLGONCALVES;1;Erro de La邁o;
802;58711279;-321,3;0;-321,3;21/06/2022;20:10:05;RFELIZ;1;ERRO DE LAN큐MENTO;
;;0;45;45;21/06/2022;00:22:00;RFREITAS;1;ERRO DE LAN큐MENTO;
1002;58112820;0;455,7;455,7;22/06/2022;00:08:46;RFELIZ;1;ERRO DE LAN큐MENTO;
106;58661727;0;94,5;94,5;22/06/2022;13:58:00;ANLGONCALVES;1;ERRO DE LAN큐MENTO;
201;58602585;0;257,25;257,25;22/06/2022;10:13:43;IGPESSOA;1;Erro de La邁o;
309;58715444;0;107,1;107,1;22/06/2022;20:11:10;RFELIZ;1;VALOR LAN큐DO INCORRET;
409;57731829;0;130;130;22/06/2022;00:09:50;RFELIZ;1;ERRO DE LAN큐MENTO;
506;58688749;-0,65;0;-0,65;22/06/2022;06:48:00;RFREITAS;1;ERRO DE LAN큐MENTO;
506;58688749;-13;0;-13;22/06/2022;06:48:00;RFREITAS;1;ERRO DE LAN큐MENTO;
601;58710264;-1,25;0;-1,25;22/06/2022;12:22:19;CALOLIVEIRA;1;AUTORIZADO PELO GERENT;
601;58710264;-25;0;-25;22/06/2022;12:22:19;CALOLIVEIRA;1;AUTORIZADO PELO GERENT;
608;58661875;0;73,5;73,5;22/06/2022;14:03:03;ANLGONCALVES;1;ERRO DE LAN큐MENTO;
608;58661875;0;73,5;73,5;22/06/2022;14:02:00;ANLGONCALVES;1;ERRO DE LAN큐MENTO;
608;58661875;0;73,5;73,5;22/06/2022;14:01:00;ANLGONCALVES;1;ERRO DE LAN큐MENTO;
811;58423702;-6;0;-6;22/06/2022;18:52:45;CALOLIVEIRA;1;AUTORIZADO PELO GERENT;
903;58589422;0;86,5;86,5;22/06/2022;14:12:18;ANLGONCALVES;1;ERRO DE LAN큐MENTO;
57932727;;0;594,31;594,31;22/06/2022;11:30:13;CALOLIVEIRA;1;AUTORIZADO PELO GERENT;
1009;58351922;0;541,8;541,8;23/06/2022;13:08:12;CALOLIVEIRA;1;Erro de La邁o;
1101;58622187;0;626,85;626,85;23/06/2022;23:48:18;RFREITAS;1;Erro de La邁o;
401;58728465;0;642,6;642,6;23/06/2022;19:35:37;CFIOR;1;HOSPEDE N츒 CONSUMIU;
604;58471685;-6;0;-6;23/06/2022;06:58:21;RFELIZ;1;ERRO DE LAN큐MENTO;
810;58464794;-1;0;-1;23/06/2022;07:50:00;IGPESSOA;1;ERRO DE LAN큐MENTO;
810;58464794;0;222,05;222,05;23/06/2022;07:58:36;IGPESSOA;1;ERRO DO SISTEMA;
901;58661840;-5;0;-5;23/06/2022;19:41:00;CALOLIVEIRA;1;AUTORIZADO PELO GERENT;
901;58661840;-0,25;0;-0,25;23/06/2022;19:41:00;CALOLIVEIRA;1;AUTORIZADO PELO GERENT;
901;58661840;-0,25;0;-0,25;23/06/2022;19:41:00;CALOLIVEIRA;1;AUTORIZADO PELO GERENT;
901;58661840;-5;0;-5;23/06/2022;19:41:00;CALOLIVEIRA;1;AUTORIZADO PELO GERENT;
101;58413723;0;722,4;722,4;24/06/2022;17:39:54;CALOLIVEIRA;1;Erro de La邁o;
103;58745831;-9,65;0;-9,65;24/06/2022;12:06:42;IGPESSOA;1;AUTORIZADO PELO GERENT;
103;58745831;-193;0;-193;24/06/2022;12:06:42;IGPESSOA;1;AUTORIZADO PELO GERENT;
104;58745858;-9,65;0;-9,65;24/06/2022;12:06:06;IGPESSOA;1;AUTORIZADO PELO GERENT;
104;58745858;-193;0;-193;24/06/2022;12:06:06;IGPESSOA;1;AUTORIZADO PELO GERENT;
1101;58586474;0;1310,4;1310,4;24/06/2022;22:38:00;CFIOR;1;ERRO DE LAN큐MENTO;
1201;58606173;0;1227,45;1227,45;24/06/2022;08:18:50;IGPESSOA;1;ERRO DE LAN큐MENTO;
203;58099026;0;625,8;625,8;24/06/2022;17:32:22;CALOLIVEIRA;1;Erro de La邁o;
306;58661719;-7,7;0;-7,7;24/06/2022;09:28:00;CALOLIVEIRA;1;AUTORIZADO PELO GERENT;
306;58661719;-154;0;-154;24/06/2022;09:28:00;CALOLIVEIRA;1;AUTORIZADO PELO GERENT;
308;58661832;-180;0;-180;24/06/2022;09:29:00;CALOLIVEIRA;1;AUTORIZADO PELO GERENT;
308;58661832;-9;0;-9;24/06/2022;09:29:00;CALOLIVEIRA;1;AUTORIZADO PELO GERENT;
309;58738533;-29;0;-29;24/06/2022;08:46:48;CFIOR;1;ERRO DE LAN큐MENTO;
311;58606238;-8;0;-8;24/06/2022;08:03:00;IGPESSOA;1;HOSPEDE N츒 CONSUMIU;
404;58623086;-5;0;-5;24/06/2022;08:29:23;IGPESSOA;1;HOSPEDE N츒 CONSUMIU;
410;57367027;-73;0;-73;24/06/2022;13:40:49;CALOLIVEIRA;1;AUTORIZADO PELO GERENT;
410;57367027;-73;0;-73;24/06/2022;13:40:49;CALOLIVEIRA;1;AUTORIZADO PELO GERENT;
410;57367027;-73;0;-73;24/06/2022;13:40:49;CALOLIVEIRA;1;AUTORIZADO PELO GERENT;
410;57367027;-66;0;-66;24/06/2022;13:40:48;CALOLIVEIRA;1;AUTORIZADO PELO GERENT;
410;57367027;-66;0;-66;24/06/2022;13:40:48;CALOLIVEIRA;1;AUTORIZADO PELO GERENT;
410;57367027;-3,65;0;-3,65;24/06/2022;13:40:49;CALOLIVEIRA;1;AUTORIZADO PELO GERENT;
410;57367027;-3,65;0;-3,65;24/06/2022;13:40:49;CALOLIVEIRA;1;AUTORIZADO PELO GERENT;
410;57367027;-3,65;0;-3,65;24/06/2022;13:40:49;CALOLIVEIRA;1;AUTORIZADO PELO GERENT;
410;57367027;-3,3;0;-3,3;24/06/2022;13:40:48;CALOLIVEIRA;1;AUTORIZADO PELO GERENT;
410;57367027;-3,3;0;-3,3;24/06/2022;13:40:48;CALOLIVEIRA;1;AUTORIZADO PELO GERENT;
410;57367027;0;10237,5;10237,5;24/06/2022;15:12:27;CALOLIVEIRA;1;Erro de La邁o;
506;58688749;-3,85;0;-3,85;24/06/2022;09:41:00;CALOLIVEIRA;1;AUTORIZADO PELO GERENT;
506;58688749;-77;0;-77;24/06/2022;09:41:00;CALOLIVEIRA;1;AUTORIZADO PELO GERENT;
508;58577955;-8;0;-8;24/06/2022;07:15:13;RFREITAS;1;HOSPEDE N츒 CONSUMIU;
511;58560238;0;627,9;627,9;24/06/2022;00:50:00;RFREITAS;1;ERRO DE LAN큐MENTO;
605;58652531;-12;0;-12;24/06/2022;13:27:13;CFIOR;2;HOSPEDE N츒 CONSUMIU;
605;58652531;-6;0;-6;24/06/2022;13:27:13;CFIOR;1;HOSPEDE N츒 CONSUMIU;
609;58617965;0;180,6;180,6;24/06/2022;19:30:00;CALOLIVEIRA;1;Erro de La邁o;
901;58661840;-5;0;-5;24/06/2022;09:20:00;CALOLIVEIRA;1;AUTORIZADO PELO GERENT;
901;58661840;-0,25;0;-0,25;24/06/2022;09:20:00;CALOLIVEIRA;1;AUTORIZADO PELO GERENT;
903;58511490;-12;0;-12;24/06/2022;09:36:05;CFIOR;2;HOSPEDE N츒 CONSUMIU;
102;58656316;-40;0;-40;25/06/2022;10:02:00;RFELIZ;1;ERRO DE LAN큐MENTO;
102;58656316;-40;0;-40;25/06/2022;10:02:00;RFELIZ;1;ERRO DE LAN큐MENTO;
102;58656316;-40;0;-40;25/06/2022;10:02:00;RFELIZ;1;ERRO DE LAN큐MENTO;
102;58656316;-40;0;-40;25/06/2022;10:02:00;RFELIZ;1;ERRO DE LAN큐MENTO;
102;58656316;-2;0;-2;25/06/2022;10:02:00;RFELIZ;1;ERRO DE LAN큐MENTO;
102;58656316;-2;0;-2;25/06/2022;10:02:00;RFELIZ;1;ERRO DE LAN큐MENTO;
102;58656316;-2;0;-2;25/06/2022;10:02:00;RFELIZ;1;ERRO DE LAN큐MENTO;
102;58656316;-2;0;-2;25/06/2022;10:02:00;RFELIZ;1;ERRO DE LAN큐MENTO;
106;58661727;0;94,5;94,5;25/06/2022;22:38:57;CALOLIVEIRA;1;AUTORIZADO PELO GERENT;
106;58661727;0;94,5;94,5;25/06/2022;22:38:54;CALOLIVEIRA;1;AUTORIZADO PELO GERENT;
1202;58516603;-5;0;-5;25/06/2022;10:25:39;CALOLIVEIRA;1;AUTORIZADO PELO GERENT;
1208;58583882;-15;0;-15;25/06/2022;11:07:23;RFELIZ;1;ERRO DE LAN큐MENTO;
1208;58583882;-8;0;-8;25/06/2022;11:07:23;RFELIZ;1;ERRO DE LAN큐MENTO;
1208;58583882;-20;0;-20;25/06/2022;11:07:23;RFELIZ;2;ERRO DE LAN큐MENTO;
1208;58583882;-8;0;-8;25/06/2022;11:07:23;RFELIZ;2;ERRO DE LAN큐MENTO;
1208;58583882;0;51;51;25/06/2022;11:14:25;RFELIZ;1;AUTORIZADO PELO GERENT;
210;58214267;0;0,1;0,1;25/06/2022;14:30:00;RFELIZ;1;ERRO DE LAN큐MENTO;
708;58756221;-17,45;0;-17,45;25/06/2022;03:45:00;RFREITAS;1;ERRO DO SISTEMA;
708;58756221;-349;0;-349;25/06/2022;03:45:00;RFREITAS;1;ERRO DO SISTEMA;
;;-25;0;-25;25/06/2022;19:12:52;CFIOR;1;ERRO DE LAN큐MENTO;
;;-24;0;-24;25/06/2022;22:21:29;CALOLIVEIRA;4;AUTORIZADO PELO GERENT;
;;-6;0;-6;25/06/2022;22:21:29;CALOLIVEIRA;1;AUTORIZADO PELO GERENT;
;;-1,25;0;-1,25;25/06/2022;19:12:53;CFIOR;1;ERRO DE LAN큐MENTO;
208;58540261;-12;0;-12;26/06/2022;10:42:02;IGPESSOA;1;AUTORIZADO PELO GERENT;
211;58744517;-20,5;0;-20,5;26/06/2022;03:09:00;RFREITAS;1;ERRO DO SISTEMA;
211;58744517;-410;0;-410;26/06/2022;03:09:00;RFREITAS;1;ERRO DO SISTEMA;
310;58214283;0;100;100;26/06/2022;11:33:00;PTANAKA;1;ERRO DE LAN큐MENTO;
906;57994234;-45,3;0;-45,3;26/06/2022;00:02:00;RFREITAS;1;ERRO DE LAN큐MENTO;
906;57994234;-906;0;-906;26/06/2022;00:02:00;RFREITAS;1;ERRO DE LAN큐MENTO;
;;-50;0;-50;26/06/2022;17:49:02;JPALMEIDA;1;ERRO DE LAN큐MENTO;
1007;58662510;0;30,25;30,25;27/06/2022;15:14:20;ANLGONCALVES;1;ERRO DE LAN큐MENTO;
1010;58765182;0;26,25;26,25;27/06/2022;15:18:51;ANLGONCALVES;1;ERRO DE LAN큐MENTO;
1010;56991959;0;35;35;27/06/2022;14:39:25;ANLGONCALVES;1;ERRO DE LAN큐MENTO;
105;58537082;0;1774,5;1774,5;27/06/2022;07:20:16;IGPESSOA;1;AUTORIZADO PELO GERENT;
106;58597239;-25;0;-25;27/06/2022;00:26:00;RFREITAS;1;ERRO DE LAN큐MENTO;
106;58597239;-1,25;0;-1,25;27/06/2022;00:26:00;RFREITAS;1;ERRO DE LAN큐MENTO;
1105;58081593;-25;0;-25;27/06/2022;11:33:00;JPALMEIDA;1;CORTESIA DE DIRIAS;
1105;58081593;-25;0;-25;27/06/2022;11:33:00;JPALMEIDA;1;CORTESIA DE DIRIAS;
1105;58081593;-25;0;-25;27/06/2022;11:33:00;JPALMEIDA;1;CORTESIA DE DIRIAS;
1105;58081593;-1,25;0;-1,25;27/06/2022;11:33:00;JPALMEIDA;1;CORTESIA DE DIRIAS;
1105;58081593;0;211;211;27/06/2022;11:32:00;JPALMEIDA;1;ERRO DE LAN큐MENTO;
1105;58081593;0;562;562;27/06/2022;14:47:22;ANLGONCALVES;1;ERRO DE LAN큐MENTO;
1105;58081593;-1,25;0;-1,25;27/06/2022;11:33:00;JPALMEIDA;1;CORTESIA DE DIRIAS;
1105;58081593;-1,25;0;-1,25;27/06/2022;11:33:00;JPALMEIDA;1;CORTESIA DE DIRIAS;
1209;58751130;0;246,49;246,49;27/06/2022;16:56:24;ANLGONCALVES;1;Erro de La邁o;
1209;58771700;-246,65;0;-246,65;27/06/2022;11:07:00;CALOLIVEIRA;1;AUTORIZADO PELO GERENT;
311;58711317;0;196,5;196,5;27/06/2022;15:16:46;ANLGONCALVES;1;ERRO DE LAN큐MENTO;
403;58215050;-12;0;-12;27/06/2022;13:00:12;CALOLIVEIRA;1;AUTORIZADO PELO GERENT;
507;58701664;-15;0;-15;27/06/2022;08:11:34;IGPESSOA;1;HOSPEDE N츒 CONSUMIU;
605;57795770;0;571,31;571,31;27/06/2022;14:42:00;ANLGONCALVES;1;ERRO DE LAN큐MENTO;
811;58151818;-4;0;-4;27/06/2022;11:57:13;IGPESSOA;1;HOSPEDE N츒 CONSUMIU;
906;57994234;-1,25;0;-1,25;27/06/2022;22:47:00;RFELIZ;1;ERRO DE LAN큐MENTO;
906;57994234;-25;0;-25;27/06/2022;22:47:00;RFELIZ;1;ERRO DE LAN큐MENTO;
1011;58820914;0;282,74;282,74;28/06/2022;18:05:00;CALOLIVEIRA;1;AUTORIZADO PELO GERENT;
1011;58820914;-1,31;0;-1,31;28/06/2022;00:19:00;RFELIZ;1;ERRO DE LAN큐MENTO;
1011;58820914;-26,25;0;-26,25;28/06/2022;00:19:00;RFELIZ;1;ERRO DE LAN큐MENTO;
1107;58813268;-0,06;0;-0,06;28/06/2022;00:21:00;RFELIZ;1;ERRO DE LAN큐MENTO;
1107;58813268;-1,25;0;-1,25;28/06/2022;00:21:00;RFELIZ;1;ERRO DE LAN큐MENTO;
1201;58739610;-1,25;0;-1,25;28/06/2022;00:22:22;RFELIZ;1;ERRO DE LAN큐MENTO;
1201;58739610;-0,06;0;-0,06;28/06/2022;00:22:22;RFELIZ;1;ERRO DE LAN큐MENTO;
202;58718524;-0,06;0;-0,06;28/06/2022;00:22:00;RFELIZ;1;ERRO DE LAN큐MENTO;
202;58718524;-1,25;0;-1,25;28/06/2022;00:22:00;RFELIZ;1;ERRO DE LAN큐MENTO;
204;58739157;-1,25;0;-1,25;28/06/2022;00:23:00;RFELIZ;1;ERRO DE LAN큐MENTO;
204;58739157;-0,06;0;-0,06;28/06/2022;00:23:00;RFELIZ;1;ERRO DE LAN큐MENTO;
211;58744517;0;264,6;264,6;28/06/2022;16:01:29;ANLGONCALVES;1;Erro de La邁o;
211;58744517;-12,6;0;-12,6;28/06/2022;16:01:40;ANLGONCALVES;1;AUTORIZADO PELO GERENT;
211;58744517;-252;0;-252;28/06/2022;16:01:40;ANLGONCALVES;1;AUTORIZADO PELO GERENT;
304;58816100;0;422,1;422,1;28/06/2022;01:22:06;RFELIZ;1;ERRO DE LAN큐MENTO;
406;58610472;0;144;144;28/06/2022;13:34:35;ANLGONCALVES;1;ERRO DE LAN큐MENTO;
507;58475869;-1,25;0;-1,25;28/06/2022;00:23:00;RFELIZ;1;ERRO DE LAN큐MENTO;
507;58475869;-0,06;0;-0,06;28/06/2022;00:23:00;RFELIZ;1;ERRO DE LAN큐MENTO;
602;58274162;0;26;26;28/06/2022;13:45:56;ANLGONCALVES;1;ERRO DE LAN큐MENTO;
607;58753893;-1,25;0;-1,25;28/06/2022;23:41:44;RFELIZ;1;ERRO DE LAN큐MENTO;
607;58753893;-25;0;-25;28/06/2022;23:41:44;RFELIZ;1;ERRO DE LAN큐MENTO;
711;58806814;-0,06;0;-0,06;28/06/2022;00:24:00;RFELIZ;1;ERRO DE LAN큐MENTO;
711;58806814;-1,25;0;-1,25;28/06/2022;00:24:00;RFELIZ;1;ERRO DE LAN큐MENTO;
811;58804072;0;197;197;28/06/2022;17:20:00;ECSOUSA;1;ERRO DE LAN큐MENTO;
102;58698043;0;336;336;29/06/2022;15:15:53;CALOLIVEIRA;1;AUTORIZADO PELO GERENT;
1105;58792686;0;59,25;59,25;29/06/2022;08:59:13;IGPESSOA;1;ERRO DE LAN큐MENTO;
401;58744436;0;264,6;264,6;29/06/2022;23:38:41;RFREITAS;1;Erro de La邁o;
1007;58701842;0;698,4;698,4;30/06/2022;02:07:00;RFREITAS;1;ERRO DE LAN큐MENTO;
1011;58820914;0;26,25;26,25;30/06/2022;13:23:17;ANLGONCALVES;1;ERRO DE LAN큐MENTO;
204;58739157;0;25;25;30/06/2022;16:12:00;CFIOR;1;ERRO DE LAN큐MENTO;
204;58739157;-6;0;-6;30/06/2022;16:07:00;CFIOR;1;HOSPEDE N츒 CONSUMIU;
307;58744819;0;6;6;30/06/2022;08:59:32;IGPESSOA;1;ERRO DE LAN큐MENTO;
402;58162410;-20;0;-20;30/06/2022;11:46:00;IGPESSOA;2;HOSPEDE N츒 CONSUMIU;
