UH;Reserva;Descrição;Crédito;Débito;Valor;Documento;Data;Hora;Usuário;Qtde.;Motivo;
107;57429723;DIARIA;-293;0,00;-293,00;UH: 107 Reserva: 574;01/05/2022;10:04:21;RFELIZ;1;ERRO DO SISTEMA;
208;57825777;STONE - MASTERCARD D;0;32,25;32,25;113460;01/05/2022;1:48:40;RFELIZ;1;ERRO DE LANÇAMENTO;
510;57813205;DIFERENÇA DE DIARIA;-196,79;0,00;-196,79;UH: 510 Reserva: 578;01/05/2022;12:14:57;RFELIZ;1;ERRO DE LANÇAMENTO;
502;57837422;DIARIA;-196,24;0,00;-196,24;UH: 502 Reserva: 578;01/05/2022;23:24:00;RFELIZ;1;ERRO DE LANÇAMENTO;
510;57813205;DIFERENÇA DE DIARIA;-30;0,00;-30,00;REF DIONEI DA COS;01/05/2022;12:13:47;RFELIZ;1;ERRO DE LANÇAMENTO;
107;57429723;ISS;-14,65;0,00;-14,65;;01/05/2022;10:04:21;RFELIZ;1;ERRO DO SISTEMA;
107;57429723;ISS;-14,65;0,00;-14,65;;01/05/2022;10:04:21;RFELIZ;1;ERRO DO SISTEMA;
510;57813205;ISS;-9,84;0,00;-9,84;;01/05/2022;12:14:57;RFELIZ;1;ERRO DE LANÇAMENTO;
502;57837422;ISS;-9,81;0,00;-9,81;;01/05/2022;23:24:00;RFELIZ;1;ERRO DE LANÇAMENTO;
701;57718687;DIARIA;-2,97;0,00;-2,97;UH: 701 Reserva: 577;01/05/2022;11:25:08;RFELIZ;1;CORTESIA DE DIÁRIAS;
510;57813205;ISS;-1,5;0,00;-1,50;;01/05/2022;12:13:47;RFELIZ;1;ERRO DE LANÇAMENTO;
701;57718687;ISS;-0,15;0,00;-0,15;;01/05/2022;11:25:08;RFELIZ;1;CORTESIA DE DIÁRIAS;
701;57718687;DINHEIRO;0;2,97;2,97;;01/05/2022;11:24:36;RFELIZ;1;ERRO DE LANÇAMENTO;
;;STONE - MASTERCARD C;0;26,25;26,25;REF A 908;01/05/2022;0:42:44;RFELIZ;1;ERRO DE LANÇAMENTO;
309;57755221;STONE - ELO CREDITO;0;32,25;32,25;655687;01/05/2022;0:35:06;RFELIZ;1;ERRO DE LANÇAMENTO;
107;57429723;DIARIA;-293;0,00;-293,00;UH: 107 Reserva: 574;01/05/2022;10:04:21;RFELIZ;1;ERRO DO SISTEMA;
401;57767653;DIARIA;-281;0,00;-281,00;UH: 401 Reserva: 577;02/05/2022;6:47:03;RFELIZ;1;ERRO DE LANÇAMENTO;
;;A FATURAR;0;210,00;210,00;;02/05/2022;11:30:04;LPADOVINO;1;Erro de Laçto;
401;57767653;DIARIA;-281;0,00;-281,00;UH: 401 Reserva: 577;02/05/2022;6:47:03;RFELIZ;1;ERRO DE LANÇAMENTO;
401;57767653;DIARIA;-253;0,00;-253,00;UH: 401 Reserva: 577;02/05/2022;6:47:03;RFELIZ;1;ERRO DE LANÇAMENTO;
1201;57720207;ACESSORIO CELULAR;-59,9;0,00;-59,90;Venda: 75905733;02/05/2022;14:48:00;ECSOUSA;1;ERRO DE LANÇAMENTO;
705;56816111;PASSADORIA;-25,2;0,00;-25,20;Venda: 75894789 / 3 c;02/05/2022;12:58:00;CALOLIVEIRA;3;AUTORIZADO PELO GERENT;
1106;57787670;ESTACIONAMENTO;-25;0,00;-25,00;rmf7a36;02/05/2022;0:38:00;RFELIZ;1;LCTO EM DUPLICIDADE;
710;57529248;FRIGOBAR;-15;0,00;-15,00;Venda: 75902722;02/05/2022;8:48:00;LPADOVINO;1;HOSPEDE NÃO CONSUMIU;
401;57767653;ISS;-14,05;0,00;-14,05;;02/05/2022;6:47:03;RFELIZ;1;ERRO DE LANÇAMENTO;
401;57767653;ISS;-14,05;0,00;-14,05;;02/05/2022;6:47:03;RFELIZ;1;ERRO DE LANÇAMENTO;
401;57767653;ISS;-14,05;0,00;-14,05;;02/05/2022;6:47:03;RFELIZ;1;ERRO DE LANÇAMENTO;
401;57767653;ISS;-12,65;0,00;-12,65;;02/05/2022;6:47:03;RFELIZ;1;ERRO DE LANÇAMENTO;
905;57103801;FRIGOBAR;-12;0,00;-12,00;Venda: 75901411;02/05/2022;8:09:00;LPADOVINO;2;HOSPEDE NÃO CONSUMIU;
905;57103801;FRIGOBAR;-8;0,00;-8,00;Venda: 75901412;02/05/2022;8:09:00;LPADOVINO;1;HOSPEDE NÃO CONSUMIU;
1109;57804303;FRIGOBAR;-4;0,00;-4,00;Venda: 75895568;02/05/2022;11:56:09;LPADOVINO;1;AUTORIZADO PELO GERENT;
705;56816111;ISS;-1,26;0,00;-1,26;;02/05/2022;12:58:00;CALOLIVEIRA;1;AUTORIZADO PELO GERENT;
1106;57787670;ISS;-1,25;0,00;-1,25;;02/05/2022;0:38:00;RFELIZ;1;LCTO EM DUPLICIDADE;
401;57767653;DIARIA;-0,02;0,00;-0,02;REF 01.05.22'';02/05/2022;6:50:08;RFELIZ;1;CORTESIA DE DIÁRIAS;
401;57767653;ISS;0;0,00;0,00;;02/05/2022;6:50:08;RFELIZ;1;CORTESIA DE DIÁRIAS;
105;57828229;STONE - MASTERCARD D;0;34,25;34,25;114928;02/05/2022;19:26:38;CFIOR;1;ERRO DE LANÇAMENTO;
804;57450684;STONE - VISA CREDITO;0;74,50;74,50;385427;02/05/2022;15:15:27;LPADOVINO;1;AUTORIZADO PELO GERENT;
401;57767653;DIARIA;-281;0,00;-281,00;UH: 401 Reserva: 577;02/05/2022;6:47:03;RFELIZ;1;ERRO DE LANÇAMENTO;
;;ESTACIONAMENTO;-25;0,00;-25,00;PCX2B47;03/05/2022;16:16:09;CFIOR;1;ERRO DE LANÇAMENTO;
506;57856915;STONE - MASTERCARD C;0;983,83;983,83;874307;03/05/2022;1:09:00;RFREITAS;1;ERRO DE LANÇAMENTO;
910;57637318;ESTACIONAMENTO;-25;0,00;-25,00;gbl 9603 asx;03/05/2022;0:33:47;RFREITAS;1;LCTO EM DUPLICIDADE;
411;57815402;FRIGOBAR;-18;0,00;-18,00;Venda: 75905935;03/05/2022;16:51:12;CALOLIVEIRA;3;AUTORIZADO PELO GERENT;
411;57815402;FRIGOBAR;-16;0,00;-16,00;Venda: 75905589;03/05/2022;16:51:12;CALOLIVEIRA;2;AUTORIZADO PELO GERENT;
605;57808171;FRIGOBAR;-12;0,00;-12,00;Venda: 75906945;03/05/2022;16:46:59;CALOLIVEIRA;2;AUTORIZADO PELO GERENT;
605;57808171;FRIGOBAR;-8;0,00;-8,00;Venda: 75906946;03/05/2022;16:46:59;CALOLIVEIRA;1;AUTORIZADO PELO GERENT;
605;57808171;FRIGOBAR;-6;0,00;-6,00;Venda: 75906944;03/05/2022;16:46:59;CALOLIVEIRA;1;AUTORIZADO PELO GERENT;
;;ISS;-1,25;0,00;-1,25;;03/05/2022;16:16:09;CFIOR;1;ERRO DE LANÇAMENTO;
;;ISS;-1,25;0,00;-1,25;;03/05/2022;16:16:09;CFIOR;1;ERRO DE LANÇAMENTO;
910;57637318;ISS;-1,25;0,00;-1,25;;03/05/2022;0:33:47;RFREITAS;1;LCTO EM DUPLICIDADE;
701;57745854;DESCONTO DE FRIGOBAR;0;1,39;1,39;;03/05/2022;19:27:05;CALOLIVEIRA;1;AUTORIZADO PELO GERENT;
701;57745854;DESCONTO DE FRIGOBAR;0;4,79;4,79;;03/05/2022;10:23:00;CALOLIVEIRA;1;AUTORIZADO PELO GERENT;
102;57817731;STONE - VISA CREDITO;0;6,00;6,00;074185;03/05/2022;18:29:48;LPADOVINO;1;AUTORIZADO PELO GERENT;
809;57802742;STONE - MASTERCARD C;0;26,25;26,25;020515;03/05/2022;18:46:35;LPADOVINO;1;AUTORIZADO PELO GERENT;
301;57772592;STONE - VISA CREDITO;0;68,50;68,50;575335;03/05/2022;18:09:09;LPADOVINO;1;AUTORIZADO PELO GERENT;
501;57738203;STONE - MASTERCARD D;0;80,50;80,50;475417;03/05/2022;18:36:57;LPADOVINO;1;AUTORIZADO PELO GERENT;
102;57817731;STONE - MASTERCARD D;0;259,64;259,64;023524;03/05/2022;18:42:27;LPADOVINO;1;AUTORIZADO PELO GERENT;
906;57827850;STONE - VISA CREDITO;0;287,36;287,36;978580;03/05/2022;18:21:27;LPADOVINO;1;AUTORIZADO PELO GERENT;
;57806527;STONE - MASTERCARD C;0;404,79;404,79;T09814;03/05/2022;17:24:25;CALOLIVEIRA;1;AUTORIZADO PELO GERENT;
;;ESTACIONAMENTO;-25;0,00;-25,00;BBJ7352;03/05/2022;16:16:09;CFIOR;1;ERRO DE LANÇAMENTO;
601;57898901;DIARIA;-190,96;0,00;-190,96;UH: 601 Reserva: 578;04/05/2022;18:52:00;CALOLIVEIRA;1;AUTORIZADO PELO GERENT;
1009;57824517;STONE - VISA CREDITO;0;876,01;876,01;542559;04/05/2022;2:14:00;RFREITAS;1;ERRO DE LANÇAMENTO;
209;57849919;ESTACIONAMENTO;-25;0,00;-25,00;BCL9656;04/05/2022;0:36:00;RFREITAS;1;LCTO EM DUPLICIDADE;
401;57622485;FRIGOBAR;-15;0,00;-15,00;Venda: 75906968;04/05/2022;7:16:00;RFREITAS;1;HOSPEDE NÃO CONSUMIU;
;;ESTACIONAMENTO;-15;0,00;-15,00;BEA - 7985;04/05/2022;0:34:10;RFREITAS;1;LCTO EM DUPLICIDADE;
;;ESTACIONAMENTO;-15;0,00;-15,00;SANDERO BAE 3512;04/05/2022;0:35:42;RFREITAS;1;ERRO DE LANÇAMENTO;
601;57898901;ISS;-9,55;0,00;-9,55;;04/05/2022;18:52:00;CALOLIVEIRA;1;AUTORIZADO PELO GERENT;
411;57740968;FRIGOBAR;-8;0,00;-8,00;Venda: 75908408;04/05/2022;16:08:12;ECSOUSA;1;ERRO DE LANÇAMENTO;
903;57806993;FRIGOBAR;-8;0,00;-8,00;Venda: 75905572;04/05/2022;18:58:35;CFIOR;1;ERRO DE LANÇAMENTO;
903;57806993;ISS;-7,1;0,00;-7,10;;04/05/2022;19:02:58;CFIOR;1;ERRO DE LANÇAMENTO;
103;57613508;FRIGOBAR;-6;0,00;-6,00;Venda: 75907768;04/05/2022;8:13:47;ECSOUSA;1;ERRO DE LANÇAMENTO;
411;57740968;FRIGOBAR;-6;0,00;-6,00;Venda: 75908407;04/05/2022;16:08:12;ECSOUSA;1;ERRO DE LANÇAMENTO;
1101;57865094;TROC TROCO;-3;0,00;-3,00;;04/05/2022;12:22:24;ECSOUSA;1;ERRO DE LANÇAMENTO;
1101;57865094;TROC TROCO;-3;0,00;-3,00;;04/05/2022;2:09:00;RFREITAS;1;ERRO DE LANÇAMENTO;
209;57849919;ISS;-1,25;0,00;-1,25;;04/05/2022;0:36:00;RFREITAS;1;LCTO EM DUPLICIDADE;
;;ISS;-0,75;0,00;-0,75;;04/05/2022;0:34:10;RFREITAS;1;LCTO EM DUPLICIDADE;
;;ISS;-0,75;0,00;-0,75;;04/05/2022;0:35:42;RFREITAS;1;ERRO DE LANÇAMENTO;
1101;57865094;STONE - MASTERCARD C;0;3,00;3,00;432553;04/05/2022;2:09:00;RFREITAS;1;ERRO DE LANÇAMENTO;
1203;57810168;STONE - VISA CREDITO;0;10,00;10,00;020655;04/05/2022;15:15:08;LPADOVINO;1;ERRO DE LANÇAMENTO;
401;57622485;STONE - MASTERCARD D;0;14,00;14,00;017905;04/05/2022;1:59:14;RFREITAS;1;ERRO DE LANÇAMENTO;
502;57640858;STONE - VISA DEBITO;0;41,00;41,00;956681;04/05/2022;2:21:11;RFREITAS;1;ERRO DE LANÇAMENTO;
103;57613508;STONE - MASTERCARD D;0;58,50;58,50;;04/05/2022;18:26:27;ECSOUSA;1;ERRO DE LANÇAMENTO;
102;57399212;A FATURAR;0;455,70;455,70;;04/05/2022;16:15:12;CFIOR;1;Erro de Laçto;
;57666032;STONE - MASTERCARD C;0;548,86;548,86;464407;04/05/2022;17:59:26;CALOLIVEIRA;1;AUTORIZADO PELO GERENT;
903;57806993;DIARIA;-142;0,00;-142,00;REF 04/05;04/05/2022;19:02:58;CFIOR;1;ERRO DE LANÇAMENTO;
108;57921261;DIARIA;-297;0,00;-297,00;UH: 108 Reserva: 579;05/05/2022;19:29:00;ECSOUSA;1;ERRO DO SISTEMA;
1101;57865094;STONE - MASTERCARD C;0;562,25;562,25;432553;05/05/2022;14:44:31;RFELIZ;1;ERRO DE LANÇAMENTO;
105;57623562;NO SHOW;-160,36;0,00;-160,36;;05/05/2022;16:49:00;CALOLIVEIRA;1;AUTORIZADO PELO GERENT;
1104;57603340;ESTACIONAMENTO;-25;0,00;-25,00;dlr8227;05/05/2022;0:41:00;RFREITAS;1;LCTO EM DUPLICIDADE;
511;57885109;FRIGOBAR;-16;0,00;-16,00;Venda: 75908376;05/05/2022;8:56:37;RFELIZ;2;HOSPEDE NÃO CONSUMIU;
310;54971160;FRIGOBAR;-16;0,00;-16,00;Venda: 75887893;05/05/2022;15:53:15;CALOLIVEIRA;2;AUTORIZADO PELO GERENT;
108;57921261;ISS;-14,85;0,00;-14,85;;05/05/2022;19:29:00;ECSOUSA;1;ERRO DO SISTEMA;
209;57849919;ISS;-10,85;0,00;-10,85;;05/05/2022;5:58:01;RFREITAS;1;ERRO DO SISTEMA;
511;57885109;FRIGOBAR;-10;0,00;-10,00;Venda: 75908380;05/05/2022;8:56:38;RFELIZ;2;HOSPEDE NÃO CONSUMIU;
105;57623562;ISS;-8,02;0,00;-8,02;;05/05/2022;16:49:00;CALOLIVEIRA;1;AUTORIZADO PELO GERENT;
408;57171890;FRIGOBAR;-8;0,00;-8,00;Venda: 75908424;05/05/2022;7:20:33;RFREITAS;1;HOSPEDE NÃO CONSUMIU;
511;57885109;FRIGOBAR;-8;0,00;-8,00;Venda: 75908377;05/05/2022;8:56:37;RFELIZ;1;HOSPEDE NÃO CONSUMIU;
511;57885109;FRIGOBAR;-8;0,00;-8,00;Venda: 75908378;05/05/2022;8:56:37;RFELIZ;1;HOSPEDE NÃO CONSUMIU;
308;57663955;FRIGOBAR;-6;0,00;-6,00;Venda: 75909454;05/05/2022;9:13:26;RFELIZ;1;ERRO DE LANÇAMENTO;
310;54971160;FRIGOBAR;-6;0,00;-6,00;Venda: 75887892;05/05/2022;15:53:15;CALOLIVEIRA;1;AUTORIZADO PELO GERENT;
511;57885109;FRIGOBAR;-5;0,00;-5,00;Venda: 75908379;05/05/2022;8:56:38;RFELIZ;1;HOSPEDE NÃO CONSUMIU;
1104;57603340;ISS;-1,25;0,00;-1,25;;05/05/2022;0:41:00;RFREITAS;1;LCTO EM DUPLICIDADE;
1009;57436525;STONE - MASTERCARD C;0;21,00;21,00;135491;05/05/2022;14:42:02;RFELIZ;1;ERRO DE LANÇAMENTO;
102;57399212;STONE - MASTERCARD D;0;35,00;35,00;079554;05/05/2022;14:49:00;RFELIZ;1;ERRO DE LANÇAMENTO;
410;57754276;STONE - VISA CREDITO;0;52,50;52,50;;05/05/2022;10:47:17;ECSOUSA;1;ERRO DE LANÇAMENTO;
108;57921261;STONE - MASTERCARD D;0;274,42;274,42;369924;05/05/2022;2:08:00;RFREITAS;1;ERRO DE LANÇAMENTO;
1101;57865094;STONE - MASTERCARD C;0;462,25;462,25;432663;05/05/2022;14:45:26;RFELIZ;1;ERRO DE LANÇAMENTO;
911;57702322;VL2ECSTONE - ELO CREDITO 2;0;524,00;524,00;988760;05/05/2022;12:11:49;ECSOUSA;1;ERRO DE LANÇAMENTO;
209;57849919;DIARIA;-217;0,00;-217,00;UH: 209 Reserva: 578;05/05/2022;5:58:01;RFREITAS;1;ERRO DO SISTEMA;
706;57883327;DIFERENÇA DE DIARIA;-269,75;0,00;-269,75;UH: 706;06/05/2022;23:04:00;ECSOUSA;1;ERRO DO SISTEMA;
308;57663955;STONE - VISA CREDITO;0;1.051,37;1.051,37;157922;06/05/2022;6:46:15;RFREITAS;1;LCTO EM DUPLICIDADE;
911;57921377;ESTACIONAMENTO;-25;0,00;-25,00;axz927;06/05/2022;9:40:44;RFELIZ;1;LCTO EM DUPLICIDADE;
710;57794014;ESTACIONAMENTO;-25;0,00;-25,00;azg 748 amarok;06/05/2022;23:44:00;ECSOUSA;1;ERRO DE LANÇAMENTO;
1006;57632847;ESTACIONAMENTO;-25;0,00;-25,00;bdm 306;06/05/2022;1:54:00;RFREITAS;1;LCTO EM DUPLICIDADE;
304;57408602;FRIGOBAR;-20;0,00;-20,00;Venda: 75910883;06/05/2022;7:44:00;ECSOUSA;2;ERRO DE LANÇAMENTO;
801;57720460;FRIGOBAR;-16;0,00;-16,00;Venda: 75909936;06/05/2022;8:18:36;RFELIZ;2;HOSPEDE NÃO CONSUMIU;
706;57883327;ISS;-13,49;0,00;-13,49;;06/05/2022;23:04:00;ECSOUSA;1;ERRO DO SISTEMA;
910;57637318;FRIGOBAR;-12;0,00;-12,00;Venda: 75906922;06/05/2022;8:26:00;ECSOUSA;1;ERRO DE LANÇAMENTO;
707;57896992;ISS;-11,14;0,00;-11,14;;06/05/2022;10:46:14;CALOLIVEIRA;1;AUTORIZADO PELO GERENT;
801;57720460;FRIGOBAR;-8;0,00;-8,00;Venda: 75909935;06/05/2022;8:18:14;RFELIZ;1;HOSPEDE NÃO CONSUMIU;
801;57720460;FRIGOBAR;-8;0,00;-8,00;Venda: 75909937;06/05/2022;8:18:36;RFELIZ;1;HOSPEDE NÃO CONSUMIU;
801;57720460;FRIGOBAR;-6;0,00;-6,00;Venda: 75910974;06/05/2022;8:16:00;RFELIZ;1;HOSPEDE NÃO CONSUMIU;
403;57407851;FRIGOBAR;-6;0,00;-6,00;Venda: 75908429;06/05/2022;8:22:09;ECSOUSA;1;ERRO DE LANÇAMENTO;
911;57921377;ISS;-1,25;0,00;-1,25;;06/05/2022;9:40:44;RFELIZ;1;LCTO EM DUPLICIDADE;
710;57794014;ISS;-1,25;0,00;-1,25;;06/05/2022;23:44:00;ECSOUSA;1;ERRO DE LANÇAMENTO;
1006;57632847;ISS;-1,25;0,00;-1,25;;06/05/2022;1:54:00;RFREITAS;1;LCTO EM DUPLICIDADE;
711;57922993;DIARIA NET;-0,25;0,00;-0,25;UH: 711 Reserva: 579;06/05/2022;9:04:45;RFELIZ;1;CORTESIA DE DIÁRIAS;
309;57852502;STONE - VISA CREDITO;0;6,00;6,00;602551;06/05/2022;16:34:59;RFELIZ;1;ERRO DE LANÇAMENTO;
601;57898901;STONE - MASTERCARD D;0;34,25;34,25;553855;06/05/2022;16:10:37;RFELIZ;1;ERRO DE LANÇAMENTO;
905;57799695;STONE - MASTERCARD D;0;105,00;105,00;;06/05/2022;10:58:00;ECSOUSA;1;ERRO DO SISTEMA;
410;57754276;STONE - VISA CREDITO;0;108,50;108,50;087851;06/05/2022;16:16:22;RFELIZ;1;ERRO DE LANÇAMENTO;
207;57720428;STONE - MASTERCARD C;0;153,00;153,00;690625;06/05/2022;23:34:16;ECSOUSA;1;ERRO DE LANÇAMENTO;
710;57794014;A FATURAR;0;242,55;242,55;;06/05/2022;19:44:10;ECSOUSA;1;Erro de Laçto;
;57930651;STONE - MASTERCARD C;0;374,90;374,90;016587;06/05/2022;18:38:41;CALOLIVEIRA;1;AUTORIZADO PELO GERENT;
707;57896992;DAY USE;-222,75;0,00;-222,75;UH: 707 Reserva: 578;06/05/2022;10:46:14;CALOLIVEIRA;1;AUTORIZADO PELO GERENT;
1001;57669619;ESTACIONAMENTO;-1001;0,00;-1.001,00;QIW-006  VIRTUS;07/05/2022;20:31:00;CFIOR;1;ERRO DE LANÇAMENTO;
905;57799695;A FATURAR;0;596,40;596,40;;07/05/2022;3:50:59;RFELIZ;1;Erro de Laçto;
1001;57669619;ISS;-50,05;0,00;-50,05;;07/05/2022;20:31:00;CFIOR;1;ERRO DE LANÇAMENTO;
1005;57398887;DIARIA;-8,23;0,00;-8,23;UH: 1005 Reserva: 57;07/05/2022;13:00:00;ECSOUSA;1;CORTESIA DE DIÁRIAS;
310;57794006;FRIGOBAR;-8;0,00;-8,00;Venda: 75911704;07/05/2022;9:02:00;ECSOUSA;1;HOSPEDE NÃO CONSUMIU;
905;57799695;FRIGOBAR;-8;0,00;-8,00;Venda: 75911661;07/05/2022;13:48:09;CALOLIVEIRA;1;AUTORIZADO PELO GERENT;
905;57799695;FRIGOBAR;-8;0,00;-8,00;Venda: 75911662;07/05/2022;13:48:09;CALOLIVEIRA;1;AUTORIZADO PELO GERENT;
905;57799695;FRIGOBAR;-8;0,00;-8,00;Venda: 75911663;07/05/2022;13:48:09;CALOLIVEIRA;1;AUTORIZADO PELO GERENT;
905;57799695;FRIGOBAR;-8;0,00;-8,00;Venda: 75911664;07/05/2022;13:48:09;CALOLIVEIRA;1;AUTORIZADO PELO GERENT;
305;57286523;FRIGOBAR;-6;0,00;-6,00;Venda: 75906976;07/05/2022;7:56:00;ECSOUSA;1;HOSPEDE NÃO CONSUMIU;
407;57928657;FRIGOBAR;-6;0,00;-6,00;Venda: 75912465;07/05/2022;9:42:56;CALOLIVEIRA;1;AUTORIZADO PELO GERENT;
1010;57586519;FRIGOBAR;-5;0,00;-5,00;Venda: 75911657;07/05/2022;10:38:00;CALOLIVEIRA;1;AUTORIZADO PELO GERENT;
1005;57398887;ISS;-0,41;0,00;-0,41;;07/05/2022;13:00:00;ECSOUSA;1;CORTESIA DE DIÁRIAS;
204;57433941;DIARIA NET;-0,01;0,00;-0,01;UH: 204 Reserva: 574;07/05/2022;14:16:37;CALOLIVEIRA;1;AUTORIZADO PELO GERENT;
204;57433941;DIARIA NET;-0,01;0,00;-0,01;UH: 204 Reserva: 574;07/05/2022;14:16:37;CALOLIVEIRA;1;AUTORIZADO PELO GERENT;
1203;57938776;STONE - MASTERCARD D;0;0,05;0,05;K2L6NU;07/05/2022;15:36:00;RFELIZ;1;ERRO DE LANÇAMENTO;
1102;57766894;STONE - MASTERCARD C;0;38,00;38,00;281392;07/05/2022;1:31:21;RFELIZ;1;ERRO DE LANÇAMENTO;
1109;57611343;STONE - MASTERCARD C;0;50,25;50,25;035624;07/05/2022;12:12:00;RFELIZ;1;ERRO DE LANÇAMENTO;
509;57794022;STONE - VISA CREDITO;0;52,00;52,00;079025;07/05/2022;1:57:26;RFELIZ;1;ERRO DE LANÇAMENTO;
1207;57850402;STONE - MASTERCARD C;0;199,50;199,50;455266;07/05/2022;1:17:00;RFELIZ;1;ERRO DE LANÇAMENTO;
106;57861676;VLEC  STONE - ELO CREDITO;0;278,57;278,57;662248;07/05/2022;1:05:00;RFELIZ;1;ERRO DE LANÇAMENTO;
211;57758654;STONE - MASTERCARD C;0;502,76;502,76;311451;07/05/2022;1:15:00;RFELIZ;1;ERRO DE LANÇAMENTO;
401;57826838;STONE - VISA CREDITO 7;0;530,00;530,00;271672;07/05/2022;2:56:00;RFELIZ;1;ERRO DE LANÇAMENTO;
1111;57870020;DIARIA NET;-127;0,00;-127,00;UH: 1111 Reserva: 57;07/05/2022;5:41:00;RFREITAS;1;ERRO DO SISTEMA;
706;57883327;DIFERENÇA DE DIARIA;-269,75;0,00;-269,75;UH: 706 Reserva: 578;08/05/2022;5:56:00;RFELIZ;1;ERRO DO SISTEMA;
501;57705380;STONE - MASTERCARD C;0;146,25;146,25;015668;08/05/2022;11:02:59;RFELIZ;1;ERRO DE LANÇAMENTO;
1111;57870020;NO SHOW;-200,95;0,00;-200,95;;08/05/2022;7:04:03;RFELIZ;1;ERRO DE LANÇAMENTO;
610;57856206;DIVERSOS;-65;0,00;-65,00;1 PEITO DE F. / 1 MA;08/05/2022;10:47:51;RFELIZ;1;ERRO DE LANÇAMENTO;
903;57488819;DIVERSOS;-44;0,00;-44,00;;08/05/2022;5:16:00;RFELIZ;1;ERRO DE LANÇAMENTO;
502;57627975;DIARIA NET;-31,5;0,00;-31,50;UH: 502 Reserva: 576;08/05/2022;12:37:54;RFELIZ;1;HOSPEDE NÃO CONSUMIU;
709;57714436;ESTACIONAMENTO;-25;0,00;-25,00;bdl 416 yaris;08/05/2022;12:26:00;RFELIZ;1;ERRO DE LANÇAMENTO;
310;57961050;DIARIA;-20;0,00;-20,00;UH: 310 Reserva: 579;08/05/2022;23:36:51;CFIOR;1;ERRO DE LANÇAMENTO;
411;57821100;FRIGOBAR;-18;0,00;-18,00;Venda: 75914039;08/05/2022;11:25:39;RFELIZ;3;ERRO DE LANÇAMENTO;
706;57883327;ISS;-13,49;0,00;-13,49;;08/05/2022;5:56:00;RFELIZ;1;ERRO DO SISTEMA;
810;57794227;ISS;-11,55;0,00;-11,55;;08/05/2022;4:14:09;RFELIZ;1;ERRO DO SISTEMA;
1111;57870020;ISS;-10,05;0,00;-10,05;;08/05/2022;7:04:03;RFELIZ;1;ERRO DE LANÇAMENTO;
907;57614881;FRIGOBAR;-8;0,00;-8,00;Venda: 75912814;08/05/2022;10:15:00;ECSOUSA;1;HOSPEDE NÃO CONSUMIU;
502;57627975;FRIGOBAR;-8;0,00;-8,00;Venda: 75911695;08/05/2022;12:37:10;RFELIZ;1;ERRO DE LANÇAMENTO;
209;57869839;FRIGOBAR;-6;0,00;-6,00;Venda: 75912830;08/05/2022;9:36:29;ECSOUSA;1;HOSPEDE NÃO CONSUMIU;
901;57471460;FRIGOBAR;-6;0,00;-6,00;Venda: 75913974;08/05/2022;11:07:00;RFELIZ;1;ERRO DE LANÇAMENTO;
409;57862389;FRIGOBAR;-5;0,00;-5,00;Venda: 75913037;08/05/2022;8:57:00;ECSOUSA;1;HOSPEDE NÃO CONSUMIU;
709;57714436;ISS;-1,25;0,00;-1,25;;08/05/2022;12:26:00;RFELIZ;1;ERRO DE LANÇAMENTO;
310;57961050;ISS;-1;0,00;-1,00;;08/05/2022;23:36:51;CFIOR;1;ERRO DE LANÇAMENTO;
806;57906246;DIARIA;-0,01;0,00;-0,01;UH: 806 Reserva: 579;08/05/2022;6:48:35;RFELIZ;1;ERRO DE LANÇAMENTO;
904;57927227;DIARIA;-0,01;0,00;-0,01;UH: 904 Reserva: 579;08/05/2022;8:36:03;ECSOUSA;1;VALOR DIARA INCORRETO;
806;57906246;ISS;0;0,00;0,00;;08/05/2022;6:48:35;RFELIZ;1;ERRO DE LANÇAMENTO;
904;57927227;ISS;0;0,00;0,00;;08/05/2022;8:36:03;ECSOUSA;1;VALOR DIARA INCORRETO;
806;57906246;STONE - MASTERCARD C;0;0,02;0,02;A825D4;08/05/2022;6:49:15;RFELIZ;1;ERRO DE LANÇAMENTO;
406;57857687;STONE - VISA CREDITO;0;31,50;31,50;;08/05/2022;15:28:55;RFELIZ;1;ERRO DE LANÇAMENTO;
408;57857695;STONE - VISA CREDITO;0;101,00;101,00;;08/05/2022;15:28:07;RFELIZ;1;ERRO DE LANÇAMENTO;
810;57794227;DIARIA;-231;0,00;-231,00;;08/05/2022;4:14:09;RFELIZ;1;ERRO DO SISTEMA;
306;57587957;DIARIA;-338;0,00;-338,00;UH: 306 Reserva: 575;09/05/2022;23:27:00;RFELIZ;1;ERRO DO SISTEMA;
608;57869820;STONE - MASTERCARD C;0;719,95;719,95;001755;09/05/2022;2:12:00;RFELIZ;1;ERRO DE LANÇAMENTO;
;;DIARIA;-152;0,00;-152,00;UH: 403 Reserva: 579;09/05/2022;0:04:16;RFELIZ;1;ERRO DE LANÇAMENTO;
306;57587957;ISS;-16,9;0,00;-16,90;;09/05/2022;23:27:00;RFELIZ;1;ERRO DO SISTEMA;
;;ISS;-7,6;0,00;-7,60;;09/05/2022;0:03:43;RFELIZ;1;ERRO DE LANÇAMENTO;
;;ISS;-7,6;0,00;-7,60;;09/05/2022;0:04:16;RFELIZ;1;ERRO DE LANÇAMENTO;
601;57726396;FRIGOBAR;-4;0,00;-4,00;Venda: 75912824;09/05/2022;9:45:14;ECSOUSA;1;HOSPEDE NÃO CONSUMIU;
707;57481911;DIARIA;-0,01;0,00;-0,01;UH: 707 Reserva: 574;09/05/2022;13:34:04;CALOLIVEIRA;1;AUTORIZADO PELO GERENT;
511;57987696;DIFERENÇA DE DIARIA;-0,01;0,00;-0,01;UH: 511;09/05/2022;0:14:00;RFELIZ;1;ERRO DO SISTEMA;
707;57481911;ISS;0;0,00;0,00;;09/05/2022;13:34:04;CALOLIVEIRA;1;AUTORIZADO PELO GERENT;
511;57987696;ISS;0;0,00;0,00;;09/05/2022;0:14:00;RFELIZ;1;ERRO DO SISTEMA;
103;57851328;STONE - VISA CREDITO;0;40,23;40,23;040251;09/05/2022;16:37:10;ECSOUSA;1;ERRO DE LANÇAMENTO;
1011;57666911;STONE - VISA CREDITO;0;79,65;79,65;895302;09/05/2022;1:55:48;RFELIZ;1;ERRO DE LANÇAMENTO;
308;57828857;STONE - VISA CREDITO;0;94,75;94,75;885557;09/05/2022;1:59:44;RFELIZ;1;ERRO DE LANÇAMENTO;
;;DIARIA;-152;0,00;-152,00;UH: 403 Reserva: 579;09/05/2022;0:03:43;RFELIZ;1;ERRO DE LANÇAMENTO;
511;57886148;DIARIA NET;-209,22;0,00;-209,22;UH: 511 Reserva: 578;10/05/2022;17:15:00;LPADOVINO;1;ERRO DE LANÇAMENTO;
1007;56725604;A FATURAR;0;1.067,84;1.067,84;;10/05/2022;4:14:49;RFELIZ;1;Erro de Laçto;
510;57646546;STONE - MASTERCARD C;0;18,00;18,00;056723;10/05/2022;3:06:21;RFELIZ;1;ERRO DE LANÇAMENTO;
406;57965609;STONE - VISA CREDITO;0;21,00;21,00;014951;10/05/2022;3:21:00;RFELIZ;1;ERRO DE LANÇAMENTO;
905;57834733;STONE - MASTERCARD C;0;24,00;24,00;434355;10/05/2022;16:20:12;LPADOVINO;1;ERRO DE LANÇAMENTO;
903;57916934;STONE - MASTERCARD D;0;26,25;26,25;056452;10/05/2022;9:24:25;ECSOUSA;1;ERRO DE LANÇAMENTO;
901;57471460;STONE - VISA CREDITO;0;26,25;26,25;082558;10/05/2022;16:57:42;LPADOVINO;1;ERRO DE LANÇAMENTO;
111;58004858;STONE - MASTERCARD C;0;26,25;26,25;472363;10/05/2022;3:01:00;RFELIZ;1;ERRO DE LANÇAMENTO;
710;57794014;STONE - VISA DEBITO;0;32,25;32,25;265159;10/05/2022;9:51:50;ECSOUSA;1;ERRO DE LANÇAMENTO;
1211;57758646;STONE - MASTERCARD D;0;34,25;34,25;722557;10/05/2022;16:50:58;LPADOVINO;1;ERRO DE LANÇAMENTO;
409;57646503;STONE - MASTERCARD C;0;43,00;43,00;343256;10/05/2022;3:03:12;RFELIZ;1;ERRO DE LANÇAMENTO;
710;57857814;STONE - MASTERCARD C;0;56,00;56,00;063159;10/05/2022;16:30:15;LPADOVINO;1;ERRO DE LANÇAMENTO;
1203;57401500;STONE - VISA DEBITO;0;72,00;72,00;059997;10/05/2022;9:30:58;ECSOUSA;1;ERRO DE LANÇAMENTO;
209;57849919;STONE - VISA DEBITO;0;135,50;135,50;849857;10/05/2022;10:19:00;ECSOUSA;1;ERRO DE LANÇAMENTO;
109;57873747;A FATURAR;0;187,95;187,95;;10/05/2022;3:49:07;RFELIZ;1;Erro de Laçto;
503;57805539;A FATURAR;0;211,05;211,05;;10/05/2022;13:46:44;CALOLIVEIRA;1;Erro de Laçto;
511;57886148;STONE - VISA CREDITO;0;235,47;235,47;068592;10/05/2022;17:09:00;LPADOVINO;1;ERRO DE LANÇAMENTO;
510;57646546;A FATURAR;0;364,20;364,20;;10/05/2022;14:45:15;CALOLIVEIRA;1;Erro de Laçto;
510;57646546;A FATURAR;0;364,20;364,20;;10/05/2022;3:05:51;RFELIZ;1;Erro de Laçto;
1109;57611343;STONE - MASTERCARD C;0;418,39;418,39;035624;10/05/2022;10:18:23;LPADOVINO;1;ERRO DE LANÇAMENTO;
410;57836191;STONE - MASTERCARD D;0;6,00;6,00;465722;10/05/2022;16:44:12;LPADOVINO;1;ERRO DE LANÇAMENTO;
701;57022585;DIARIA NET;-404;0,00;-404,00;UH: 701 Reserva: 570;11/05/2022;23:31:19;RFELIZ;1;ERRO DO SISTEMA;
601;57729948;ESTACIONAMENTO;-25;0,00;-25,00;QMX6I01;11/05/2022;2:14:00;RFELIZ;1;ERRO DE LANÇAMENTO;
204;57976007;FRIGOBAR;-8;0,00;-8,00;Venda: 75916327;11/05/2022;7:06:55;RFELIZ;1;HOSPEDE NÃO CONSUMIU;
1107;57995338;FRIGOBAR;-8;0,00;-8,00;Venda: 75916270;11/05/2022;9:16:04;RFELIZ;1;HOSPEDE NÃO CONSUMIU;
604;57554277;FRIGOBAR;-6;0,00;-6,00;Venda: 75916300;11/05/2022;9:38:50;LPADOVINO;1;HOSPEDE NÃO CONSUMIU;
706;56801726;STONE - VISA CREDITO;0;493,50;493,50;49350;11/05/2022;20:42:00;CALOLIVEIRA;1;AUTORIZADO PELO GERENT;
1203;57989834;STONE - VISA DEBITO;0;12,00;12,00;584952;11/05/2022;2:24:57;RFELIZ;1;ERRO DE LANÇAMENTO;
211;58015329;STONE - MASTERCARD C;0;32,25;32,25;085843;11/05/2022;14:22:04;CALOLIVEIRA;1;ERRO DE LANÇAMENTO;
1001;57729255;STONE - VISA CREDITO;0;44,25;44,25;254618;11/05/2022;2:22:44;RFELIZ;1;ERRO DE LANÇAMENTO;
901;58016031;STONE - MASTERCARD C;0;68,00;68,00;042269;11/05/2022;2:05:43;RFELIZ;1;ERRO DE LANÇAMENTO;
1009;57824517;STONE - VISA DEBITO;0;118,00;118,00;235569;11/05/2022;16:52:50;LPADOVINO;1;ERRO DE LANÇAMENTO;
601;57729948;ISS;-1,25;0,00;-1,25;;11/05/2022;2:14:00;RFELIZ;1;ERRO DE LANÇAMENTO;
1001;57957088;DIFERENÇA DE DIARIA;-126,8;0,00;-126,80;UH: 1001;12/05/2022;19:33:00;RFELIZ;1;ERRO DE LANÇAMENTO;
1001;57957088;DIARIA NET;-30;0,00;-30,00;REF A PAX JOANA;12/05/2022;19:21:00;RFELIZ;1;ERRO DE LANÇAMENTO;
801;57949573;FRIGOBAR;-12;0,00;-12,00;Venda: 75914884;12/05/2022;15:05:25;CALOLIVEIRA;2;AUTORIZADO PELO GERENT;
404;57963827;FRIGOBAR;-8;0,00;-8,00;Venda: 75916310;12/05/2022;6:46:35;RFELIZ;1;HOSPEDE NÃO CONSUMIU;
801;57949573;FRIGOBAR;-8;0,00;-8,00;Venda: 75914885;12/05/2022;15:05:25;CALOLIVEIRA;1;AUTORIZADO PELO GERENT;
801;57949573;FRIGOBAR;-8;0,00;-8,00;Venda: 75914886;12/05/2022;15:05:25;CALOLIVEIRA;1;AUTORIZADO PELO GERENT;
109;57706840;STONE - VISA CREDITO;0;465,70;465,70;164048;12/05/2022;15:08:00;RFELIZ;1;ERRO DE LANÇAMENTO;
1207;57777888;FRIGOBAR;-6;0,00;-6,00;Venda: 75919103;12/05/2022;7:41:53;LPADOVINO;1;HOSPEDE NÃO CONSUMIU;
109;57873747;FRIGOBAR;-4;0,00;-4,00;Venda: 75916330;12/05/2022;8:23:16;LPADOVINO;1;ERRO DE LANÇAMENTO;
501;57625808;STONE - VISA CREDITO;0;21,00;21,00;;12/05/2022;0:29:47;RFELIZ;1;ERRO DE LANÇAMENTO;
811;58016589;STONE - VISA DEBITO;0;42,00;42,00;127805;12/05/2022;0:46:39;RFELIZ;1;ERRO DE LANÇAMENTO;
1006;57943095;STONE - VISA CREDITO;0;227,85;227,85;612881;12/05/2022;0:25:16;RFELIZ;1;ERRO DE LANÇAMENTO;
1001;57957088;ISS;-6,34;0,00;-6,34;;12/05/2022;19:33:00;RFELIZ;1;ERRO DE LANÇAMENTO;
901;57722595;ESTACIONAMENTO;-52,5;0,00;-52,50;019037;13/05/2022;12:17:00;ECSOUSA;1;ERRO DE LANÇAMENTO;
201;57712123;STONE - VISA CREDITO 2;0;1.713,60;1.713,60;633408;13/05/2022;3:01:00;RFELIZ;1;AUTORIZADO PELO GERENT;
510;57836760;ESTACIONAMENTO;-25;0,00;-25,00;;13/05/2022;14:43:00;IGPESSOA;1;ERRO DE LANÇAMENTO;
911;57452393;ESTACIONAMENTO;-25;0,00;-25,00;;13/05/2022;14:48:00;IGPESSOA;1;ERRO DE LANÇAMENTO;
409;57680345;FRIGOBAR;-6;0,00;-6,00;Venda: 75921222;13/05/2022;8:08:00;IGPESSOA;1;HOSPEDE NÃO CONSUMIU;
907;57999848;ESTACIONAMENTO;-5;0,00;-5,00;RXK - 299,;13/05/2022;11:43:38;CALOLIVEIRA;1;AUTORIZADO PELO GERENT;
907;57999848;ESTACIONAMENTO;-5;0,00;-5,00;rle042 ka;13/05/2022;11:43:38;CALOLIVEIRA;1;AUTORIZADO PELO GERENT;
901;57722595;ISS;-2,62;0,00;-2,62;;13/05/2022;12:17:00;ECSOUSA;1;ERRO DE LANÇAMENTO;
306;57587957;ISS;-1,5;0,00;-1,50;;13/05/2022;10:44:00;CALOLIVEIRA;1;AUTORIZADO PELO GERENT;
510;57836760;ISS;-1,25;0,00;-1,25;;13/05/2022;14:43:00;IGPESSOA;1;ERRO DE LANÇAMENTO;
911;57452393;ISS;-1,25;0,00;-1,25;;13/05/2022;14:48:00;IGPESSOA;1;ERRO DE LANÇAMENTO;
907;57999848;ISS;-0,25;0,00;-0,25;;13/05/2022;11:43:38;CALOLIVEIRA;1;AUTORIZADO PELO GERENT;
907;57999848;ISS;-0,25;0,00;-0,25;;13/05/2022;11:43:38;CALOLIVEIRA;1;AUTORIZADO PELO GERENT;
810;57740992;DIARIA;-0,01;0,00;-0,01;UH: 810 Reserva: 577;13/05/2022;4:49:06;RFELIZ;1;ERRO DO SISTEMA;
1206;57740658;DIARIA;-0,01;0,00;-0,01;UH: 1206 Reserva: 57;13/05/2022;4:52:41;RFELIZ;1;ERRO DO SISTEMA;
108;57740631;DIARIA;-0,01;0,00;-0,01;UH: 108 Reserva: 577;13/05/2022;5:01:35;RFELIZ;1;ERRO DO SISTEMA;
810;57740992;ISS;0;0,00;0,00;;13/05/2022;4:49:06;RFELIZ;1;ERRO DO SISTEMA;
1206;57740658;ISS;0;0,00;0,00;;13/05/2022;4:52:41;RFELIZ;1;ERRO DO SISTEMA;
108;57740631;ISS;0;0,00;0,00;;13/05/2022;5:01:35;RFELIZ;1;ERRO DO SISTEMA;
106;57373906;STONE - MASTERCARD C;0;142,00;142,00;95682;13/05/2022;3:55:57;RFELIZ;1;ERRO DE LANÇAMENTO;
805;57638632;STONE - MASTERCARD C;0;233,00;233,00;092496;13/05/2022;11:56:00;LPADOVINO;1;ERRO DE LANÇAMENTO;
106;57373906;A FATURAR;0;245,45;245,45;;13/05/2022;7:41:19;IGPESSOA;1;Erro de Laçto;
108;57733066;STONE - VISA DEBITO;0;262,47;262,47;479055;13/05/2022;4:23:00;RFELIZ;1;ERRO DE LANÇAMENTO;
108;57733066;A FATURAR;0;262,47;262,47;;13/05/2022;5:03:36;RFELIZ;1;Erro de Laçto;
1004;57526567;A FATURAR;0;289,80;289,80;;13/05/2022;9:33:42;CALOLIVEIRA;1;Erro de Laçto;
204;57522693;A FATURAR;0;289,80;289,80;;13/05/2022;9:37:49;CALOLIVEIRA;1;Erro de Laçto;
604;57522707;A FATURAR;0;289,80;289,80;;13/05/2022;15:46:30;CALOLIVEIRA;1;Erro de Laçto;
810;57740992;A FATURAR;0;330,76;330,76;;13/05/2022;4:48:26;RFELIZ;1;Erro de Laçto;
1206;57740658;A FATURAR;0;387,46;387,46;;13/05/2022;4:52:14;RFELIZ;1;Erro de Laçto;
108;57740631;A FATURAR;0;387,46;387,46;;13/05/2022;5:01:04;RFELIZ;1;Erro de Laçto;
707;57712816;A FATURAR;0;399,16;399,16;;13/05/2022;5:26:56;RFELIZ;1;Erro de Laçto;
507;57451982;STONE - VISA CREDITO;0;418,44;418,44;075850;13/05/2022;4:06:00;RFELIZ;1;ERRO DE LANÇAMENTO;
602;57692548;STONE - VISA CREDITO 2;0;454,60;454,60;932279;13/05/2022;4:12:00;RFELIZ;1;LCTO EM DUPLICIDADE;
402;57692521;STONE - VISA CREDITO 2;0;454,62;454,62;932279;13/05/2022;4:11:00;RFELIZ;1;LCTO EM DUPLICIDADE;
1007;57451974;STONE - VISA DEBITO;0;521,64;521,64;706720;13/05/2022;4:17:00;RFELIZ;1;LCTO EM DUPLICIDADE;
1003;58007814;A FATURAR;0;645,75;645,75;;13/05/2022;4:58:20;RFELIZ;1;Erro de Laçto;
306;57587957;DIARIA;-30;0,00;-30,00;UH: 306 Reserva: 575;13/05/2022;10:44:00;CALOLIVEIRA;1;AUTORIZADO PELO GERENT;
;;ESTACIONAMENTO;-26,25;0,00;-26,25;est 908;14/05/2022;17:09:53;CFIOR;1;ERRO DE LANÇAMENTO;
;;ISS;-1,31;0,00;-1,31;;14/05/2022;17:09:53;CFIOR;1;ERRO DE LANÇAMENTO;
104;58013776;A FATURAR;0;235,20;235,20;;14/05/2022;7:49:05;ECSOUSA;1;Erro de Laçto;
109;57706840;STONE - MASTERCARD C;0;12,00;12,00;425836;14/05/2022;0:43:02;RFREITAS;1;ERRO DE LANÇAMENTO;
106;57733058;STONE - MASTERCARD D;0;6,00;6,00;;14/05/2022;0:32:48;RFREITAS;1;ERRO DE LANÇAMENTO;
801;57531129;DIARIA NET;-245,39;0,00;-245,39;UH: 801 Reserva: 575;15/05/2022;11:56:00;ECSOUSA;1;ERRO DE LANÇAMENTO;
604;58035443;DIARIA;-48;0,00;-48,00;;15/05/2022;1:17:51;RFREITAS;1;ERRO DE LANÇAMENTO;
801;57531129;FRIGOBAR;-24;0,00;-24,00;Venda: 75923243;15/05/2022;11:56:00;ECSOUSA;3;ERRO DE LANÇAMENTO;
301;57494762;FRIGOBAR;-16;0,00;-16,00;Venda: 75923311;15/05/2022;9:34:00;ECSOUSA;4;HOSPEDE NÃO CONSUMIU;
302;57525145;FRIGOBAR;-16;0,00;-16,00;Venda: 75923307;15/05/2022;11:56:51;ECSOUSA;4;HOSPEDE NÃO CONSUMIU;
509;56804814;FRIGOBAR;-15;0,00;-15,00;Venda: 75923258;15/05/2022;11:55:00;ECSOUSA;1;HOSPEDE NÃO CONSUMIU;
509;56804814;FRIGOBAR;-12;0,00;-12,00;Venda: 75916304;15/05/2022;11:55:00;ECSOUSA;2;HOSPEDE NÃO CONSUMIU;
208;58016392;FRIGOBAR;-12;0,00;-12,00;Venda: 75924851;15/05/2022;12:03:00;ECSOUSA;2;ERRO DE LANÇAMENTO;
509;56804814;FRIGOBAR;-8;0,00;-8,00;Venda: 75916305;15/05/2022;11:55:00;ECSOUSA;1;HOSPEDE NÃO CONSUMIU;
809;57818606;FRIGOBAR;-6;0,00;-6,00;Venda: 75923234;15/05/2022;11:42:48;IGPESSOA;1;ERRO DE LANÇAMENTO;
509;56804814;FRIGOBAR;-6;0,00;-6,00;Venda: 75917938;15/05/2022;11:55:00;ECSOUSA;1;HOSPEDE NÃO CONSUMIU;
509;56804814;FRIGOBAR;-6;0,00;-6,00;Venda: 75923257;15/05/2022;11:55:00;ECSOUSA;1;HOSPEDE NÃO CONSUMIU;
801;57531129;FRIGOBAR;-6;0,00;-6,00;Venda: 75923241;15/05/2022;11:56:00;ECSOUSA;1;ERRO DE LANÇAMENTO;
604;58035443;ISS;-2,4;0,00;-2,40;;15/05/2022;1:17:51;RFREITAS;1;ERRO DE LANÇAMENTO;
1105;58060359;DIFERENÇA DE DIARIA;-1,58;0,00;-1,58;HOSPEDE EXTRA;15/05/2022;12:11:25;IGPESSOA;1;ERRO DE LANÇAMENTO;
1105;58060359;ISS;-0,08;0,00;-0,08;;15/05/2022;12:11:25;IGPESSOA;1;ERRO DE LANÇAMENTO;
402;57692521;DINHEIRO;0;0,02;0,02;;15/05/2022;11:04:41;ECSOUSA;1;ERRO DE LANÇAMENTO;
1107;57688737;STONE - MASTERCARD C;0;6,00;6,00;300694;15/05/2022;0:47:05;RFREITAS;1;ERRO DE LANÇAMENTO;
411;57704597;STONE - MASTERCARD C;0;14,25;14,25;250031;15/05/2022;12:19:15;ECSOUSA;1;ERRO DE LANÇAMENTO;
1101;57464421;STONE - MASTERCARD C;0;38,00;38,00;336646;15/05/2022;11:03:01;ECSOUSA;1;ERRO DO SISTEMA;
1101;57464421;STONE - MASTERCARD C;0;38,00;38,00;260920;15/05/2022;13:32:18;ECSOUSA;1;ERRO DE LANÇAMENTO;
506;58038973;STONE - MASTERCARD D;0;69,52;69,52;;15/05/2022;16:22:28;IGPESSOA;1;ERRO DE LANÇAMENTO;
407;58043381;STONE - MASTERCARD D;0;114,84;114,84;;15/05/2022;16:19:12;IGPESSOA;1;ERRO DE LANÇAMENTO;
1109;57482241;STONE - MASTERCARD C;0;157,50;157,50;011287;15/05/2022;1:12:15;RFREITAS;1;ERRO DE LANÇAMENTO;
806;58047131;STONE - VISA CREDITO;0;258,30;258,30;625439;15/05/2022;0:57:47;RFREITAS;1;ERRO DE LANÇAMENTO;
202;57551065;STONE - MASTERCARD D;0;307,74;307,74;188538;15/05/2022;1:04:04;RFREITAS;1;ERRO DE LANÇAMENTO;
909;57519331;STONE - MASTERCARD D;0;379,00;379,00;;15/05/2022;9:29:40;IGPESSOA;1;ERRO DO SISTEMA;
301;57494762;STONE - MASTERCARD C;0;418,44;418,44;012376;15/05/2022;13:59:05;ECSOUSA;1;ERRO DE LANÇAMENTO;
301;57494762;STONE - MASTERCARD C;0;418,44;418,44;012376;15/05/2022;13:59:25;ECSOUSA;1;ERRO DE LANÇAMENTO;
801;57531129;STONE - VISA CREDITO 2;0;490,78;490,78;703022;15/05/2022;11:56:00;ECSOUSA;1;ERRO DE LANÇAMENTO;
1005;57546851;A FATURAR;0;1.836,45;1.836,45;;15/05/2022;10:32:01;ECSOUSA;1;Erro de Laçto;
1005;57546851;A FATURAR;0;1.836,45;1.836,45;;15/05/2022;10:46:11;IGPESSOA;1;Erro de Laçto;
1005;57546851;A FATURAR;0;1.836,45;1.836,45;;15/05/2022;14:22:59;IGPESSOA;1;Erro de Laçto;
1007;57451974;DIARIA NET;-206,18;0,00;-206,18;UH: 1007 Reserva: 57;16/05/2022;18:37:30;CALOLIVEIRA;1;AUTORIZADO PELO GERENT;
111;57712131;STONE - VISA CREDITO 2;0;1.713,60;1.713,60;633408;16/05/2022;6:57:17;RFREITAS;1;ERRO DE LANÇAMENTO;
201;57712123;DIARIA;-47;0,00;-47,00;UH: 201 Reserva: 577;16/05/2022;6:59:58;RFREITAS;1;ERRO DE LANÇAMENTO;
201;57712123;DIARIA;-47;0,00;-47,00;UH: 201 Reserva: 577;16/05/2022;6:59:58;RFREITAS;1;ERRO DE LANÇAMENTO;
201;57712123;DIARIA;-47;0,00;-47,00;UH: 201 Reserva: 577;16/05/2022;6:59:58;RFREITAS;1;ERRO DE LANÇAMENTO;
201;57712123;DIARIA;-47;0,00;-47,00;UH: 201 Reserva: 577;16/05/2022;6:59:58;RFREITAS;1;ERRO DE LANÇAMENTO;
801;57531129;FRIGOBAR;-30;0,00;-30,00;Venda: 75923242;16/05/2022;18:45:57;CALOLIVEIRA;5;AUTORIZADO PELO GERENT;
801;57531129;FRIGOBAR;-20;0,00;-20,00;Venda: 75923244;16/05/2022;18:45:57;CALOLIVEIRA;2;AUTORIZADO PELO GERENT;
1202;57599025;FRIGOBAR;-18;0,00;-18,00;Venda: 75923211;16/05/2022;18:57:00;CALOLIVEIRA;3;AUTORIZADO PELO GERENT;
411;57704597;TROC TROCO;-14,25;0,00;-14,25;;16/05/2022;18:26:12;CALOLIVEIRA;1;AUTORIZADO PELO GERENT;
601;54680107;FRIGOBAR;-12;0,00;-12,00;Venda: 75924965;16/05/2022;8:43:41;RFELIZ;3;HOSPEDE NÃO CONSUMIU;
1210;57488215;FRIGOBAR;-12;0,00;-12,00;Venda: 75916265;16/05/2022;22:18:00;RFELIZ;3;HOSPEDE NÃO CONSUMIU;
709;54680093;FRIGOBAR;-10;0,00;-10,00;Venda: 75924963;16/05/2022;8:44:00;RFELIZ;1;HOSPEDE NÃO CONSUMIU;
603;57519358;FRIGOBAR;-8;0,00;-8,00;Venda: 75921906;16/05/2022;16:09:00;CALOLIVEIRA;1;AUTORIZADO PELO GERENT;
603;57519358;FRIGOBAR;-6;0,00;-6,00;Venda: 75921905;16/05/2022;16:09:00;CALOLIVEIRA;1;AUTORIZADO PELO GERENT;
1210;57488215;FRIGOBAR;-6;0,00;-6,00;Venda: 75924959;16/05/2022;22:20:00;RFELIZ;1;HOSPEDE NÃO CONSUMIU;
1202;57599025;TROCO;-3,12;0,00;-3,12;;16/05/2022;18:56:52;CALOLIVEIRA;1;AUTORIZADO PELO GERENT;
201;57712123;ISS;-2,35;0,00;-2,35;;16/05/2022;6:59:58;RFREITAS;1;ERRO DE LANÇAMENTO;
201;57712123;ISS;-2,35;0,00;-2,35;;16/05/2022;6:59:58;RFREITAS;1;ERRO DE LANÇAMENTO;
201;57712123;ISS;-2,35;0,00;-2,35;;16/05/2022;6:59:58;RFREITAS;1;ERRO DE LANÇAMENTO;
201;57712123;ISS;-2,35;0,00;-2,35;;16/05/2022;6:59:58;RFREITAS;1;ERRO DE LANÇAMENTO;
409;57286515;DIARIA;-0,01;0,00;-0,01;UH: 409 Reserva: 572;16/05/2022;7:31:38;RFELIZ;1;ERRO DO SISTEMA;
409;56024673;DIARIA NET;-0,01;0,00;-0,01;CORREÇÃO NO VAL;16/05/2022;23:22:25;RFREITAS;1;ERRO DE LANÇAMENTO;
409;57286515;ISS;0;0,00;0,00;;16/05/2022;7:31:38;RFELIZ;1;ERRO DO SISTEMA;
202;57750653;STONE - MASTERCARD C;0;25,00;25,00;QUE-3039 KA;16/05/2022;20:53:00;RFELIZ;1;ERRO DE LANÇAMENTO;
504;57458456;STONE - VISA DEBITO;0;121,00;121,00;200949;16/05/2022;17:06:00;LPADOVINO;1;ERRO DE LANÇAMENTO;
401;57519404;STONE - MASTERCARD C;0;287,25;287,25;095729;16/05/2022;17:53:04;LPADOVINO;1;ERRO DE LANÇAMENTO;
608;57869820;STONE - MASTERCARD C;0;477,40;477,40;510624;16/05/2022;13:19:37;CALOLIVEIRA;1;AUTORIZADO PELO GERENT;
409;56024673;A FATURAR;0;507,94;507,94;;16/05/2022;23:22:17;RFREITAS;1;Erro de Laçto;
1007;57451974;DIARIA NET;-206,18;0,00;-206,18;UH: 1007 Reserva: 57;16/05/2022;18:37:30;CALOLIVEIRA;1;AUTORIZADO PELO GERENT;
209;57849919;DIARIA;-224;0,00;-224,00;REF 04-05;17/05/2022;11:00:30;LPADOVINO;1;ERRO DE LANÇAMENTO;
910;57637318;A FATURAR;0;609,00;609,00;;17/05/2022;11:59:59;LPADOVINO;1;Erro de Laçto;
1001;57957088;DIFERENÇA DE DIARIA;-120,76;0,00;-120,76;UH: 1001 Reserva: 57;17/05/2022;11:46:27;CALOLIVEIRA;1;AUTORIZADO PELO GERENT;
1001;57957088;DIFERENÇA DE DIARIA;-120,76;0,00;-120,76;UH: 1001 Reserva: 57;17/05/2022;11:46:27;CALOLIVEIRA;1;AUTORIZADO PELO GERENT;
1001;57957088;DIFERENÇA DE DIARIA;-120,76;0,00;-120,76;UH: 1001 Reserva: 57;17/05/2022;11:46:27;CALOLIVEIRA;1;AUTORIZADO PELO GERENT;
1001;57957088;DIFERENÇA DE DIARIA;-120,76;0,00;-120,76;UH: 1001 Reserva: 57;17/05/2022;11:46:27;CALOLIVEIRA;1;AUTORIZADO PELO GERENT;
1111;58091025;DIVERSOS;-26,25;0,00;-26,25;REF A ESTACIONAM;17/05/2022;16:34:00;CALOLIVEIRA;1;AUTORIZADO PELO GERENT;
1001;57957088;ESTACIONAMENTO;-25;0,00;-25,00;mke-6756;17/05/2022;11:37:53;IGPESSOA;1;HOSPEDE NÃO CONSUMIU;
910;57637318;ESTACIONAMENTO;-25;0,00;-25,00;gbl-9603;17/05/2022;12:02:34;LPADOVINO;1;ERRO DE LANÇAMENTO;
910;57637318;ESTACIONAMENTO;-25;0,00;-25,00;gbl 9603asx;17/05/2022;12:02:34;LPADOVINO;1;ERRO DE LANÇAMENTO;
910;57637318;ESTACIONAMENTO;-25;0,00;-25,00;GBL9603;17/05/2022;12:02:34;LPADOVINO;1;ERRO DE LANÇAMENTO;
910;57637318;ESTACIONAMENTO;-25;0,00;-25,00;gbl - 9603;17/05/2022;12:02:34;LPADOVINO;1;ERRO DE LANÇAMENTO;
1111;58118918;ESTACIONAMENTO;-25;0,00;-25,00;rtx 164 kicks;17/05/2022;0:52:00;RFREITAS;1;LCTO EM DUPLICIDADE;
209;57849919;ISS;-11,2;0,00;-11,20;;17/05/2022;11:00:30;LPADOVINO;1;ERRO DE LANÇAMENTO;
608;57801800;ISS;-11,15;0,00;-11,15;;17/05/2022;11:24:48;CALOLIVEIRA;1;AUTORIZADO PELO GERENT;
1001;57957088;ISS;-6,04;0,00;-6,04;;17/05/2022;11:46:27;CALOLIVEIRA;1;AUTORIZADO PELO GERENT;
1001;57957088;ISS;-6,04;0,00;-6,04;;17/05/2022;11:46:27;CALOLIVEIRA;1;AUTORIZADO PELO GERENT;
1001;57957088;ISS;-6,04;0,00;-6,04;;17/05/2022;11:46:27;CALOLIVEIRA;1;AUTORIZADO PELO GERENT;
1001;57957088;ISS;-6,04;0,00;-6,04;;17/05/2022;11:46:27;CALOLIVEIRA;1;AUTORIZADO PELO GERENT;
1001;57957088;ISS;-1,25;0,00;-1,25;;17/05/2022;11:37:53;IGPESSOA;1;HOSPEDE NÃO CONSUMIU;
910;57637318;ISS;-1,25;0,00;-1,25;;17/05/2022;12:02:34;LPADOVINO;1;ERRO DE LANÇAMENTO;
910;57637318;ISS;-1,25;0,00;-1,25;;17/05/2022;12:02:34;LPADOVINO;1;ERRO DE LANÇAMENTO;
910;57637318;ISS;-1,25;0,00;-1,25;;17/05/2022;12:02:34;LPADOVINO;1;ERRO DE LANÇAMENTO;
910;57637318;ISS;-1,25;0,00;-1,25;;17/05/2022;12:02:34;LPADOVINO;1;ERRO DE LANÇAMENTO;
1111;58118918;ISS;-1,25;0,00;-1,25;;17/05/2022;0:52:00;RFREITAS;1;LCTO EM DUPLICIDADE;
1109;58001816;STONE - MASTERCARD C;0;26,52;26,52;;17/05/2022;10:01:22;IGPESSOA;1;ERRO DE LANÇAMENTO;
708;57482616;STONE - VISA CREDITO;0;28,00;28,00;074556;17/05/2022;14:59:42;LPADOVINO;1;ERRO DE LANÇAMENTO;
904;57987718;STONE - AMERICAN EXP;0;38,25;38,25;3825;17/05/2022;8:22:32;IGPESSOA;1;ERRO DE LANÇAMENTO;
209;57849919;A FATURAR;0;235,20;235,20;;17/05/2022;11:00:05;LPADOVINO;1;Erro de Laçto;
;57904707;STONE - MASTERCARD C;0;339,36;339,36;185177;17/05/2022;15:04:57;CALOLIVEIRA;1;AUTORIZADO PELO GERENT;
809;58134166;STONE - VISA CREDITO;0;449,83;449,83;158911;17/05/2022;1:09:00;RFREITAS;1;LCTO EM DUPLICIDADE;
608;57801800;NO SHOW;-223;0,00;-223,00;;17/05/2022;11:24:48;CALOLIVEIRA;1;AUTORIZADO PELO GERENT;
1001;57957088;FRIGOBAR;-18;0,00;-18,00;Venda: 75926959;18/05/2022;14:56:37;LPADOVINO;3;HOSPEDE NÃO CONSUMIU;
1001;57957088;FRIGOBAR;-16;0,00;-16,00;Venda: 75923232;18/05/2022;14:56:37;LPADOVINO;2;HOSPEDE NÃO CONSUMIU;
1001;57957088;FRIGOBAR;-12;0,00;-12,00;Venda: 75923231;18/05/2022;14:56:37;LPADOVINO;2;HOSPEDE NÃO CONSUMIU;
1001;57957088;FRIGOBAR;-8;0,00;-8,00;Venda: 75926961;18/05/2022;14:56:37;LPADOVINO;1;HOSPEDE NÃO CONSUMIU;
1001;57957088;FRIGOBAR;-4;0,00;-4,00;Venda: 75926960;18/05/2022;14:56:37;LPADOVINO;1;HOSPEDE NÃO CONSUMIU;
510;57519463;STONE - MASTERCARD C;0;1.134,00;1.134,00;906800;18/05/2022;1:27:00;RFELIZ;1;ERRO DE LANÇAMENTO;
208;58165355;ISS;0;0,00;0,00;;18/05/2022;0:48:00;RFELIZ;1;CORTESIA DE DIÁRIAS;
306;58155988;STONE - VISA DEBITO;0;300,68;300,68;60136;18/05/2022;1:34:00;RFELIZ;1;ERRO DE LANÇAMENTO;
408;58156100;STONE - VISA DEBITO;0;300,68;300,68;60136;18/05/2022;1:35:00;RFELIZ;1;ERRO DE LANÇAMENTO;
1001;57957088;STONE - VISA CREDITO;0;362,28;362,28;498525;18/05/2022;14:56:07;LPADOVINO;1;ERRO DE LANÇAMENTO;
210;57519455;STONE - MASTERCARD C;0;1.134,00;1.134,00;R78595;18/05/2022;1:26:00;RFELIZ;1;ERRO DE LANÇAMENTO;
208;58165355;DIARIA;-0,01;0,00;-0,01;UH: 208 Reserva: 581;18/05/2022;0:48:00;RFELIZ;1;CORTESIA DE DIÁRIAS;
306;58155988;DIARIA;-261,36;0,00;-261,36;UH: 306 Reserva: 581;19/05/2022;7:49:00;CFIOR;1;HOSPEDE NÃO CONSUMIU;
;57951292;STONE - VISA CREDITO 2;0;801,99;801,99;050685;19/05/2022;17:27:59;CALOLIVEIRA;1;AUTORIZADO PELO GERENT;
1208;57746192;FRIGOBAR;-30;0,00;-30,00;Venda: 75923205;19/05/2022;14:43:30;IGPESSOA;5;ERRO DE LANÇAMENTO;
211;58110747;ESTACIONAMENTO;-25;0,00;-25,00;;19/05/2022;8:03:33;IGPESSOA;1;ERRO DE LANÇAMENTO;
1105;57861005;ESTACIONAMENTO;-25;0,00;-25,00;DCU7B08;19/05/2022;14:49:01;IGPESSOA;1;ERRO DE LANÇAMENTO;
611;58056874;ESTACIONAMENTO;-25;0,00;-25,00;MJT - 981;19/05/2022;0:19:00;RFREITAS;1;HOSPEDE NÃO CONSUMIU;
1105;57899487;ESTACIONAMENTO;-25;0,00;-25,00;ATD - 0715;19/05/2022;1:10:00;RFREITAS;1;LCTO EM DUPLICIDADE;
101;58132996;ESTACIONAMENTO;-25;0,00;-25,00;RDU 551 VOLVO,,;19/05/2022;1:11:00;RFREITAS;1;LCTO EM DUPLICIDADE;
1208;57746192;FRIGOBAR;-20;0,00;-20,00;Venda: 75923207;19/05/2022;14:43:30;IGPESSOA;2;ERRO DE LANÇAMENTO;
306;58155988;ISS;-13,07;0,00;-13,07;;19/05/2022;7:49:00;CFIOR;1;HOSPEDE NÃO CONSUMIU;
1208;57746192;FRIGOBAR;-12;0,00;-12,00;Venda: 75923203;19/05/2022;14:43:30;IGPESSOA;3;ERRO DE LANÇAMENTO;
205;56111738;ISS;-11,92;0,00;-11,92;;19/05/2022;14:23:00;IGPESSOA;1;HOSPEDE NÃO CONSUMIU;
605;57915628;FRIGOBAR;-10;0,00;-10,00;Venda: 75928750;19/05/2022;6:18:00;RFELIZ;1;HOSPEDE NÃO CONSUMIU;
1109;57967202;FRIGOBAR;-8;0,00;-8,00;Venda: 75930459;19/05/2022;13:52:51;CALOLIVEIRA;1;AUTORIZADO PELO GERENT;
1208;57746192;FRIGOBAR;-8;0,00;-8,00;Venda: 75923206;19/05/2022;14:43:30;IGPESSOA;1;ERRO DE LANÇAMENTO;
1208;57746192;FRIGOBAR;-6;0,00;-6,00;Venda: 75923204;19/05/2022;14:43:30;IGPESSOA;1;ERRO DE LANÇAMENTO;
211;58110747;ISS;-1,25;0,00;-1,25;;19/05/2022;8:03:33;IGPESSOA;1;ERRO DE LANÇAMENTO;
1105;57861005;ISS;-1,25;0,00;-1,25;;19/05/2022;14:49:01;IGPESSOA;1;ERRO DE LANÇAMENTO;
611;58056874;ISS;-1,25;0,00;-1,25;;19/05/2022;0:19:00;RFREITAS;1;HOSPEDE NÃO CONSUMIU;
1105;57899487;ISS;-1,25;0,00;-1,25;;19/05/2022;1:10:00;RFREITAS;1;LCTO EM DUPLICIDADE;
101;58132996;ISS;-1,25;0,00;-1,25;;19/05/2022;1:11:00;RFREITAS;1;LCTO EM DUPLICIDADE;
108;57740232;STONE - VISA CREDITO;0;4,00;4,00;415847;19/05/2022;2:57:23;RFREITAS;1;ERRO DE LANÇAMENTO;
609;58054197;STONE - MASTERCARD D;0;60,00;60,00;125975;19/05/2022;3:00:44;RFREITAS;1;ERRO DE LANÇAMENTO;
901;58040536;A FATURAR;0;261,45;261,45;;19/05/2022;8:21:51;IGPESSOA;1;Erro de Laçto;
211;58169288;STONE - MASTERCARD C;0;437,97;437,97;774474;19/05/2022;2:28:00;RFREITAS;1;ERRO DE LANÇAMENTO;
611;57943052;A FATURAR;0;448,35;448,35;;19/05/2022;7:50:50;IGPESSOA;1;Erro de Laçto;
609;56660022;STONE - MASTERCARD C;0;451,66;451,66;675580;19/05/2022;17:58:02;ECSOUSA;1;ERRO DE LANÇAMENTO;
202;57750653;A FATURAR;0;541,80;541,80;;19/05/2022;13:10:23;CALOLIVEIRA;1;Erro de Laçto;
205;56111738;DIARIA;-238,48;0,00;-238,48;REF 17/01;19/05/2022;14:23:00;IGPESSOA;1;HOSPEDE NÃO CONSUMIU;
207;58167889;DAY USE;-415,24;0,00;-415,24;UH: 207 Reserva: 581;20/05/2022;9:22:43;CALOLIVEIRA;1;AUTORIZADO PELO GERENT;
611;58143963;STONE - VISA DEBITO;0;504,64;504,64;434953;20/05/2022;22:59:00;ECSOUSA;1;AUTORIZADO PELO GERENT;
608;58143971;DIARIA NET;-280,35;0,00;-280,35;REF A DIARIA 20.05.;20/05/2022;23:03:00;ECSOUSA;1;AUTORIZADO PELO GERENT;
208;58173889;DIARIA;-240,57;0,00;-240,57;UH: 608 Reserva: 581;20/05/2022;18:45:29;CALOLIVEIRA;1;ERRO DO SISTEMA;
1206;58110496;DIFERENÇA DE DIARIA;-123,5;0,00;-123,50;UH: 1206 Reserva: 58;20/05/2022;6:52:00;RFREITAS;1;ERRO DO SISTEMA;
207;58167889;ISS;-20,76;0,00;-20,76;;20/05/2022;9:22:43;CALOLIVEIRA;1;AUTORIZADO PELO GERENT;
202;58167900;ISS;-19,76;0,00;-19,76;;20/05/2022;9:17:00;CALOLIVEIRA;1;AUTORIZADO PELO GERENT;
305;57913404;FRIGOBAR;-15;0,00;-15,00;Venda: 75930478;20/05/2022;7:45:02;CFIOR;1;HOSPEDE NÃO CONSUMIU;
208;58173889;ISS;-12,03;0,00;-12,03;;20/05/2022;18:45:29;CALOLIVEIRA;1;ERRO DO SISTEMA;
310;58044442;FRIGOBAR;-12;0,00;-12,00;Venda: 75927402;20/05/2022;8:27:07;IGPESSOA;1;HOSPEDE NÃO CONSUMIU;
1206;58110496;ISS;-6,18;0,00;-6,18;;20/05/2022;6:52:00;RFREITAS;1;ERRO DO SISTEMA;
201;57869553;ESTACIONAMENTO;-5;0,00;-5,00;RHI-175 TORO;20/05/2022;4:54:24;RFREITAS;1;ERRO DE LANÇAMENTO;
201;57869553;ESTACIONAMENTO;-5;0,00;-5,00;rhi 175 toro;20/05/2022;4:54:24;RFREITAS;1;ERRO DE LANÇAMENTO;
201;57869553;ESTACIONAMENTO;-5;0,00;-5,00;rhi175;20/05/2022;4:54:24;RFREITAS;1;ERRO DE LANÇAMENTO;
201;57869553;ISS;-0,25;0,00;-0,25;;20/05/2022;4:54:24;RFREITAS;1;ERRO DE LANÇAMENTO;
201;57869553;ISS;-0,25;0,00;-0,25;;20/05/2022;4:54:24;RFREITAS;1;ERRO DE LANÇAMENTO;
201;57869553;ISS;-0,25;0,00;-0,25;;20/05/2022;4:54:24;RFREITAS;1;ERRO DE LANÇAMENTO;
803;57898812;DINHEIRO;0;0,01;0,01;;20/05/2022;7:37:57;IGPESSOA;1;ERRO DE LANÇAMENTO;
901;58040536;STONE - VISA CREDITO;0;26,25;26,25;685558;20/05/2022;14:03:06;ANLGONCALVES;1;ERRO DE LANÇAMENTO;
101;57836779;STONE - VISA CREDITO 2;0;52,50;52,50;072871;20/05/2022;20:48:00;CFIOR;1;ERRO DE LANÇAMENTO;
611;58143963;STONE - VISA DEBITO;0;56,06;56,06;434953;20/05/2022;22:59:00;ECSOUSA;1;AUTORIZADO PELO GERENT;
1207;58142053;STONE - VISA CREDITO;0;126,00;126,00;163090;20/05/2022;13:51:34;ANLGONCALVES;1;ERRO DE LANÇAMENTO;
1202;58131035;STONE - MASTERCARD C;0;241,16;241,16;ro1319;20/05/2022;3:02:00;RFREITAS;1;ERRO DE LANÇAMENTO;
901;58046070;DINHEIRO;0;365,65;365,65;;20/05/2022;8:52:02;CFIOR;1;ERRO DE LANÇAMENTO;
1109;58068341;STONE - MASTERCARD C;0;410,00;410,00;251076;20/05/2022;13:43:00;ANLGONCALVES;1;ERRO DE LANÇAMENTO;
211;58169288;STONE - MASTERCARD C;0;437,98;437,98;161207;20/05/2022;10:14:00;CFIOR;1;ERRO DE LANÇAMENTO;
1203;58153098;STONE - MASTERCARD C;0;466,20;466,20;643433;20/05/2022;3:03:00;RFREITAS;1;ERRO DE LANÇAMENTO;
611;58143963;STONE - VISA DEBITO;0;504,64;504,64;434953;20/05/2022;22:59:00;ECSOUSA;1;AUTORIZADO PELO GERENT;
202;58167900;DAY USE;-395,24;0,00;-395,24;UH: 202 Reserva: 581;20/05/2022;9:17:00;CALOLIVEIRA;1;AUTORIZADO PELO GERENT;
1211;58066071;DIARIA;-30;0,00;-30,00;UH: 1211 Reserva: 58;21/05/2022;23:51:40;RFREITAS;1;ERRO DE LANÇAMENTO;
507;57806071;A FATURAR;0;939,75;939,75;;21/05/2022;7:06:06;RFREITAS;1;Erro de Laçto;
1109;57458197;ESTACIONAMENTO;-25;0,00;-25,00;QCP 4552;21/05/2022;0:14:00;RFREITAS;1;ERRO DE LANÇAMENTO;
1109;57458197;ESTACIONAMENTO;-25;0,00;-25,00;QPC4582;21/05/2022;0:14:00;RFREITAS;1;ERRO DE LANÇAMENTO;
1202;58131035;ESTACIONAMENTO;-12,5;0,00;-12,50;PICASSO ATD 0042;21/05/2022;10:59:27;CALOLIVEIRA;1;AUTORIZADO PELO GERENT;
1202;58131035;ESTACIONAMENTO;-12,5;0,00;-12,50;ONIX FVW 302;21/05/2022;10:59:27;CALOLIVEIRA;1;AUTORIZADO PELO GERENT;
1211;58066071;ISS;-1,5;0,00;-1,50;;21/05/2022;23:51:40;RFREITAS;1;ERRO DE LANÇAMENTO;
1211;58066071;ISS;-1,5;0,00;-1,50;;21/05/2022;23:51:40;RFREITAS;1;ERRO DE LANÇAMENTO;
1109;57458197;ISS;-1,25;0,00;-1,25;;21/05/2022;0:14:00;RFREITAS;1;ERRO DE LANÇAMENTO;
1109;57458197;ISS;-1,25;0,00;-1,25;;21/05/2022;0:14:00;RFREITAS;1;ERRO DE LANÇAMENTO;
1202;58131035;ISS;-0,63;0,00;-0,63;;21/05/2022;10:59:27;CALOLIVEIRA;1;AUTORIZADO PELO GERENT;
1202;58131035;ISS;-0,63;0,00;-0,63;;21/05/2022;10:59:27;CALOLIVEIRA;1;AUTORIZADO PELO GERENT;
1211;58066071;A FATURAR;0;594,30;594,30;;21/05/2022;11:03:06;IGPESSOA;1;Erro de Laçto;
1211;58066071;A FATURAR;0;594,30;594,30;;21/05/2022;23:51:09;RFREITAS;1;Erro de Laçto;
1211;58066071;DIARIA;-30;0,00;-30,00;UH: 1211 Reserva: 58;21/05/2022;23:51:40;RFREITAS;1;ERRO DE LANÇAMENTO;
404;58042563;DIARIA;-79,8;0,00;-79,80;SAIDA AS 18HRS;22/05/2022;12:55:00;RFELIZ;1;ERRO DE LANÇAMENTO;
503;58181687;DIARIA;-10,5;0,00;-10,50;REF DIARIA DIA 23.0;22/05/2022;0:39:04;RFREITAS;1;ERRO DE LANÇAMENTO;
1102;56544359;FRIGOBAR;-8;0,00;-8,00;Venda: 75932141;22/05/2022;9:35:00;CFIOR;1;HOSPEDE NÃO CONSUMIU;
1001;57857008;FRIGOBAR;-8;0,00;-8,00;Venda: 75933319;22/05/2022;9:58:34;RFELIZ;1;HOSPEDE NÃO CONSUMIU;
101;57836779;RT729 RESTAURANTE;-6;0,00;-6,00;NFCe:001397 Série 2;22/05/2022;7:07:00;RFREITAS;1;ERRO NA IMPRESSÃO;
503;58181687;A FATURAR;0;524,46;524,46;;22/05/2022;0:38:28;RFREITAS;1;Erro de Laçto;
108;58085858;FRIGOBAR;-6;0,00;-6,00;Venda: 75933305;22/05/2022;10:52:23;RFELIZ;1;HOSPEDE NÃO CONSUMIU;
404;58042563;ISS;-3,99;0,00;-3,99;;22/05/2022;12:55:00;RFELIZ;1;ERRO DE LANÇAMENTO;
503;58181687;ISS;-0,53;0,00;-0,53;;22/05/2022;0:39:04;RFREITAS;1;ERRO DE LANÇAMENTO;
107;58182225;STONE - MASTERCARD C;0;107,00;107,00;094953;22/05/2022;10:10:25;RFELIZ;1;ERRO DE LANÇAMENTO;
108;58085858;FRIGOBAR;-6;0,00;-6,00;Venda: 75933306;22/05/2022;10:52:07;RFELIZ;1;HOSPEDE NÃO CONSUMIU;
705;57502994;DIARIA;-28;0,00;-28,00;UH: 904 Reserva: 575;23/05/2022;15:14:19;CALOLIVEIRA;1;AUTORIZADO PELO GERENT;
705;57502994;ISS;-1,4;0,00;-1,40;;23/05/2022;15:14:19;CALOLIVEIRA;1;AUTORIZADO PELO GERENT;
101;57836779;STONE - VISA CREDITO;0;26,00;26,00;251544;23/05/2022;23:03:00;CFIOR;1;ERRO DE LANÇAMENTO;
707;58018204;STONE - MASTERCARD C;0;508,12;508,12;235352;23/05/2022;9:16:22;IGPESSOA;1;AUTORIZADO PELO GERENT;
1211;58066071;STONE - MASTERCARD D;0;175,50;175,50;528223;23/05/2022;14:56:00;ANLGONCALVES;1;ERRO DE LANÇAMENTO;
705;58206655;STONE - VISA CREDITO 2;0;246,65;246,65;955888;23/05/2022;15:01:38;ANLGONCALVES;1;ERRO DE LANÇAMENTO;
501;58218319;STONE - VISA DEBITO;0;330,75;330,75;384532;23/05/2022;15:40:23;ANLGONCALVES;1;ERRO DE LANÇAMENTO;
404;58042563;STONE - VISA DEBITO;0;130,00;130,00;762591;23/05/2022;15:36:48;ANLGONCALVES;1;ERRO DE LANÇAMENTO;
906;58176535;DIARIA;-210;0,00;-210,00;UH: 907 Reserva: 581;24/05/2022;7:04:00;RFREITAS;1;ERRO DE LANÇAMENTO;
809;57990816;DIFERENÇA DE DIARIA;-140;0,00;-140,00;CAFÉ A MAIS;24/05/2022;18:43:00;RFELIZ;1;ERRO DE LANÇAMENTO;
809;57990816;DIARIA NET;-140;0,00;-140,00;CAFÉ EXTRA;24/05/2022;18:50:10;RFELIZ;1;ERRO DE LANÇAMENTO;
906;58176535;ISS;-10,5;0,00;-10,50;;24/05/2022;7:04:00;RFREITAS;1;ERRO DE LANÇAMENTO;
1102;58024271;FRIGOBAR;-8;0,00;-8,00;Venda: 75935203;24/05/2022;9:42:00;CALOLIVEIRA;1;AUTORIZADO PELO GERENT;
1102;58024271;FRIGOBAR;-8;0,00;-8,00;Venda: 75935204;24/05/2022;9:42:00;CALOLIVEIRA;1;AUTORIZADO PELO GERENT;
205;57376905;STONE - MASTERCARD D;0;471,00;471,00;592150;24/05/2022;11:59:00;IGPESSOA;1;ERRO DE LANÇAMENTO;
101;57836779;STONE - VISA CREDITO;0;26,00;26,00;261644;24/05/2022;13:57:40;ANLGONCALVES;1;ERRO DE LANÇAMENTO;
1201;57815666;STONE - VISA DEBITO;0;53,00;53,00;145957;24/05/2022;13:06:30;ANLGONCALVES;1;ERRO DE LANÇAMENTO;
301;58113878;STONE - VISA DEBITO;0;65,00;65,00;201847;24/05/2022;13:11:58;ANLGONCALVES;1;ERRO DE LANÇAMENTO;
1211;58066071;STONE - MASTERCARD C;0;175,50;175,50;628223;24/05/2022;13:45:00;ANLGONCALVES;1;ERRO DE LANÇAMENTO;
108;58176357;STONE - VISA DEBITO;0;283,50;283,50;779509;24/05/2022;1:34:00;RFREITAS;1;LCTO EM DUPLICIDADE;
1005;58024328;A FATURAR;0;375,90;375,90;;24/05/2022;0:24:43;RFREITAS;1;Erro de Laçto;
809;57990816;ISS;-7;0,00;-7,00;;24/05/2022;18:43:00;RFELIZ;1;ERRO DE LANÇAMENTO;
911;58176608;ESTACIONAMENTO;-5;0,00;-5,00;RXK-299 RANGER;25/05/2022;12:49:00;CALOLIVEIRA;1;AUTORIZADO PELO GERENT;
911;58176608;ISS;-0,25;0,00;-0,25;;25/05/2022;12:49:00;CALOLIVEIRA;1;AUTORIZADO PELO GERENT;
202;57848009;STONE - MASTERCARD D;0;10,00;10,00;084551;25/05/2022;11:49:00;IGPESSOA;1;ERRO DE LANÇAMENTO;
202;57848009;STONE - MASTERCARD C;0;10,00;10,00;084551;25/05/2022;1:18:45;RFELIZ;1;ERRO DE LANÇAMENTO;
105;57785694;STONE - VISA CREDITO;0;512,10;512,10;648936;25/05/2022;1:21:49;RFELIZ;1;ERRO DE LANÇAMENTO;
703;58176411;STONE - VISA DEBITO;0;140,70;140,70;383735;25/05/2022;1:24:00;RFELIZ;1;ERRO DE LANÇAMENTO;
;58267379;STONE - MASTERCARD C;0;181,35;181,35;010118;25/05/2022;14:55:30;CALOLIVEIRA;1;AUTORIZADO PELO GERENT;
1208;58176438;VLEC  STONE - ELO CREDITO;0;220,50;220,50;429258;25/05/2022;13:35:00;ANLGONCALVES;1;ERRO DE LANÇAMENTO;
511;58063048;STONE - MASTERCARD C;0;495,56;495,56;088523;25/05/2022;14:48:45;CALOLIVEIRA;1;AUTORIZADO PELO GERENT;
601;58034277;STONE - VISA CREDITO;0;94,50;94,50;540852;25/05/2022;1:23:00;RFELIZ;1;ERRO DE LANÇAMENTO;
601;58034277;DIFERENÇA DE DIARIA;-174,2;0,00;-174,20;UH: 202;26/05/2022;0:48:00;RFREITAS;1;ERRO DO SISTEMA;
309;57804389;A FATURAR;0;630,00;630,00;;26/05/2022;15:25:54;LPADOVINO;1;Erro de Laçto;
601;58034277;ISS;-8,71;0,00;-8,71;;26/05/2022;0:48:00;RFREITAS;1;ERRO DO SISTEMA;
1005;58156860;FRIGOBAR;-8;0,00;-8,00;Venda: 75938036;26/05/2022;7:56:17;ECSOUSA;1;HOSPEDE NÃO CONSUMIU;
1005;58024328;ISS;-2,5;0,00;-2,50;;26/05/2022;17:22:51;CFIOR;1;ERRO DE LANÇAMENTO;
109;57814376;DIARIA;-0,02;0,00;-0,02;UH: 109 Reserva: 578;26/05/2022;4:10:07;RFELIZ;1;CORTESIA DE DIÁRIAS;
109;57814376;ISS;0;0,00;0,00;;26/05/2022;4:10:07;RFELIZ;1;CORTESIA DE DIÁRIAS;
905;57777748;STONE - MASTERCARD C;0;10,00;10,00;038444;26/05/2022;1:05:51;RFREITAS;1;ERRO DE LANÇAMENTO;
608;58157484;STONE - MASTERCARD C;0;12,00;12,00;202173;26/05/2022;1:08:12;RFREITAS;1;ERRO DE LANÇAMENTO;
1005;58024328;STONE - MASTERCARD C;0;52,50;52,50;062774;26/05/2022;17:22:51;CFIOR;1;ERRO DE LANÇAMENTO;
905;57777748;A FATURAR;0;148,00;148,00;;26/05/2022;14:22:10;CALOLIVEIRA;1;Erro de Laçto;
204;57960577;A FATURAR;0;149,10;149,10;;26/05/2022;15:52:35;CALOLIVEIRA;1;Erro de Laçto;
1003;58007814;A FATURAR;0;252,00;252,00;;26/05/2022;15:29:49;LPADOVINO;1;Erro de Laçto;
905;57777748;A FATURAR;0;344,40;344,40;;26/05/2022;14:22:10;CALOLIVEIRA;1;Erro de Laçto;
904;58111042;A FATURAR;0;392,45;392,45;;26/05/2022;7:39:45;IGPESSOA;1;Erro de Laçto;
109;57814376;A FATURAR;0;496,14;496,14;;26/05/2022;4:09:30;RFELIZ;1;Erro de Laçto;
1011;58084096;STONE - VISA CREDITO;0;579,60;579,60;579764;26/05/2022;1:14:00;RFREITAS;1;ERRO DE LANÇAMENTO;
1109;58048960;STONE - MASTERCARD C;0;595,35;595,35;431677;26/05/2022;1:11:00;RFREITAS;1;ERRO DE LANÇAMENTO;
1209;57804397;A FATURAR;0;630,00;630,00;;26/05/2022;15:15:46;LPADOVINO;1;Erro de Laçto;
1005;58024328;ESTACIONAMENTO;-50;0,00;-50,00;ref a est pendente;26/05/2022;17:22:51;CFIOR;1;ERRO DE LANÇAMENTO;
911;58293582;DIARIA NET;-470;0,00;-470,00;UH: 911 Reserva: 582;27/05/2022;18:50:00;CFIOR;1;ERRO DO SISTEMA;
109;57850003;A FATURAR;0;470,40;470,40;;27/05/2022;14:28:46;LPADOVINO;1;Erro de Laçto;
809;57990816;DIFERENÇA DE DIARIA;-90;0,00;-90,00;UH: 809;27/05/2022;13:45:16;CALOLIVEIRA;1;AUTORIZADO PELO GERENT;
809;57990816;DIFERENÇA DE DIARIA;-90;0,00;-90,00;UH: 809 Reserva: 579;27/05/2022;13:45:16;CALOLIVEIRA;1;AUTORIZADO PELO GERENT;
809;57990816;DIFERENÇA DE DIARIA;-90;0,00;-90,00;UH: 809 Reserva: 579;27/05/2022;13:45:16;CALOLIVEIRA;1;AUTORIZADO PELO GERENT;
809;57990816;DIFERENÇA DE DIARIA;-90;0,00;-90,00;UH: 809 Reserva: 579;27/05/2022;13:45:16;CALOLIVEIRA;1;AUTORIZADO PELO GERENT;
106;58176349;DIFERENÇA DE DIARIA;-30;0,00;-30,00;UH: 106 Reserva: 581;27/05/2022;10:01:00;IGPESSOA;1;AUTORIZADO PELO GERENT;
106;58176349;DIFERENÇA DE DIARIA;-30;0,00;-30,00;ref a visita jaqueline;27/05/2022;10:01:00;IGPESSOA;1;AUTORIZADO PELO GERENT;
106;58176349;DIFERENÇA DE DIARIA;-30;0,00;-30,00;UH: 106 Reserva: 581;27/05/2022;10:01:00;IGPESSOA;1;AUTORIZADO PELO GERENT;
1208;58176438;DIFERENÇA DE DIARIA;-30;0,00;-30,00;;27/05/2022;10:02:34;IGPESSOA;1;AUTORIZADO PELO GERENT;
;;FRIGOBAR;-18;0,00;-18,00;Venda: 75938038;27/05/2022;19:36:47;CALOLIVEIRA;3;HOSPEDE NÃO CONSUMIU;
903;57442487;FRIGOBAR;-12;0,00;-12,00;Venda: 75940569;27/05/2022;7:00:00;IGPESSOA;2;HOSPEDE NÃO CONSUMIU;
;;FRIGOBAR;-12;0,00;-12,00;Venda: 75939769;27/05/2022;19:36:47;CALOLIVEIRA;2;HOSPEDE NÃO CONSUMIU;
705;57502994;FRIGOBAR;-8;0,00;-8,00;Venda: 75939779;27/05/2022;6:28:00;RFREITAS;1;HOSPEDE NÃO CONSUMIU;
;;FRIGOBAR;-6;0,00;-6,00;Venda: 75936446;27/05/2022;19:36:46;CALOLIVEIRA;1;HOSPEDE NÃO CONSUMIU;
404;57965242;FRIGOBAR;-5;0,00;-5,00;Venda: 75939791;27/05/2022;8:22:47;IGPESSOA;1;HOSPEDE NÃO CONSUMIU;
;;ESTACIONAMENTO;-5;0,00;-5,00;rlj 772;27/05/2022;19:39:02;CALOLIVEIRA;1;AUTORIZADO PELO GERENT;
;;ESTACIONAMENTO;-5;0,00;-5,00;RXK-2C99;27/05/2022;19:39:02;CALOLIVEIRA;1;AUTORIZADO PELO GERENT;
;;ESTACIONAMENTO;-5;0,00;-5,00;RLJ772;27/05/2022;19:39:03;CALOLIVEIRA;1;AUTORIZADO PELO GERENT;
;;ESTACIONAMENTO;-5;0,00;-5,00;**RXK299;27/05/2022;19:39:03;CALOLIVEIRA;1;AUTORIZADO PELO GERENT;
;;ESTACIONAMENTO;-5;0,00;-5,00;RLE042;27/05/2022;19:39:03;CALOLIVEIRA;1;AUTORIZADO PELO GERENT;
809;57990816;ISS;-4,5;0,00;-4,50;;27/05/2022;13:45:16;CALOLIVEIRA;1;AUTORIZADO PELO GERENT;
809;57990816;ISS;-4,5;0,00;-4,50;;27/05/2022;13:45:16;CALOLIVEIRA;1;AUTORIZADO PELO GERENT;
809;57990816;ISS;-4,5;0,00;-4,50;;27/05/2022;13:45:16;CALOLIVEIRA;1;AUTORIZADO PELO GERENT;
809;57990816;ISS;-4,5;0,00;-4,50;;27/05/2022;13:45:16;CALOLIVEIRA;1;AUTORIZADO PELO GERENT;
408;58176322;FRIGOBAR;-4;0,00;-4,00;Venda: 75938053;27/05/2022;19:59:48;CALOLIVEIRA;1;AUTORIZADO PELO GERENT;
106;58176349;ISS;-1,5;0,00;-1,50;;27/05/2022;10:01:00;IGPESSOA;1;AUTORIZADO PELO GERENT;
106;58176349;ISS;-1,5;0,00;-1,50;;27/05/2022;10:01:00;IGPESSOA;1;AUTORIZADO PELO GERENT;
106;58176349;ISS;-1,5;0,00;-1,50;;27/05/2022;10:01:00;IGPESSOA;1;AUTORIZADO PELO GERENT;
1208;58176438;ISS;-1,5;0,00;-1,50;;27/05/2022;10:02:34;IGPESSOA;1;AUTORIZADO PELO GERENT;
;;ISS;-0,25;0,00;-0,25;;27/05/2022;19:39:02;CALOLIVEIRA;1;AUTORIZADO PELO GERENT;
;;ISS;-0,25;0,00;-0,25;;27/05/2022;19:39:03;CALOLIVEIRA;1;AUTORIZADO PELO GERENT;
;;ISS;-0,25;0,00;-0,25;;27/05/2022;19:39:03;CALOLIVEIRA;1;AUTORIZADO PELO GERENT;
;;ISS;-0,25;0,00;-0,25;;27/05/2022;19:39:03;CALOLIVEIRA;1;AUTORIZADO PELO GERENT;
;;ISS;-0,25;0,00;-0,25;;27/05/2022;19:39:03;CALOLIVEIRA;1;AUTORIZADO PELO GERENT;
106;58176349;STONE - ELO DEBITO;0;35,50;35,50;442801;27/05/2022;23:27:00;CALOLIVEIRA;1;ERRO DE LANÇAMENTO;
1105;57899053;A FATURAR;0;362,25;362,25;;27/05/2022;0:51:42;RFREITAS;1;Erro de Laçto;
308;58176365;A FATURAR;0;378,00;378,00;;27/05/2022;19:15:30;CALOLIVEIRA;1;Erro de Laçto;
306;58176373;A FATURAR;0;378,00;378,00;;27/05/2022;19:19:32;CALOLIVEIRA;1;Erro de Laçto;
907;57447640;DIARIA NET;-470;0,00;-470,00;UH: 907 Reserva: 574;27/05/2022;2:19:00;RFREITAS;1;ERRO DO SISTEMA;
907;57447640;DIARIA NET;-470;0,00;-470,00;UH: 907 Reserva: 574;28/05/2022;1:02:00;RFREITAS;1;ERRO DO SISTEMA;
408;58318283;STONE - VISA CREDITO;0;326,55;326,55;350961;28/05/2022;0:35:00;RFREITAS;1;ERRO DE LANÇAMENTO;
601;58034277;DIFERENÇA DE DIARIA;-174,2;0,00;-174,20;UH: 601 Reserva: 580;28/05/2022;8:00:00;RFELIZ;1;ERRO DE LANÇAMENTO;
806;58276610;NO SHOW;-31,5;0,00;-31,50;REF A 25.05;28/05/2022;20:15:13;CALOLIVEIRA;1;AUTORIZADO PELO GERENT;
1106;58290176;ESTACIONAMENTO;-25;0,00;-25,00;RUB788;28/05/2022;0:25:00;RFREITAS;1;LCTO EM DUPLICIDADE;
601;58034277;ISS;-8,71;0,00;-8,71;;28/05/2022;8:00:00;RFELIZ;1;ERRO DE LANÇAMENTO;
601;58034277;ISS;-8,71;0,00;-8,71;;28/05/2022;8:00:00;RFELIZ;1;ERRO DE LANÇAMENTO;
1010;58237267;FRIGOBAR;-8;0,00;-8,00;Venda: 75942342;28/05/2022;12:09:07;CALOLIVEIRA;1;AUTORIZADO PELO GERENT;
806;58276610;ISS;-1,58;0,00;-1,58;;28/05/2022;20:15:13;CALOLIVEIRA;1;AUTORIZADO PELO GERENT;
1106;58290176;ISS;-1,25;0,00;-1,25;;28/05/2022;0:25:00;RFREITAS;1;LCTO EM DUPLICIDADE;
903;58312781;STONE - MASTERCARD C;0;43,00;43,00;650847;28/05/2022;15:37:00;RFELIZ;1;ERRO DE LANÇAMENTO;
903;58312781;STONE - MASTERCARD D;0;43,00;43,00;650847;28/05/2022;15:38:00;RFELIZ;1;ERRO DE LANÇAMENTO;
302;58163921;STONE - VISA CREDITO;0;253,03;253,03;052578;28/05/2022;13:26:00;RFELIZ;1;ERRO DE LANÇAMENTO;
307;58017402;STONE - MASTERCARD C;0;259,47;259,47;578425;28/05/2022;0:31:00;RFREITAS;1;ERRO DE LANÇAMENTO;
601;58034277;DIFERENÇA DE DIARIA;-174,2;0,00;-174,20;UH: 601 Reserva: 580;28/05/2022;8:00:00;RFELIZ;1;ERRO DE LANÇAMENTO;
106;58278842;DIARIA;-0,01;0,00;-0,01;UH: 106 Reserva: 582;29/05/2022;8:12:38;RFELIZ;1;CORTESIA DE DIÁRIAS;
106;58278842;ISS;0;0,00;0,00;;29/05/2022;8:12:38;RFELIZ;1;CORTESIA DE DIÁRIAS;
1005;58225803;STONE - ELO DEBITO;0;143,87;143,87;014682;29/05/2022;15:35:00;RFELIZ;1;ERRO DE LANÇAMENTO;
;;STONE - ELO DEBITO;0;0,01;0,01;014682;29/05/2022;2:20:44;RFREITAS;1;ERRO DE LANÇAMENTO;
;;STONE - MASTERCARD D;0;0,01;0,01;014682;29/05/2022;15:37:05;RFELIZ;1;ERRO DE LANÇAMENTO;
1206;58013784;DIARIA;-294;0,00;-294,00;UH: 1206 Reserva: 58;30/05/2022;13:54:08;LPADOVINO;1;ERRO DE LANÇAMENTO;
411;58233792;STONE - VISA CREDITO;0;475,34;475,34;145926;30/05/2022;15:07:40;ANLGONCALVES;1;ERRO DE LANÇAMENTO;
505;58325328;NO SHOW;-184,8;0,00;-184,80;;30/05/2022;11:00:00;CALOLIVEIRA;1;AUTORIZADO PELO GERENT;
603;58314377;DIARIA NET;-130,71;0,00;-130,71;UH: 603 Reserva: 583;30/05/2022;11:40:00;CALOLIVEIRA;1;AUTORIZADO PELO GERENT;
603;58314377;LATE CHECKOUT;-124,5;0,00;-124,50;LATE CHECK OUT A;30/05/2022;11:40:00;CALOLIVEIRA;1;AUTORIZADO PELO GERENT;
308;57882231;ESTACIONAMENTO;-25;0,00;-25,00;rnj 118 ,;30/05/2022;0:43:00;RFELIZ;1;LCTO EM DUPLICIDADE;
101;57764514;FRIGOBAR;-18;0,00;-18,00;Venda: 75945056;30/05/2022;19:40:18;CFIOR;3;ERRO DO SISTEMA;
1101;58041087;FRIGOBAR;-16;0,00;-16,00;Venda: 75944029;30/05/2022;9:34:12;IGPESSOA;2;HOSPEDE NÃO CONSUMIU;
1206;58013784;ISS;-14,7;0,00;-14,70;;30/05/2022;13:54:08;LPADOVINO;1;ERRO DE LANÇAMENTO;
101;57764514;ISS;-11,62;0,00;-11,62;;30/05/2022;19:45:47;CFIOR;1;ERRO DE LANÇAMENTO;
205;58339299;ESTACIONAMENTO;-10;0,00;-10,00;rto - 0i81;30/05/2022;21:56:00;ECSOUSA;1;ERRO DE LANÇAMENTO;
505;58325328;ISS;-9,24;0,00;-9,24;;30/05/2022;11:00:00;CALOLIVEIRA;1;AUTORIZADO PELO GERENT;
603;58314377;ISS;-6,22;0,00;-6,22;;30/05/2022;11:40:00;CALOLIVEIRA;1;AUTORIZADO PELO GERENT;
308;57882231;ISS;-1,25;0,00;-1,25;;30/05/2022;0:43:00;RFELIZ;1;LCTO EM DUPLICIDADE;
205;58339299;ISS;-0,5;0,00;-0,50;;30/05/2022;21:56:00;ECSOUSA;1;ERRO DE LANÇAMENTO;
1105;58260668;STONE - MASTERCARD C;0;19,41;19,41;193591;30/05/2022;9:21:56;IGPESSOA;1;ERRO DE LANÇAMENTO;
604;57956502;STONE - VISA CREDITO;0;50,00;50,00;824231;30/05/2022;14:03:05;ANLGONCALVES;1;ERRO DE LANÇAMENTO;
306;58176373;STONE - VISA DEBITO;0;64,50;64,50;855278;30/05/2022;13:56:45;ANLGONCALVES;1;ERRO DE LANÇAMENTO;
;;STONE - MASTERCARD D;0;105,00;105,00;494854;30/05/2022;16:10:21;ANLGONCALVES;1;ERRO DE LANÇAMENTO;
603;58314377;STONE - MASTERCARD D;0;130,71;130,71;010554;30/05/2022;16:12:00;ANLGONCALVES;1;ERRO DE LANÇAMENTO;
1005;58225803;STONE - MASTERCARD D;0;143,87;143,87;014682;30/05/2022;16:00:28;ANLGONCALVES;1;ERRO DE LANÇAMENTO;
1102;57915229;A FATURAR;0;172,20;172,20;;30/05/2022;12:57:47;LPADOVINO;1;Erro de Laçto;
1102;57999031;A FATURAR;0;172,20;172,20;;30/05/2022;13:04:30;LPADOVINO;1;Erro de Laçto;
1106;58290176;STONE - MASTERCARD D;0;230,30;230,30;EVF9X6;30/05/2022;14:06:26;ANLGONCALVES;1;ERRO DE LANÇAMENTO;
1106;58290176;STONE - MASTERCARD C;0;230,30;230,30;631676;30/05/2022;14:11:05;ANLGONCALVES;1;ERRO DE LANÇAMENTO;
307;58017402;STONE - MASTERCARD C;0;259,47;259,47;578425;30/05/2022;15:03:47;ANLGONCALVES;1;ERRO DE LANÇAMENTO;
1206;58013784;A FATURAR;0;308,70;308,70;;30/05/2022;13:52:17;LPADOVINO;1;Erro de Laçto;
605;57915628;A FATURAR;0;344,40;344,40;;30/05/2022;12:52:02;LPADOVINO;1;Erro de Laçto;
;58340211;STONE - MASTERCARD C;0;421,05;421,05;T27037;30/05/2022;19:15:02;CALOLIVEIRA;1;AUTORIZADO PELO GERENT;
101;57764514;DIARIA;-232,47;0,00;-232,47;;30/05/2022;19:45:47;CFIOR;1;ERRO DE LANÇAMENTO;
702;58141723;DIFERENÇA DE DIARIA;-30;0,00;-30,00;VISITA.;31/05/2022;9:21:21;IGPESSOA;1;ERRO DE LANÇAMENTO;
;58348956;STONE - VISA CREDITO;0;485,69;485,69;038776;31/05/2022;11:49:07;CALOLIVEIRA;1;AUTORIZADO PELO GERENT;
406;58299823;STONE - MASTERCARD D;0;8,00;8,00;451988;31/05/2022;1:43:03;RFREITAS;1;ERRO DE LANÇAMENTO;
702;;  ISS;-2;0,00;-1,50;;01/06/2022;9:21:22;IGPESSOA;1;ERRO DE LANÇAMENTO;
